12:58:50 INFO  [Main] [Geode]: Running Geode v5.10.1 in Geometry Dash v2.2081 on Android64
12:58:50 INFO  [Main] [Geode]: Loader commit: 7e41336, Bindings commit: 7f6c2a75
12:58:50 INFO  [Main] [Geode]: Setting up internal mod
12:58:50 INFO  [Main] [Geode]: Setting up loader
12:58:50 INFO  [Main] [Geode]:   Loading launch arguments
12:58:50 INFO  [Main] [Geode]:   Setting up crash handler
12:58:50 INFO  [Main] [Geode]:   Loading hooks
12:58:50 DEBUG [Main] [Geode]:     Enabled cocos2d::CCFileUtils::fullPathForFilename hook at 0x71c51f6f2c for geode.loader
12:58:50 DEBUG [Main] [Geode]:     Enabled cocos2d::CCFileUtils::sharedFileUtils hook at 0x71c51fb430 for geode.loader
12:58:50 DEBUG [Main] [Geode]:     Enabled cocos2d::CCKeyboardDispatcher::keyToString hook at 0x71c52300b4 for geode.loader
12:58:50 DEBUG [Main] [Geode]:     Enabled __cxxabiv1::__class_type_info::can_catch hook at 0x71c53bbd40 for geode.loader
12:58:50 DEBUG [Main] [Geode]:     Enabled base64Decode hook at 0x71c5210768 for geode.loader
12:58:50 DEBUG [Main] [Geode]:     Enabled __cxa_thread_atexit hook at 0x71c53bbb30 for geode.loader
12:58:50 DEBUG [Main] [Geode]:     Enabled cocos2d::CCConfiguration::gatherGPUInfo hook at 0x71c519f7d8 for geode.loader
12:58:50 DEBUG [Main] [Geode]:     Enabled cocos2d::CCDrawNode::init hook at 0x71c51c90a0 for geode.loader
12:58:50 DEBUG [Main] [Geode]:     Enabled cocos2d::CCMenuItem::activate hook at 0x71c51e520c for geode.loader
12:58:50 DEBUG [Main] [Geode]:     Enabled cocos2d::CCMenu::ccTouchEnded hook at 0x71c51e17d8 for geode.loader
12:58:50 DEBUG [Main] [Geode]:     Enabled cocos2d::CCMenu::initWithArray hook at 0x71c51e2ee0 for geode.loader
12:58:50 DEBUG [Main] [Geode]:     Enabled cocos2d::CCScene::getHighestChildZ hook at 0x71c51dc778 for geode.loader
12:58:50 DEBUG [Main] [Geode]:     Enabled FMOD::System::init hook at 0x71c6f7b7a4 for geode.loader
12:58:50 DEBUG [Main] [Geode]:     Enabled FMOD::ChannelControl::setVolume hook at 0x71c6f6e5f4 for geode.loader
12:58:50 DEBUG [Main] [Geode]:     Enabled cocos2d::CCSprite::initWithFile hook at 0x71c5204c7c for geode.loader
12:58:50 DEBUG [Main] [Geode]:     Enabled cocos2d::CCSprite::initWithSpriteFrame hook at 0x71c5204ce0 for geode.loader
12:58:50 DEBUG [Main] [Geode]:     Enabled cocos2d::CCSprite::createWithSpriteFrameName hook at 0x71c5205dec for geode.loader
12:58:50 DEBUG [Main] [Geode]:     Enabled cocos2d::CCSprite::initWithSpriteFrameName hook at 0x71c5204ac4 for geode.loader
12:58:50 DEBUG [Main] [Geode]:     Enabled cocos2d::CCSprite::create hook at 0x71c5205c84 for geode.loader
12:58:50 DEBUG [Main] [Geode]:     Enabled cocos2d::CCSpriteFrameCache::spriteFrameByName hook at 0x71c520ace0 for geode.loader
12:58:50 DEBUG [Main] [Geode]:     Enabled cocos2d::CCSpriteBatchNode::initWithTexture hook at 0x71c52081d0 for geode.loader
12:58:50 DEBUG [Main] [Geode]:     Enabled cocos2d::CCDirector::purgeDirector hook at 0x71c51c714c for geode.loader
12:58:50 DEBUG [Main] [Geode]:     Enabled GameManager::reloadAllStep5 hook at 0x71c4cd80dc for geode.loader
12:58:50 DEBUG [Main] [Geode]:     Enabled cocos2d::CCNode::setUserObject hook at 0x71c51bae90 for geode.loader
12:58:50 DEBUG [Main] [Geode]:     Enabled cocos2d::CCNode::getUserObject hook at 0x71c51ba9a8 for geode.loader
12:58:50 DEBUG [Main] [Geode]:     Enabled LevelPage::onPlay hook at 0x71c4e8c694 for geode.loader
12:58:50 DEBUG [Main] [Geode]:     Enabled MoreOptionsLayer::onKeybindings hook at 0x71c4ebc144 for geode.loader
12:58:50 DEBUG [Main] [Geode]:     Enabled LoadingLayer::loadAssets hook at 0x71c4cb4530 for geode.loader
12:58:50 DEBUG [Main] [Geode]:     Enabled LoadingLayer::init hook at 0x71c4cb51f4 for geode.loader
12:58:50 DEBUG [Main] [Geode]:     Enabled MenuLayer::init hook at 0x71c4cb2e7c for geode.loader
12:58:51 DEBUG [Main] [Geode]:     Enabled ProfilePage::getUserInfoFinished hook at 0x71c4fef09c for geode.loader
12:58:51 DEBUG [Main] [Geode]:     Enabled cocos2d::CCDirector::willSwitchToScene hook at 0x71c51c6c28 for geode.loader
12:58:51 DEBUG [Main] [Geode]:     Enabled cocos2d::CCDirector::popToSceneStackLevel hook at 0x71c51c7020 for geode.loader
12:58:51 DEBUG [Main] [Geode]:     Enabled cocos2d::CCDirector::popScene hook at 0x71c51c6eec for geode.loader
12:58:51 DEBUG [Main] [Geode]:     Enabled AppDelegate::trySaveGame hook at 0x71c4caddb8 for geode.loader
12:58:51 DEBUG [Main] [Geode]:     Enabled FileOperation::getFilePath hook at 0x71c523148c for geode.loader
12:58:51 DEBUG [Main] [Geode]:     Enabled cocos2d::CCScheduler::update hook at 0x71c51a267c for geode.loader
12:58:51 DEBUG [Main] [Geode]:     Enabled CCTextInputNode::ccTouchBegan hook at 0x71c4c955d0 for geode.loader
12:58:51 DEBUG [Main] [Geode]:     Enabled LoadingLayer::loadAssets hook at 0x71c4cb4530 for geode.loader
12:58:51 INFO  [Main] [Geode]:   Setting up directories
12:58:51 DEBUG [Main] [Geode]:     Creating necessary directories
12:58:51 DEBUG [Main] [Geode]:     Removing unnecessary directories
12:58:51 DEBUG [Main] [Geode]:     Adding search paths
12:58:51 DEBUG [Main] [Geode]:   Enabled __dynamic_cast hook at 0x71c53bbefc for geode.loader
12:58:51 INFO  [Main] [Geode]:   Refreshing mod graph
12:58:51 INFO  [Main] [Geode]:     Queueing mods
12:58:51 DEBUG [Main] [Geode]:       Searching /storage/emulated/0/Android/media/com.geode.launcher/game/geode/mods
12:58:51 DEBUG [Main] [Geode]:         Found imix.geode
12:58:51 DEBUG [Main] [Geode]:           id: imix
12:58:51 DEBUG [Main] [Geode]:           version: v1.0.0
12:58:51 DEBUG [Main] [Geode]:           early: no
12:58:51 INFO  [Main] [Geode]:     Populating mod list
12:58:51 DEBUG [Main] [Geode]:       imix v1.0.0
12:58:51 INFO  [Main] [Geode]:     Building mod graph
12:58:51 DEBUG [Main] [Geode]:       imix
12:58:51 DEBUG [Main] [Geode]:         geode.loader
12:58:51 DEBUG [Main] [Geode]:       geode.loader
12:58:51 INFO  [Main] [Geode]:     Ordering mod stack
12:58:51 DEBUG [Main] [Geode]:       imix [0]
12:58:51 INFO  [Main] [Geode]:     Loading early mods
12:58:51 DEBUG [Main] [Geode]:     Took 0.029s. Continuing next frame...
12:58:51 DEBUG [Main] [Geode]: Setting up IPC
12:58:51 DEBUG [Main] [Geode]:   IPC is not supported on this platform!
12:58:51 INFO  [Main] [Geode]: Starting loader update check
12:58:51 INFO  [Main] [Geode]: Entry took 0.222s
12:58:53 INFO  [Main] [Geode]: Loading non-early mods
12:58:53 DEBUG [Main] [Geode]: Continuing mod graph refresh...
12:58:53 INFO  [Main] [Geode]:   Loading mod imix v1.0.0
12:58:53 DEBUG [arc-blocki>] [G>]: Unzipping .geode file
12:58:53 DEBUG [arc-blocki>] [G>]: Hash mismatch detected, unzipping
12:58:53 DEBUG [arc-worker-3] [Geode]: IPv6 probe failed (connect): Network is unreachable (OS error 101)
12:58:53 DEBUG [Main] [Geode]:     Loading binary
12:58:53 DEBUG [Main] [Geode]:     Loading binary for mod imix
12:58:53 DEBUG [Main] [Geode]:     Enabled PlayLayer::destroyPlayer hook at 0x71c4cc1ae8 for imix
12:58:53 DEBUG [Main] [Geode]:     Enabled MenuLayer::init hook at 0x71c4cb2e7c for imix
12:58:53 DEBUG [Main] [Geode]:     Enabled PauseLayer::customSetup hook at 0x71c4db793c for imix
12:58:53 DEBUG [Main] [Geode]: Took 0.042s
12:58:53 DEBUG [Main] [Geode]: Continuing mod graph refresh...
12:58:53 INFO  [Main] [Geode]:   Finding problems
12:58:53 DEBUG [Main] [Geode]:     imix
12:58:53 DEBUG [Main] [Geode]:     geode.loader
12:58:53 DEBUG [Main] [Geode]:   Took 0s
12:58:53 DEBUG [Main] [Geode]: Verifying Loader Resources
12:58:53 DEBUG [Main] [Geode]: Loading Loader Resources
12:58:53 DEBUG [Main] [Geode]: Loading mod resources
12:58:53 DEBUG [Main] [Geode]: Adding resources
12:58:53 DEBUG [Main] [Geode]:   geode.loader
12:58:53 DEBUG [Main] [Geode]:     Adding sheet geode.loader/LogoSheet
12:58:53 DEBUG [Main] [Geode]:     Adding sheet geode.loader/APISheet
12:58:53 DEBUG [Main] [Geode]:     Adding sheet geode.loader/BlankSheet
12:58:53 DEBUG [Main] [Geode]:     Adding sheet geode.loader/EventSheet
12:58:53 DEBUG [arc-worker-0] [Geode]: Switching to Cloudflare for DNS resolution
12:58:54 DEBUG [arc-worker-1] [Geode]: DNS server Cloudflare: score 20.808
12:58:54 DEBUG [arc-worker-1] [Geode]: DNS server Google: score 0.000
12:58:54 DEBUG [arc-worker-1] [Geode]: DNS server Cloudflare DoH: score 0.000
12:58:54 DEBUG [arc-worker-1] [Geode]: DNS server System: score 13.268
12:58:54 ERROR [Main] [Geode]: Failed to fetch updates Unable to parse response: [ServerLoaderDownload]: invalid type null, expected object
12:58:55 DEBUG [Main] [Geode]: Enabled cocos2d::CCMenu::removeAllChildren hook at 0x71c19b2c64 for geode.loader
12:58:55 DEBUG [Main] [Geode]: Enabled cocos2d::CCMenu::removeAllChildren hook at 0x71c19b2c64 for geode.loader
12:58:55 INFO  [Main] [Geode]: All mods up to date!
12:59:35 INFO  [Main] [Imix]: [ImixAI][RESET] persistent error memory and planner state cleared
12:59:35 INFO  [Main] [Imix]: [ImixAI][RESET] persistent error memory and planner state cleared
12:59:36 INFO  [Main] [Imix]: [ImixAI][RESET] persistent error memory and planner state cleared
12:59:36 INFO  [Main] [Imix]: [ImixAI][RESET] persistent error memory and planner state cleared
12:59:37 INFO  [Main] [Imix]: [ImixAI][RESET] persistent error memory and planner state cleared
12:59:39 WARN  [Main] [Imix]: [ImixAI][FAIL] x=1.3 y=105.0 same-region=false -> candidate=CENTER plan=0 errors=1/4
12:59:39 INFO  [Main] [Imix]: [ImixAI][ROLLBACK] no safe checkpoint yet; returned to x=0
12:59:39 INFO  [Main] [Imix]: [ImixAI][SEARCH] phase=LEARNED FAILURE -> SEARCHING ALTERNATIVE x=0.0 y=105.0 plan=0 candidate=CENTER failures=1 budget=4 checkpoint=0.0
12:59:39 WARN  [Main] [Imix]: [ImixAI][FAIL] x=1.3 y=105.0 same-region=true -> candidate=EARLY plan=1 errors=2/5
12:59:39 INFO  [Main] [Imix]: [ImixAI][ROLLBACK] no safe checkpoint yet; returned to x=0
12:59:39 INFO  [Main] [Imix]: [ImixAI][SEARCH] phase=LEARNED FAILURE -> SEARCHING ALTERNATIVE x=0.0 y=105.0 plan=1 candidate=EARLY failures=2 budget=5 checkpoint=0.0
12:59:39 WARN  [Main] [Imix]: [ImixAI][FAIL] x=1.3 y=105.0 same-region=true -> candidate=LATE plan=2 errors=3/5
12:59:39 INFO  [Main] [Imix]: [ImixAI][ROLLBACK] no safe checkpoint yet; returned to x=0
12:59:39 INFO  [Main] [Imix]: [ImixAI][SEARCH] phase=LEARNED FAILURE -> SEARCHING ALTERNATIVE x=0.0 y=105.0 plan=2 candidate=LATE failures=3 budget=5 checkpoint=0.0
12:59:39 WARN  [Main] [Imix]: [ImixAI][FAIL] x=1.3 y=105.0 same-region=true -> candidate=CENTER plan=3 errors=4/6
12:59:39 INFO  [Main] [Imix]: [ImixAI][ROLLBACK] no safe checkpoint yet; returned to x=0
12:59:39 INFO  [Main] [Imix]: [ImixAI][SEARCH] phase=LEARNED FAILURE -> SEARCHING ALTERNATIVE x=0.0 y=105.0 plan=3 candidate=CENTER failures=4 budget=6 checkpoint=0.0
12:59:39 WARN  [Main] [Imix]: [ImixAI][FAIL] x=1.3 y=105.0 same-region=true -> candidate=EARLY plan=4 errors=5/6
12:59:39 INFO  [Main] [Imix]: [ImixAI][ROLLBACK] no safe checkpoint yet; returned to x=0
12:59:39 INFO  [Main] [Imix]: [ImixAI][SEARCH] phase=LEARNED FAILURE -> SEARCHING ALTERNATIVE x=0.0 y=105.0 plan=4 candidate=EARLY failures=5 budget=6 checkpoint=0.0
12:59:39 WARN  [Main] [Imix]: [ImixAI][FAIL] x=1.3 y=105.0 same-region=true -> candidate=LATE plan=5 errors=6/6
12:59:39 INFO  [Main] [Imix]: [ImixAI][ROLLBACK] no safe checkpoint yet; returned to x=0
12:59:39 INFO  [Main] [Imix]: [ImixAI][SEARCH] phase=LEARNED FAILURE -> SEARCHING ALTERNATIVE x=0.0 y=105.0 plan=5 candidate=LATE failures=6 budget=6 checkpoint=0.0
12:59:39 WARN  [Main] [Imix]: [ImixAI][FAIL] x=1.3 y=105.0 same-region=true -> candidate=CENTER plan=6 errors=7/6
12:59:39 INFO  [Main] [Imix]: [ImixAI][ROLLBACK] no safe checkpoint yet; returned to x=0
12:59:39 INFO  [Main] [Imix]: [ImixAI][SEARCH] phase=LEARNED FAILURE -> SEARCHING ALTERNATIVE x=0.0 y=105.0 plan=6 candidate=CENTER failures=7 budget=6 checkpoint=0.0
12:59:39 WARN  [Main] [Imix]: [ImixAI][FAIL] x=1.3 y=105.0 same-region=true -> candidate=EARLY plan=7 errors=8/6
12:59:39 INFO  [Main] [Imix]: [ImixAI][ROLLBACK] no safe checkpoint yet; returned to x=0
12:59:39 INFO  [Main] [Imix]: [ImixAI][SEARCH] phase=LEARNED FAILURE -> SEARCHING ALTERNATIVE x=0.0 y=105.0 plan=7 candidate=EARLY failures=8 budget=6 checkpoint=0.0
12:59:39 WARN  [Main] [Imix]: [ImixAI][FAIL] x=1.3 y=105.0 same-region=true -> candidate=LATE plan=8 errors=9/6
12:59:39 INFO  [Main] [Imix]: [ImixAI][ROLLBACK] no safe checkpoint yet; returned to x=0
12:59:39 INFO  [Main] [Imix]: [ImixAI][SEARCH] phase=LEARNED FAILURE -> SEARCHING ALTERNATIVE x=0.0 y=105.0 plan=8 candidate=LATE failures=9 budget=6 checkpoint=0.0
12:59:39 WARN  [Main] [Imix]: [ImixAI][FAIL] x=1.3 y=105.0 same-region=true -> candidate=CENTER plan=9 errors=10/6
12:59:39 INFO  [Main] [Imix]: [ImixAI][ROLLBACK] no safe checkpoint yet; returned to x=0
12:59:39 INFO  [Main] [Imix]: [ImixAI][SEARCH] phase=LEARNED FAILURE -> SEARCHING ALTERNATIVE x=0.0 y=105.0 plan=9 candidate=CENTER failures=10 budget=6 checkpoint=0.0
12:59:39 WARN  [Main] [Imix]: [ImixAI][FAIL] x=1.3 y=105.0 same-region=true -> candidate=EARLY plan=10 errors=11/6
12:59:39 INFO  [Main] [Imix]: [ImixAI][ROLLBACK] no safe checkpoint yet; returned to x=0
12:59:39 INFO  [Main] [Imix]: [ImixAI][SEARCH] phase=LEARNED FAILURE -> SEARCHING ALTERNATIVE x=0.0 y=105.0 plan=10 candidate=EARLY failures=11 budget=6 checkpoint=0.0
12:59:39 WARN  [Main] [Imix]: [ImixAI][FAIL] x=1.3 y=105.0 same-region=true -> candidate=LATE plan=11 errors=12/6
12:59:39 INFO  [Main] [Imix]: [ImixAI][ROLLBACK] no safe checkpoint yet; returned to x=0
12:59:39 INFO  [Main] [Imix]: [ImixAI][SEARCH] phase=LEARNED FAILURE -> SEARCHING ALTERNATIVE x=0.0 y=105.0 plan=11 candidate=LATE failures=12 budget=6 checkpoint=0.0
12:59:39 WARN  [Main] [Imix]: [ImixAI][FAIL] x=1.3 y=105.0 same-region=true -> candidate=CENTER plan=12 errors=13/6
12:59:39 INFO  [Main] [Imix]: [ImixAI][ROLLBACK] no safe checkpoint yet; returned to x=0
12:59:39 INFO  [Main] [Imix]: [ImixAI][SEARCH] phase=LEARNED FAILURE -> SEARCHING ALTERNATIVE x=0.0 y=105.0 plan=12 candidate=CENTER failures=13 budget=6 checkpoint=0.0
12:59:39 WARN  [Main] [Imix]: [ImixAI][FAIL] x=1.3 y=105.0 same-region=true -> candidate=EARLY plan=13 errors=14/6
12:59:39 INFO  [Main] [Imix]: [ImixAI][ROLLBACK] no safe checkpoint yet; returned to x=0
12:59:39 INFO  [Main] [Imix]: [ImixAI][SEARCH] phase=LEARNED FAILURE -> SEARCHING ALTERNATIVE x=0.0 y=105.0 plan=13 candidate=EARLY failures=14 budget=6 checkpoint=0.0
12:59:39 WARN  [Main] [Imix]: [ImixAI][FAIL] x=1.3 y=105.0 same-region=true -> candidate=LATE plan=14 errors=15/6
12:59:39 INFO  [Main] [Imix]: [ImixAI][ROLLBACK] no safe checkpoint yet; returned to x=0
12:59:39 INFO  [Main] [Imix]: [ImixAI][SEARCH] phase=LEARNED FAILURE -> SEARCHING ALTERNATIVE x=0.0 y=105.0 plan=14 candidate=LATE failures=15 budget=6 checkpoint=0.0
12:59:39 WARN  [Main] [Imix]: [ImixAI][FAIL] x=1.3 y=105.0 same-region=true -> candidate=CENTER plan=15 errors=16/6
12:59:39 INFO  [Main] [Imix]: [ImixAI][ROLLBACK] no safe checkpoint yet; returned to x=0
12:59:39 INFO  [Main] [Imix]: [ImixAI][SEARCH] phase=LEARNED FAILURE -> SEARCHING ALTERNATIVE x=0.0 y=105.0 plan=15 candidate=CENTER failures=16 budget=6 checkpoint=0.0
12:59:39 WARN  [Main] [Imix]: [ImixAI][FAIL] x=1.3 y=105.0 same-region=true -> candidate=EARLY plan=16 errors=17/6
12:59:39 INFO  [Main] [Imix]: [ImixAI][ROLLBACK] no safe checkpoint yet; returned to x=0
12:59:39 INFO  [Main] [Imix]: [ImixAI][SEARCH] phase=LEARNED FAILURE -> SEARCHING ALTERNATIVE x=0.0 y=105.0 plan=16 candidate=EARLY failures=17 budget=6 checkpoint=0.0
12:59:39 WARN  [Main] [Imix]: [ImixAI][FAIL] x=1.3 y=105.0 same-region=true -> candidate=LATE plan=17 errors=18/6
12:59:39 INFO  [Main] [Imix]: [ImixAI][ROLLBACK] no safe checkpoint yet; returned to x=0
12:59:39 INFO  [Main] [Imix]: [ImixAI][SEARCH] phase=LEARNED FAILURE -> SEARCHING ALTERNATIVE x=0.0 y=105.0 plan=17 candidate=LATE failures=18 budget=6 checkpoint=0.0
12:59:39 WARN  [Main] [Imix]: [ImixAI][FAIL] x=1.3 y=105.0 same-region=true -> candidate=CENTER plan=18 errors=19/6
12:59:39 INFO  [Main] [Imix]: [ImixAI][ROLLBACK] no safe checkpoint yet; returned to x=0
12:59:39 INFO  [Main] [Imix]: [ImixAI][SEARCH] phase=LEARNED FAILURE -> SEARCHING ALTERNATIVE x=0.0 y=105.0 plan=18 candidate=CENTER failures=19 budget=6 checkpoint=0.0
12:59:39 WARN  [Main] [Imix]: [ImixAI][FAIL] x=1.3 y=105.0 same-region=true -> candidate=EARLY plan=19 errors=20/6
12:59:39 INFO  [Main] [Imix]: [ImixAI][ROLLBACK] no safe checkpoint yet; returned to x=0
12:59:39 INFO  [Main] [Imix]: [ImixAI][SEARCH] phase=LEARNED FAILURE -> SEARCHING ALTERNATIVE x=0.0 y=105.0 plan=19 candidate=EARLY failures=20 budget=6 checkpoint=0.0
12:59:39 WARN  [Main] [Imix]: [ImixAI][FAIL] x=1.3 y=105.0 same-region=true -> candidate=LATE plan=20 errors=21/6
12:59:39 INFO  [Main] [Imix]: [ImixAI][ROLLBACK] no safe checkpoint yet; returned to x=0
12:59:39 INFO  [Main] [Imix]: [ImixAI][SEARCH] phase=LEARNED FAILURE -> SEARCHING ALTERNATIVE x=0.0 y=105.0 plan=20 candidate=LATE failures=21 budget=6 checkpoint=0.0
12:59:39 WARN  [Main] [Imix]: [ImixAI][FAIL] x=1.3 y=105.0 same-region=true -> candidate=CENTER plan=21 errors=22/6
12:59:39 INFO  [Main] [Imix]: [ImixAI][ROLLBACK] no safe checkpoint yet; returned to x=0
12:59:39 INFO  [Main] [Imix]: [ImixAI][SEARCH] phase=LEARNED FAILURE -> SEARCHING ALTERNATIVE x=0.0 y=105.0 plan=21 candidate=CENTER failures=22 budget=6 checkpoint=0.0
12:59:39 WARN  [Main] [Imix]: [ImixAI][FAIL] x=1.3 y=105.0 same-region=true -> candidate=EARLY plan=22 errors=23/6
12:59:39 INFO  [Main] [Imix]: [ImixAI][ROLLBACK] no safe checkpoint yet; returned to x=0
12:59:39 INFO  [Main] [Imix]: [ImixAI][SEARCH] phase=LEARNED FAILURE -> SEARCHING ALTERNATIVE x=0.0 y=105.0 plan=22 candidate=EARLY failures=23 budget=6 checkpoint=0.0
12:59:39 WARN  [Main] [Imix]: [ImixAI][FAIL] x=1.3 y=105.0 same-region=true -> candidate=LATE plan=23 errors=24/6
12:59:39 INFO  [Main] [Imix]: [ImixAI][ROLLBACK] no safe checkpoint yet; returned to x=0
12:59:39 INFO  [Main] [Imix]: [ImixAI][SEARCH] phase=LEARNED FAILURE -> SEARCHING ALTERNATIVE x=0.0 y=105.0 plan=23 candidate=LATE failures=24 budget=6 checkpoint=0.0
12:59:39 WARN  [Main] [Imix]: [ImixAI][FAIL] x=1.3 y=105.0 same-region=true -> candidate=CENTER plan=24 errors=25/6
12:59:39 INFO  [Main] [Imix]: [ImixAI][ROLLBACK] no safe checkpoint yet; returned to x=0
12:59:39 INFO  [Main] [Imix]: [ImixAI][SEARCH] phase=LEARNED FAILURE -> SEARCHING ALTERNATIVE x=0.0 y=105.0 plan=24 candidate=CENTER failures=25 budget=6 checkpoint=0.0
12:59:39 WARN  [Main] [Imix]: [ImixAI][FAIL] x=1.3 y=105.0 same-region=true -> candidate=EARLY plan=25 errors=26/6
12:59:39 INFO  [Main] [Imix]: [ImixAI][ROLLBACK] no safe checkpoint yet; returned to x=0
12:59:39 INFO  [Main] [Imix]: [ImixAI][SEARCH] phase=LEARNED FAILURE -> SEARCHING ALTERNATIVE x=0.0 y=105.0 plan=25 candidate=EARLY failures=26 budget=6 checkpoint=0.0
12:59:39 WARN  [Main] [Imix]: [ImixAI][FAIL] x=1.3 y=105.0 same-region=true -> candidate=LATE plan=26 errors=27/6
12:59:39 INFO  [Main] [Imix]: [ImixAI][ROLLBACK] no safe checkpoint yet; returned to x=0
12:59:39 INFO  [Main] [Imix]: [ImixAI][SEARCH] phase=LEARNED FAILURE -> SEARCHING ALTERNATIVE x=0.0 y=105.0 plan=26 candidate=LATE failures=27 budget=6 checkpoint=0.0
12:59:39 WARN  [Main] [Imix]: [ImixAI][FAIL] x=1.3 y=105.0 same-region=true -> candidate=CENTER plan=27 errors=28/6
12:59:39 INFO  [Main] [Imix]: [ImixAI][ROLLBACK] no safe checkpoint yet; returned to x=0
12:59:39 INFO  [Main] [Imix]: [ImixAI][SEARCH] phase=LEARNED FAILURE -> SEARCHING ALTERNATIVE x=0.0 y=105.0 plan=27 candidate=CENTER failures=28 budget=6 checkpoint=0.0
12:59:39 WARN  [Main] [Imix]: [ImixAI][FAIL] x=1.3 y=105.0 same-region=true -> candidate=EARLY plan=28 errors=29/6
12:59:39 INFO  [Main] [Imix]: [ImixAI][ROLLBACK] no safe checkpoint yet; returned to x=0
12:59:39 INFO  [Main] [Imix]: [ImixAI][SEARCH] phase=LEARNED FAILURE -> SEARCHING ALTERNATIVE x=0.0 y=105.0 plan=28 candidate=EARLY failures=29 budget=6 checkpoint=0.0
12:59:39 WARN  [Main] [Imix]: [ImixAI][FAIL] x=1.3 y=105.0 same-region=true -> candidate=LATE plan=29 errors=30/6
12:59:39 INFO  [Main] [Imix]: [ImixAI][ROLLBACK] no safe checkpoint yet; returned to x=0
12:59:39 INFO  [Main] [Imix]: [ImixAI][SEARCH] phase=LEARNED FAILURE -> SEARCHING ALTERNATIVE x=0.0 y=105.0 plan=29 candidate=LATE failures=30 budget=6 checkpoint=0.0
12:59:39 WARN  [Main] [Imix]: [ImixAI][FAIL] x=1.3 y=105.0 same-region=true -> candidate=CENTER plan=30 errors=31/6
12:59:39 INFO  [Main] [Imix]: [ImixAI][ROLLBACK] no safe checkpoint yet; returned to x=0
12:59:39 INFO  [Main] [Imix]: [ImixAI][SEARCH] phase=LEARNED FAILURE -> SEARCHING ALTERNATIVE x=0.0 y=105.0 plan=30 candidate=CENTER failures=31 budget=6 checkpoint=0.0
12:59:39 WARN  [Main] [Imix]: [ImixAI][FAIL] x=1.3 y=105.0 same-region=true -> candidate=EARLY plan=31 errors=32/6
12:59:39 INFO  [Main] [Imix]: [ImixAI][ROLLBACK] no safe checkpoint yet; returned to x=0
12:59:39 INFO  [Main] [Imix]: [ImixAI][SEARCH] phase=LEARNED FAILURE -> SEARCHING ALTERNATIVE x=0.0 y=105.0 plan=31 candidate=EARLY failures=32 budget=6 checkpoint=0.0
12:59:39 WARN  [Main] [Imix]: [ImixAI][FAIL] x=1.3 y=105.0 same-region=true -> candidate=LATE plan=32 errors=33/6
12:59:39 INFO  [Main] [Imix]: [ImixAI][ROLLBACK] no safe checkpoint yet; returned to x=0
12:59:39 INFO  [Main] [Imix]: [ImixAI][SEARCH] phase=LEARNED FAILURE -> SEARCHING ALTERNATIVE x=0.0 y=105.0 plan=32 candidate=LATE failures=33 budget=6 checkpoint=0.0
12:59:39 WARN  [Main] [Imix]: [ImixAI][FAIL] x=1.3 y=105.0 same-region=true -> candidate=CENTER plan=33 errors=34/6
12:59:39 INFO  [Main] [Imix]: [ImixAI][ROLLBACK] no safe checkpoint yet; returned to x=0
12:59:39 INFO  [Main] [Imix]: [ImixAI][SEARCH] phase=LEARNED FAILURE -> SEARCHING ALTERNATIVE x=0.0 y=105.0 plan=33 candidate=CENTER failures=34 budget=6 checkpoint=0.0
12:59:39 WARN  [Main] [Imix]: [ImixAI][FAIL] x=1.3 y=105.0 same-region=true -> candidate=EARLY plan=34 errors=35/6
12:59:39 INFO  [Main] [Imix]: [ImixAI][ROLLBACK] no safe checkpoint yet; returned to x=0
12:59:39 INFO  [Main] [Imix]: [ImixAI][SEARCH] phase=LEARNED FAILURE -> SEARCHING ALTERNATIVE x=0.0 y=105.0 plan=34 candidate=EARLY failures=35 budget=6 checkpoint=0.0
12:59:39 WARN  [Main] [Imix]: [ImixAI][FAIL] x=1.3 y=105.0 same-region=true -> candidate=LATE plan=35 errors=36/6
12:59:39 INFO  [Main] [Imix]: [ImixAI][ROLLBACK] no safe checkpoint yet; returned to x=0
12:59:39 INFO  [Main] [Imix]: [ImixAI][SEARCH] phase=LEARNED FAILURE -> SEARCHING ALTERNATIVE x=0.0 y=105.0 plan=35 candidate=LATE failures=36 budget=6 checkpoint=0.0
12:59:39 WARN  [Main] [Imix]: [ImixAI][FAIL] x=1.3 y=105.0 same-region=true -> candidate=CENTER plan=36 errors=37/6
12:59:39 INFO  [Main] [Imix]: [ImixAI][ROLLBACK] no safe checkpoint yet; returned to x=0
12:59:39 INFO  [Main] [Imix]: [ImixAI][SEARCH] phase=LEARNED FAILURE -> SEARCHING ALTERNATIVE x=0.0 y=105.0 plan=36 candidate=CENTER failures=37 budget=6 checkpoint=0.0
12:59:39 WARN  [Main] [Imix]: [ImixAI][FAIL] x=1.3 y=105.0 same-region=true -> candidate=EARLY plan=37 errors=38/6
12:59:39 INFO  [Main] [Imix]: [ImixAI][ROLLBACK] no safe checkpoint yet; returned to x=0
12:59:39 INFO  [Main] [Imix]: [ImixAI][SEARCH] phase=LEARNED FAILURE -> SEARCHING ALTERNATIVE x=0.0 y=105.0 plan=37 candidate=EARLY failures=38 budget=6 checkpoint=0.0
12:59:39 WARN  [Main] [Imix]: [ImixAI][FAIL] x=1.3 y=105.0 same-region=true -> candidate=LATE plan=38 errors=39/6
12:59:39 INFO  [Main] [Imix]: [ImixAI][ROLLBACK] no safe checkpoint yet; returned to x=0
12:59:39 INFO  [Main] [Imix]: [ImixAI][SEARCH] phase=LEARNED FAILURE -> SEARCHING ALTERNATIVE x=0.0 y=105.0 plan=38 candidate=LATE failures=39 budget=6 checkpoint=0.0
12:59:39 WARN  [Main] [Imix]: [ImixAI][FAIL] x=1.3 y=105.0 same-region=true -> candidate=CENTER plan=39 errors=40/6
12:59:39 INFO  [Main] [Imix]: [ImixAI][ROLLBACK] no safe checkpoint yet; returned to x=0
12:59:39 INFO  [Main] [Imix]: [ImixAI][SEARCH] phase=LEARNED FAILURE -> SEARCHING ALTERNATIVE x=0.0 y=105.0 plan=39 candidate=CENTER failures=40 budget=6 checkpoint=0.0
12:59:39 WARN  [Main] [Imix]: [ImixAI][FAIL] x=1.3 y=105.0 same-region=true -> candidate=EARLY plan=40 errors=41/6
12:59:39 INFO  [Main] [Imix]: [ImixAI][ROLLBACK] no safe checkpoint yet; returned to x=0
12:59:39 INFO  [Main] [Imix]: [ImixAI][SEARCH] phase=LEARNED FAILURE -> SEARCHING ALTERNATIVE x=0.0 y=105.0 plan=40 candidate=EARLY failures=41 budget=6 checkpoint=0.0
12:59:39 WARN  [Main] [Imix]: [ImixAI][FAIL] x=1.3 y=105.0 same-region=true -> candidate=LATE plan=41 errors=42/6
12:59:39 INFO  [Main] [Imix]: [ImixAI][ROLLBACK] no safe checkpoint yet; returned to x=0
12:59:39 INFO  [Main] [Imix]: [ImixAI][SEARCH] phase=LEARNED FAILURE -> SEARCHING ALTERNATIVE x=0.0 y=105.0 plan=41 candidate=LATE failures=42 budget=6 checkpoint=0.0
12:59:39 WARN  [Main] [Imix]: [ImixAI][FAIL] x=1.3 y=105.0 same-region=true -> candidate=CENTER plan=42 errors=43/6
12:59:39 INFO  [Main] [Imix]: [ImixAI][ROLLBACK] no safe checkpoint yet; returned to x=0
12:59:39 INFO  [Main] [Imix]: [ImixAI][SEARCH] phase=LEARNED FAILURE -> SEARCHING ALTERNATIVE x=0.0 y=105.0 plan=42 candidate=CENTER failures=43 budget=6 checkpoint=0.0
12:59:39 WARN  [Main] [Imix]: [ImixAI][FAIL] x=1.3 y=105.0 same-region=true -> candidate=EARLY plan=43 errors=44/6
12:59:39 INFO  [Main] [Imix]: [ImixAI][ROLLBACK] no safe checkpoint yet; returned to x=0
12:59:39 INFO  [Main] [Imix]: [ImixAI][SEARCH] phase=LEARNED FAILURE -> SEARCHING ALTERNATIVE x=0.0 y=105.0 plan=43 candidate=EARLY failures=44 budget=6 checkpoint=0.0
12:59:39 WARN  [Main] [Imix]: [ImixAI][FAIL] x=1.3 y=105.0 same-region=true -> candidate=LATE plan=44 errors=45/6
12:59:39 INFO  [Main] [Imix]: [ImixAI][ROLLBACK] no safe checkpoint yet; returned to x=0
12:59:39 INFO  [Main] [Imix]: [ImixAI][SEARCH] phase=LEARNED FAILURE -> SEARCHING ALTERNATIVE x=0.0 y=105.0 plan=44 candidate=LATE failures=45 budget=6 checkpoint=0.0
12:59:39 WARN  [Main] [Imix]: [ImixAI][FAIL] x=1.3 y=105.0 same-region=true -> candidate=CENTER plan=45 errors=46/6
12:59:39 INFO  [Main] [Imix]: [ImixAI][ROLLBACK] no safe checkpoint yet; returned to x=0
12:59:39 INFO  [Main] [Imix]: [ImixAI][SEARCH] phase=LEARNED FAILURE -> SEARCHING ALTERNATIVE x=0.0 y=105.0 plan=45 candidate=CENTER failures=46 budget=6 checkpoint=0.0
12:59:39 WARN  [Main] [Imix]: [ImixAI][FAIL] x=1.3 y=105.0 same-region=true -> candidate=EARLY plan=46 errors=47/6
12:59:39 INFO  [Main] [Imix]: [ImixAI][ROLLBACK] no safe checkpoint yet; returned to x=0
12:59:39 INFO  [Main] [Imix]: [ImixAI][SEARCH] phase=LEARNED FAILURE -> SEARCHING ALTERNATIVE x=0.0 y=105.0 plan=46 candidate=EARLY failures=47 budget=6 checkpoint=0.0
12:59:39 WARN  [Main] [Imix]: [ImixAI][FAIL] x=1.3 y=105.0 same-region=true -> candidate=LATE plan=47 errors=48/6
12:59:39 INFO  [Main] [Imix]: [ImixAI][ROLLBACK] no safe checkpoint yet; returned to x=0
12:59:39 INFO  [Main] [Imix]: [ImixAI][SEARCH] phase=LEARNED FAILURE -> SEARCHING ALTERNATIVE x=0.0 y=105.0 plan=47 candidate=LATE failures=48 budget=6 checkpoint=0.0
12:59:39 WARN  [Main] [Imix]: [ImixAI][FAIL] x=1.3 y=105.0 same-region=true -> candidate=CENTER plan=48 errors=49/6
12:59:39 INFO  [Main] [Imix]: [ImixAI][ROLLBACK] no safe checkpoint yet; returned to x=0
12:59:39 INFO  [Main] [Imix]: [ImixAI][SEARCH] phase=LEARNED FAILURE -> SEARCHING ALTERNATIVE x=0.0 y=105.0 plan=48 candidate=CENTER failures=49 budget=6 checkpoint=0.0
12:59:39 WARN  [Main] [Imix]: [ImixAI][FAIL] x=1.3 y=105.0 same-region=true -> candidate=EARLY plan=49 errors=50/6
12:59:39 INFO  [Main] [Imix]: [ImixAI][ROLLBACK] no safe checkpoint yet; returned to x=0
12:59:39 INFO  [Main] [Imix]: [ImixAI][SEARCH] phase=LEARNED FAILURE -> SEARCHING ALTERNATIVE x=0.0 y=105.0 plan=49 candidate=EARLY failures=50 budget=6 checkpoint=0.0
12:59:39 WARN  [Main] [Imix]: [ImixAI][FAIL] x=1.3 y=105.0 same-region=true -> candidate=LATE plan=50 errors=51/6
12:59:39 INFO  [Main] [Imix]: [ImixAI][ROLLBACK] no safe checkpoint yet; returned to x=0
12:59:39 INFO  [Main] [Imix]: [ImixAI][SEARCH] phase=LEARNED FAILURE -> SEARCHING ALTERNATIVE x=0.0 y=105.0 plan=50 candidate=LATE failures=51 budget=6 checkpoint=0.0
12:59:39 WARN  [Main] [Imix]: [ImixAI][FAIL] x=1.3 y=105.0 same-region=true -> candidate=CENTER plan=51 errors=52/6
12:59:39 INFO  [Main] [Imix]: [ImixAI][ROLLBACK] no safe checkpoint yet; returned to x=0
12:59:39 INFO  [Main] [Imix]: [ImixAI][SEARCH] phase=LEARNED FAILURE -> SEARCHING ALTERNATIVE x=0.0 y=105.0 plan=51 candidate=CENTER failures=52 budget=6 checkpoint=0.0
12:59:39 WARN  [Main] [Imix]: [ImixAI][FAIL] x=1.3 y=105.0 same-region=true -> candidate=EARLY plan=52 errors=53/6
12:59:39 INFO  [Main] [Imix]: [ImixAI][ROLLBACK] no safe checkpoint yet; returned to x=0
12:59:39 INFO  [Main] [Imix]: [ImixAI][SEARCH] phase=LEARNED FAILURE -> SEARCHING ALTERNATIVE x=0.0 y=105.0 plan=52 candidate=EARLY failures=53 budget=6 checkpoint=0.0
12:59:39 WARN  [Main] [Imix]: [ImixAI][FAIL] x=1.3 y=105.0 same-region=true -> candidate=LATE plan=53 errors=54/6
12:59:39 INFO  [Main] [Imix]: [ImixAI][ROLLBACK] no safe checkpoint yet; returned to x=0
12:59:39 INFO  [Main] [Imix]: [ImixAI][SEARCH] phase=LEARNED FAILURE -> SEARCHING ALTERNATIVE x=0.0 y=105.0 plan=53 candidate=LATE failures=54 budget=6 checkpoint=0.0
12:59:39 WARN  [Main] [Imix]: [ImixAI][FAIL] x=1.3 y=105.0 same-region=true -> candidate=CENTER plan=54 errors=55/6
12:59:39 INFO  [Main] [Imix]: [ImixAI][ROLLBACK] no safe checkpoint yet; returned to x=0
12:59:39 INFO  [Main] [Imix]: [ImixAI][SEARCH] phase=LEARNED FAILURE -> SEARCHING ALTERNATIVE x=0.0 y=105.0 plan=54 candidate=CENTER failures=55 budget=6 checkpoint=0.0
12:59:39 WARN  [Main] [Imix]: [ImixAI][FAIL] x=1.3 y=105.0 same-region=true -> candidate=EARLY plan=55 errors=56/6
12:59:39 INFO  [Main] [Imix]: [ImixAI][ROLLBACK] no safe checkpoint yet; returned to x=0
12:59:39 INFO  [Main] [Imix]: [ImixAI][SEARCH] phase=LEARNED FAILURE -> SEARCHING ALTERNATIVE x=0.0 y=105.0 plan=55 candidate=EARLY failures=56 budget=6 checkpoint=0.0
12:59:39 WARN  [Main] [Imix]: [ImixAI][FAIL] x=1.3 y=105.0 same-region=true -> candidate=LATE plan=56 errors=57/6
12:59:39 INFO  [Main] [Imix]: [ImixAI][ROLLBACK] no safe checkpoint yet; returned to x=0
12:59:39 INFO  [Main] [Imix]: [ImixAI][SEARCH] phase=LEARNED FAILURE -> SEARCHING ALTERNATIVE x=0.0 y=105.0 plan=56 candidate=LATE failures=57 budget=6 checkpoint=0.0
12:59:39 WARN  [Main] [Imix]: [ImixAI][FAIL] x=1.3 y=105.0 same-region=true -> candidate=CENTER plan=57 errors=58/6
12:59:39 INFO  [Main] [Imix]: [ImixAI][ROLLBACK] no safe checkpoint yet; returned to x=0
12:59:39 INFO  [Main] [Imix]: [ImixAI][SEARCH] phase=LEARNED FAILURE -> SEARCHING ALTERNATIVE x=0.0 y=105.0 plan=57 candidate=CENTER failures=58 budget=6 checkpoint=0.0
12:59:39 WARN  [Main] [Imix]: [ImixAI][FAIL] x=1.3 y=105.0 same-region=true -> candidate=EARLY plan=58 errors=59/6
12:59:39 INFO  [Main] [Imix]: [ImixAI][ROLLBACK] no safe checkpoint yet; returned to x=0
12:59:39 INFO  [Main] [Imix]: [ImixAI][SEARCH] phase=LEARNED FAILURE -> SEARCHING ALTERNATIVE x=0.0 y=105.0 plan=58 candidate=EARLY failures=59 budget=6 checkpoint=0.0
12:59:39 WARN  [Main] [Imix]: [ImixAI][FAIL] x=1.3 y=105.0 same-region=true -> candidate=LATE plan=59 errors=60/6
12:59:39 INFO  [Main] [Imix]: [ImixAI][ROLLBACK] no safe checkpoint yet; returned to x=0
12:59:39 INFO  [Main] [Imix]: [ImixAI][SEARCH] phase=LEARNED FAILURE -> SEARCHING ALTERNATIVE x=0.0 y=105.0 plan=59 candidate=LATE failures=60 budget=6 checkpoint=0.0
12:59:39 WARN  [Main] [Imix]: [ImixAI][FAIL] x=1.3 y=105.0 same-region=true -> candidate=CENTER plan=60 errors=61/6
12:59:39 INFO  [Main] [Imix]: [ImixAI][ROLLBACK] no safe checkpoint yet; returned to x=0
12:59:39 INFO  [Main] [Imix]: [ImixAI][SEARCH] phase=LEARNED FAILURE -> SEARCHING ALTERNATIVE x=0.0 y=105.0 plan=60 candidate=CENTER failures=61 budget=6 checkpoint=0.0
12:59:39 WARN  [Main] [Imix]: [ImixAI][FAIL] x=1.3 y=105.0 same-region=true -> candidate=EARLY plan=61 errors=62/6
12:59:39 INFO  [Main] [Imix]: [ImixAI][ROLLBACK] no safe checkpoint yet; returned to x=0
12:59:39 INFO  [Main] [Imix]: [ImixAI][SEARCH] phase=LEARNED FAILURE -> SEARCHING ALTERNATIVE x=0.0 y=105.0 plan=61 candidate=EARLY failures=62 budget=6 checkpoint=0.0
12:59:39 WARN  [Main] [Imix]: [ImixAI][FAIL] x=1.3 y=105.0 same-region=true -> candidate=LATE plan=62 errors=63/6
12:59:39 INFO  [Main] [Imix]: [ImixAI][ROLLBACK] no safe checkpoint yet; returned to x=0
12:59:39 INFO  [Main] [Imix]: [ImixAI][SEARCH] phase=LEARNED FAILURE -> SEARCHING ALTERNATIVE x=0.0 y=105.0 plan=62 candidate=LATE failures=63 budget=6 checkpoint=0.0
12:59:39 WARN  [Main] [Imix]: [ImixAI][FAIL] x=1.3 y=105.0 same-region=true -> candidate=CENTER plan=63 errors=64/6
12:59:39 INFO  [Main] [Imix]: [ImixAI][ROLLBACK] no safe checkpoint yet; returned to x=0
12:59:39 INFO  [Main] [Imix]: [ImixAI][SEARCH] phase=LEARNED FAILURE -> SEARCHING ALTERNATIVE x=0.0 y=105.0 plan=63 candidate=CENTER failures=64 budget=6 checkpoint=0.0
12:59:39 WARN  [Main] [Imix]: [ImixAI][FAIL] x=1.3 y=105.0 same-region=true -> candidate=EARLY plan=64 errors=65/6
12:59:39 INFO  [Main] [Imix]: [ImixAI][ROLLBACK] no safe checkpoint yet; returned to x=0
12:59:39 INFO  [Main] [Imix]: [ImixAI][SEARCH] phase=LEARNED FAILURE -> SEARCHING ALTERNATIVE x=0.0 y=105.0 plan=64 candidate=EARLY failures=65 budget=6 checkpoint=0.0
12:59:39 WARN  [Main] [Imix]: [ImixAI][FAIL] x=1.3 y=105.0 same-region=true -> candidate=LATE plan=65 errors=66/6
12:59:39 INFO  [Main] [Imix]: [ImixAI][ROLLBACK] no safe checkpoint yet; returned to x=0
12:59:39 INFO  [Main] [Imix]: [ImixAI][SEARCH] phase=LEARNED FAILURE -> SEARCHING ALTERNATIVE x=0.0 y=105.0 plan=65 candidate=LATE failures=66 budget=6 checkpoint=0.0
12:59:39 WARN  [Main] [Imix]: [ImixAI][FAIL] x=1.3 y=105.0 same-region=true -> candidate=CENTER plan=66 errors=67/6
12:59:39 INFO  [Main] [Imix]: [ImixAI][ROLLBACK] no safe checkpoint yet; returned to x=0
12:59:39 INFO  [Main] [Imix]: [ImixAI][SEARCH] phase=LEARNED FAILURE -> SEARCHING ALTERNATIVE x=0.0 y=105.0 plan=66 candidate=CENTER failures=67 budget=6 checkpoint=0.0
12:59:39 WARN  [Main] [Imix]: [ImixAI][FAIL] x=1.3 y=105.0 same-region=true -> candidate=EARLY plan=67 errors=68/6
12:59:39 INFO  [Main] [Imix]: [ImixAI][ROLLBACK] no safe checkpoint yet; returned to x=0
12:59:39 INFO  [Main] [Imix]: [ImixAI][SEARCH] phase=LEARNED FAILURE -> SEARCHING ALTERNATIVE x=0.0 y=105.0 plan=67 candidate=EARLY failures=68 budget=6 checkpoint=0.0
12:59:39 WARN  [Main] [Imix]: [ImixAI][FAIL] x=1.3 y=105.0 same-region=true -> candidate=LATE plan=68 errors=69/6
12:59:39 INFO  [Main] [Imix]: [ImixAI][ROLLBACK] no safe checkpoint yet; returned to x=0
12:59:39 INFO  [Main] [Imix]: [ImixAI][SEARCH] phase=LEARNED FAILURE -> SEARCHING ALTERNATIVE x=0.0 y=105.0 plan=68 candidate=LATE failures=69 budget=6 checkpoint=0.0
12:59:39 WARN  [Main] [Imix]: [ImixAI][FAIL] x=1.3 y=105.0 same-region=true -> candidate=CENTER plan=69 errors=70/6
12:59:39 INFO  [Main] [Imix]: [ImixAI][ROLLBACK] no safe checkpoint yet; returned to x=0
12:59:39 INFO  [Main] [Imix]: [ImixAI][SEARCH] phase=LEARNED FAILURE -> SEARCHING ALTERNATIVE x=0.0 y=105.0 plan=69 candidate=CENTER failures=70 budget=6 checkpoint=0.0
12:59:39 WARN  [Main] [Imix]: [ImixAI][FAIL] x=1.3 y=105.0 same-region=true -> candidate=EARLY plan=70 errors=71/6
12:59:39 INFO  [Main] [Imix]: [ImixAI][ROLLBACK] no safe checkpoint yet; returned to x=0
12:59:39 INFO  [Main] [Imix]: [ImixAI][SEARCH] phase=LEARNED FAILURE -> SEARCHING ALTERNATIVE x=0.0 y=105.0 plan=70 candidate=EARLY failures=71 budget=6 checkpoint=0.0
12:59:39 WARN  [Main] [Imix]: [ImixAI][FAIL] x=1.3 y=105.0 same-region=true -> candidate=LATE plan=71 errors=72/6
12:59:39 INFO  [Main] [Imix]: [ImixAI][ROLLBACK] no safe checkpoint yet; returned to x=0
12:59:39 INFO  [Main] [Imix]: [ImixAI][SEARCH] phase=LEARNED FAILURE -> SEARCHING ALTERNATIVE x=0.0 y=105.0 plan=71 candidate=LATE failures=72 budget=6 checkpoint=0.0
12:59:39 WARN  [Main] [Imix]: [ImixAI][FAIL] x=1.3 y=105.0 same-region=true -> candidate=CENTER plan=72 errors=73/6
12:59:39 INFO  [Main] [Imix]: [ImixAI][ROLLBACK] no safe checkpoint yet; returned to x=0
12:59:39 INFO  [Main] [Imix]: [ImixAI][SEARCH] phase=LEARNED FAILURE -> SEARCHING ALTERNATIVE x=0.0 y=105.0 plan=72 candidate=CENTER failures=73 budget=6 checkpoint=0.0
12:59:39 WARN  [Main] [Imix]: [ImixAI][FAIL] x=1.3 y=105.0 same-region=true -> candidate=EARLY plan=73 errors=74/6
12:59:39 INFO  [Main] [Imix]: [ImixAI][ROLLBACK] no safe checkpoint yet; returned to x=0
12:59:39 INFO  [Main] [Imix]: [ImixAI][SEARCH] phase=LEARNED FAILURE -> SEARCHING ALTERNATIVE x=0.0 y=105.0 plan=73 candidate=EARLY failures=74 budget=6 checkpoint=0.0
12:59:39 WARN  [Main] [Imix]: [ImixAI][FAIL] x=1.3 y=105.0 same-region=true -> candidate=LATE plan=74 errors=75/6
12:59:39 INFO  [Main] [Imix]: [ImixAI][ROLLBACK] no safe checkpoint yet; returned to x=0
12:59:39 INFO  [Main] [Imix]: [ImixAI][SEARCH] phase=LEARNED FAILURE -> SEARCHING ALTERNATIVE x=0.0 y=105.0 plan=74 candidate=LATE failures=75 budget=6 checkpoint=0.0
12:59:39 WARN  [Main] [Imix]: [ImixAI][FAIL] x=1.3 y=105.0 same-region=true -> candidate=CENTER plan=75 errors=76/6
12:59:39 INFO  [Main] [Imix]: [ImixAI][ROLLBACK] no safe checkpoint yet; returned to x=0
12:59:39 INFO  [Main] [Imix]: [ImixAI][SEARCH] phase=LEARNED FAILURE -> SEARCHING ALTERNATIVE x=0.0 y=105.0 plan=75 candidate=CENTER failures=76 budget=6 checkpoint=0.0
12:59:39 WARN  [Main] [Imix]: [ImixAI][FAIL] x=1.3 y=105.0 same-region=true -> candidate=EARLY plan=76 errors=77/6
12:59:39 INFO  [Main] [Imix]: [ImixAI][ROLLBACK] no safe checkpoint yet; returned to x=0
12:59:39 INFO  [Main] [Imix]: [ImixAI][SEARCH] phase=LEARNED FAILURE -> SEARCHING ALTERNATIVE x=0.0 y=105.0 plan=76 candidate=EARLY failures=77 budget=6 checkpoint=0.0
12:59:39 WARN  [Main] [Imix]: [ImixAI][FAIL] x=1.3 y=105.0 same-region=true -> candidate=LATE plan=77 errors=78/6
12:59:39 INFO  [Main] [Imix]: [ImixAI][ROLLBACK] no safe checkpoint yet; returned to x=0
12:59:39 INFO  [Main] [Imix]: [ImixAI][SEARCH] phase=LEARNED FAILURE -> SEARCHING ALTERNATIVE x=0.0 y=105.0 plan=77 candidate=LATE failures=78 budget=6 checkpoint=0.0
12:59:39 WARN  [Main] [Imix]: [ImixAI][FAIL] x=1.3 y=105.0 same-region=true -> candidate=CENTER plan=78 errors=79/6
12:59:39 INFO  [Main] [Imix]: [ImixAI][ROLLBACK] no safe checkpoint yet; returned to x=0
12:59:39 INFO  [Main] [Imix]: [ImixAI][SEARCH] phase=LEARNED FAILURE -> SEARCHING ALTERNATIVE x=0.0 y=105.0 plan=78 candidate=CENTER failures=79 budget=6 checkpoint=0.0
12:59:39 WARN  [Main] [Imix]: [ImixAI][FAIL] x=1.3 y=105.0 same-region=true -> candidate=EARLY plan=79 errors=80/6
12:59:39 INFO  [Main] [Imix]: [ImixAI][ROLLBACK] no safe checkpoint yet; returned to x=0
12:59:39 INFO  [Main] [Imix]: [ImixAI][SEARCH] phase=LEARNED FAILURE -> SEARCHING ALTERNATIVE x=0.0 y=105.0 plan=79 candidate=EARLY failures=80 budget=6 checkpoint=0.0
12:59:39 WARN  [Main] [Imix]: [ImixAI][FAIL] x=1.3 y=105.0 same-region=true -> candidate=LATE plan=80 errors=81/6
12:59:39 INFO  [Main] [Imix]: [ImixAI][ROLLBACK] no safe checkpoint yet; returned to x=0
12:59:39 INFO  [Main] [Imix]: [ImixAI][SEARCH] phase=LEARNED FAILURE -> SEARCHING ALTERNATIVE x=0.0 y=105.0 plan=80 candidate=LATE failures=81 budget=6 checkpoint=0.0
12:59:39 WARN  [Main] [Imix]: [ImixAI][FAIL] x=1.3 y=105.0 same-region=true -> candidate=CENTER plan=81 errors=82/6
12:59:39 INFO  [Main] [Imix]: [ImixAI][ROLLBACK] no safe checkpoint yet; returned to x=0
12:59:39 INFO  [Main] [Imix]: [ImixAI][SEARCH] phase=LEARNED FAILURE -> SEARCHING ALTERNATIVE x=0.0 y=105.0 plan=81 candidate=CENTER failures=82 budget=6 checkpoint=0.0
12:59:39 WARN  [Main] [Imix]: [ImixAI][FAIL] x=1.3 y=105.0 same-region=true -> candidate=EARLY plan=82 errors=83/6
12:59:39 INFO  [Main] [Imix]: [ImixAI][ROLLBACK] no safe checkpoint yet; returned to x=0
12:59:39 INFO  [Main] [Imix]: [ImixAI][SEARCH] phase=LEARNED FAILURE -> SEARCHING ALTERNATIVE x=0.0 y=105.0 plan=82 candidate=EARLY failures=83 budget=6 checkpoint=0.0
12:59:39 WARN  [Main] [Imix]: [ImixAI][FAIL] x=1.3 y=105.0 same-region=true -> candidate=LATE plan=83 errors=84/6
12:59:39 INFO  [Main] [Imix]: [ImixAI][ROLLBACK] no safe checkpoint yet; returned to x=0
12:59:39 INFO  [Main] [Imix]: [ImixAI][SEARCH] phase=LEARNED FAILURE -> SEARCHING ALTERNATIVE x=0.0 y=105.0 plan=83 candidate=LATE failures=84 budget=6 checkpoint=0.0
12:59:39 WARN  [Main] [Imix]: [ImixAI][FAIL] x=1.3 y=105.0 same-region=true -> candidate=CENTER plan=84 errors=85/6
12:59:39 INFO  [Main] [Imix]: [ImixAI][ROLLBACK] no safe checkpoint yet; returned to x=0
12:59:39 INFO  [Main] [Imix]: [ImixAI][SEARCH] phase=LEARNED FAILURE -> SEARCHING ALTERNATIVE x=0.0 y=105.0 plan=84 candidate=CENTER failures=85 budget=6 checkpoint=0.0
12:59:39 WARN  [Main] [Imix]: [ImixAI][FAIL] x=1.3 y=105.0 same-region=true -> candidate=EARLY plan=85 errors=86/6
12:59:39 INFO  [Main] [Imix]: [ImixAI][ROLLBACK] no safe checkpoint yet; returned to x=0
12:59:39 INFO  [Main] [Imix]: [ImixAI][SEARCH] phase=LEARNED FAILURE -> SEARCHING ALTERNATIVE x=0.0 y=105.0 plan=85 candidate=EARLY failures=86 budget=6 checkpoint=0.0
12:59:39 WARN  [Main] [Imix]: [ImixAI][FAIL] x=1.3 y=105.0 same-region=true -> candidate=LATE plan=86 errors=87/6
12:59:39 INFO  [Main] [Imix]: [ImixAI][ROLLBACK] no safe checkpoint yet; returned to x=0
12:59:39 INFO  [Main] [Imix]: [ImixAI][SEARCH] phase=LEARNED FAILURE -> SEARCHING ALTERNATIVE x=0.0 y=105.0 plan=86 candidate=LATE failures=87 budget=6 checkpoint=0.0
12:59:39 WARN  [Main] [Imix]: [ImixAI][FAIL] x=1.3 y=105.0 same-region=true -> candidate=CENTER plan=87 errors=88/6
12:59:39 INFO  [Main] [Imix]: [ImixAI][ROLLBACK] no safe checkpoint yet; returned to x=0
12:59:39 INFO  [Main] [Imix]: [ImixAI][SEARCH] phase=LEARNED FAILURE -> SEARCHING ALTERNATIVE x=0.0 y=105.0 plan=87 candidate=CENTER failures=88 budget=6 checkpoint=0.0
12:59:39 WARN  [Main] [Imix]: [ImixAI][FAIL] x=1.3 y=105.0 same-region=true -> candidate=EARLY plan=88 errors=89/6
12:59:39 INFO  [Main] [Imix]: [ImixAI][ROLLBACK] no safe checkpoint yet; returned to x=0
12:59:39 INFO  [Main] [Imix]: [ImixAI][SEARCH] phase=LEARNED FAILURE -> SEARCHING ALTERNATIVE x=0.0 y=105.0 plan=88 candidate=EARLY failures=89 budget=6 checkpoint=0.0
12:59:39 WARN  [Main] [Imix]: [ImixAI][FAIL] x=1.3 y=105.0 same-region=true -> candidate=LATE plan=89 errors=90/6
12:59:39 INFO  [Main] [Imix]: [ImixAI][ROLLBACK] no safe checkpoint yet; returned to x=0
12:59:39 INFO  [Main] [Imix]: [ImixAI][SEARCH] phase=LEARNED FAILURE -> SEARCHING ALTERNATIVE x=0.0 y=105.0 plan=89 candidate=LATE failures=90 budget=6 checkpoint=0.0
12:59:39 WARN  [Main] [Imix]: [ImixAI][FAIL] x=1.3 y=105.0 same-region=true -> candidate=CENTER plan=90 errors=91/6
12:59:39 INFO  [Main] [Imix]: [ImixAI][ROLLBACK] no safe checkpoint yet; returned to x=0
12:59:39 INFO  [Main] [Imix]: [ImixAI][SEARCH] phase=LEARNED FAILURE -> SEARCHING ALTERNATIVE x=0.0 y=105.0 plan=90 candidate=CENTER failures=91 budget=6 checkpoint=0.0
12:59:39 WARN  [Main] [Imix]: [ImixAI][FAIL] x=1.3 y=105.0 same-region=true -> candidate=EARLY plan=91 errors=92/6
12:59:39 INFO  [Main] [Imix]: [ImixAI][ROLLBACK] no safe checkpoint yet; returned to x=0
12:59:39 INFO  [Main] [Imix]: [ImixAI][SEARCH] phase=LEARNED FAILURE -> SEARCHING ALTERNATIVE x=0.0 y=105.0 plan=91 candidate=EARLY failures=92 budget=6 checkpoint=0.0
12:59:39 WARN  [Main] [Imix]: [ImixAI][FAIL] x=1.3 y=105.0 same-region=true -> candidate=LATE plan=92 errors=93/6
12:59:39 INFO  [Main] [Imix]: [ImixAI][ROLLBACK] no safe checkpoint yet; returned to x=0
12:59:39 INFO  [Main] [Imix]: [ImixAI][SEARCH] phase=LEARNED FAILURE -> SEARCHING ALTERNATIVE x=0.0 y=105.0 plan=92 candidate=LATE failures=93 budget=6 checkpoint=0.0
12:59:39 WARN  [Main] [Imix]: [ImixAI][FAIL] x=1.3 y=105.0 same-region=true -> candidate=CENTER plan=93 errors=94/6
12:59:39 INFO  [Main] [Imix]: [ImixAI][ROLLBACK] no safe checkpoint yet; returned to x=0
12:59:39 INFO  [Main] [Imix]: [ImixAI][SEARCH] phase=LEARNED FAILURE -> SEARCHING ALTERNATIVE x=0.0 y=105.0 plan=93 candidate=CENTER failures=94 budget=6 checkpoint=0.0
12:59:39 WARN  [Main] [Imix]: [ImixAI][FAIL] x=1.3 y=105.0 same-region=true -> candidate=EARLY plan=94 errors=95/6
12:59:39 INFO  [Main] [Imix]: [ImixAI][ROLLBACK] no safe checkpoint yet; returned to x=0
12:59:39 INFO  [Main] [Imix]: [ImixAI][SEARCH] phase=LEARNED FAILURE -> SEARCHING ALTERNATIVE x=0.0 y=105.0 plan=94 candidate=EARLY failures=95 budget=6 checkpoint=0.0
12:59:39 WARN  [Main] [Imix]: [ImixAI][FAIL] x=1.3 y=105.0 same-region=true -> candidate=LATE plan=95 errors=96/6
12:59:39 INFO  [Main] [Imix]: [ImixAI][ROLLBACK] no safe checkpoint yet; returned to x=0
12:59:39 INFO  [Main] [Imix]: [ImixAI][SEARCH] phase=LEARNED FAILURE -> SEARCHING ALTERNATIVE x=0.0 y=105.0 plan=95 candidate=LATE failures=96 budget=6 checkpoint=0.0
12:59:39 WARN  [Main] [Imix]: [ImixAI][FAIL] x=1.3 y=105.0 same-region=true -> candidate=CENTER plan=96 errors=97/6
12:59:39 INFO  [Main] [Imix]: [ImixAI][ROLLBACK] no safe checkpoint yet; returned to x=0
12:59:39 INFO  [Main] [Imix]: [ImixAI][SEARCH] phase=LEARNED FAILURE -> SEARCHING ALTERNATIVE x=0.0 y=105.0 plan=96 candidate=CENTER failures=97 budget=6 checkpoint=0.0
12:59:39 WARN  [Main] [Imix]: [ImixAI][FAIL] x=1.3 y=105.0 same-region=true -> candidate=EARLY plan=97 errors=98/6
12:59:39 INFO  [Main] [Imix]: [ImixAI][ROLLBACK] no safe checkpoint yet; returned to x=0
12:59:39 INFO  [Main] [Imix]: [ImixAI][SEARCH] phase=LEARNED FAILURE -> SEARCHING ALTERNATIVE x=0.0 y=105.0 plan=97 candidate=EARLY failures=98 budget=6 checkpoint=0.0
12:59:39 WARN  [Main] [Imix]: [ImixAI][FAIL] x=1.3 y=105.0 same-region=true -> candidate=LATE plan=98 errors=99/6
12:59:39 INFO  [Main] [Imix]: [ImixAI][ROLLBACK] no safe checkpoint yet; returned to x=0
12:59:39 INFO  [Main] [Imix]: [ImixAI][SEARCH] phase=LEARNED FAILURE -> SEARCHING ALTERNATIVE x=0.0 y=105.0 plan=98 candidate=LATE failures=99 budget=6 checkpoint=0.0
12:59:39 WARN  [Main] [Imix]: [ImixAI][FAIL] x=1.3 y=105.0 same-region=true -> candidate=CENTER plan=99 errors=100/6
12:59:39 INFO  [Main] [Imix]: [ImixAI][ROLLBACK] no safe checkpoint yet; returned to x=0
12:59:39 INFO  [Main] [Imix]: [ImixAI][SEARCH] phase=LEARNED FAILURE -> SEARCHING ALTERNATIVE x=0.0 y=105.0 plan=99 candidate=CENTER failures=100 budget=6 checkpoint=0.0
12:59:39 WARN  [Main] [Imix]: [ImixAI][FAIL] x=1.3 y=105.0 same-region=true -> candidate=EARLY plan=100 errors=101/6
12:59:39 INFO  [Main] [Imix]: [ImixAI][ROLLBACK] no safe checkpoint yet; returned to x=0
12:59:39 INFO  [Main] [Imix]: [ImixAI][SEARCH] phase=LEARNED FAILURE -> SEARCHING ALTERNATIVE x=0.0 y=105.0 plan=100 candidate=EARLY failures=101 budget=6 checkpoint=0.0
12:59:39 WARN  [Main] [Imix]: [ImixAI][FAIL] x=1.3 y=105.0 same-region=true -> candidate=LATE plan=101 errors=102/6
12:59:39 INFO  [Main] [Imix]: [ImixAI][ROLLBACK] no safe checkpoint yet; returned to x=0
12:59:39 INFO  [Main] [Imix]: [ImixAI][SEARCH] phase=LEARNED FAILURE -> SEARCHING ALTERNATIVE x=0.0 y=105.0 plan=101 candidate=LATE failures=102 budget=6 checkpoint=0.0
12:59:39 WARN  [Main] [Imix]: [ImixAI][FAIL] x=1.3 y=105.0 same-region=true -> candidate=CENTER plan=102 errors=103/6
12:59:39 INFO  [Main] [Imix]: [ImixAI][ROLLBACK] no safe checkpoint yet; returned to x=0
12:59:39 INFO  [Main] [Imix]: [ImixAI][SEARCH] phase=LEARNED FAILURE -> SEARCHING ALTERNATIVE x=0.0 y=105.0 plan=102 candidate=CENTER failures=103 budget=6 checkpoint=0.0
12:59:39 WARN  [Main] [Imix]: [ImixAI][FAIL] x=1.3 y=105.0 same-region=true -> candidate=EARLY plan=103 errors=104/6
12:59:39 INFO  [Main] [Imix]: [ImixAI][ROLLBACK] no safe checkpoint yet; returned to x=0
12:59:39 INFO  [Main] [Imix]: [ImixAI][SEARCH] phase=LEARNED FAILURE -> SEARCHING ALTERNATIVE x=0.0 y=105.0 plan=103 candidate=EARLY failures=104 budget=6 checkpoint=0.0
12:59:39 WARN  [Main] [Imix]: [ImixAI][FAIL] x=1.3 y=105.0 same-region=true -> candidate=LATE plan=104 errors=105/6
12:59:39 INFO  [Main] [Imix]: [ImixAI][ROLLBACK] no safe checkpoint yet; returned to x=0
12:59:39 INFO  [Main] [Imix]: [ImixAI][SEARCH] phase=LEARNED FAILURE -> SEARCHING ALTERNATIVE x=0.0 y=105.0 plan=104 candidate=LATE failures=105 budget=6 checkpoint=0.0
12:59:39 WARN  [Main] [Imix]: [ImixAI][FAIL] x=1.3 y=105.0 same-region=true -> candidate=CENTER plan=105 errors=106/6
12:59:39 INFO  [Main] [Imix]: [ImixAI][ROLLBACK] no safe checkpoint yet; returned to x=0
12:59:39 INFO  [Main] [Imix]: [ImixAI][SEARCH] phase=LEARNED FAILURE -> SEARCHING ALTERNATIVE x=0.0 y=105.0 plan=105 candidate=CENTER failures=106 budget=6 checkpoint=0.0
12:59:39 WARN  [Main] [Imix]: [ImixAI][FAIL] x=1.3 y=105.0 same-region=true -> candidate=EARLY plan=106 errors=107/6
12:59:39 INFO  [Main] [Imix]: [ImixAI][ROLLBACK] no safe checkpoint yet; returned to x=0
12:59:39 INFO  [Main] [Imix]: [ImixAI][SEARCH] phase=LEARNED FAILURE -> SEARCHING ALTERNATIVE x=0.0 y=105.0 plan=106 candidate=EARLY failures=107 budget=6 checkpoint=0.0
12:59:39 WARN  [Main] [Imix]: [ImixAI][FAIL] x=1.3 y=105.0 same-region=true -> candidate=LATE plan=107 errors=108/6
12:59:39 INFO  [Main] [Imix]: [ImixAI][ROLLBACK] no safe checkpoint yet; returned to x=0
12:59:39 INFO  [Main] [Imix]: [ImixAI][SEARCH] phase=LEARNED FAILURE -> SEARCHING ALTERNATIVE x=0.0 y=105.0 plan=107 candidate=LATE failures=108 budget=6 checkpoint=0.0
12:59:39 WARN  [Main] [Imix]: [ImixAI][FAIL] x=1.3 y=105.0 same-region=true -> candidate=CENTER plan=108 errors=109/6
12:59:39 INFO  [Main] [Imix]: [ImixAI][ROLLBACK] no safe checkpoint yet; returned to x=0
12:59:39 INFO  [Main] [Imix]: [ImixAI][SEARCH] phase=LEARNED FAILURE -> SEARCHING ALTERNATIVE x=0.0 y=105.0 plan=108 candidate=CENTER failures=109 budget=6 checkpoint=0.0
12:59:39 WARN  [Main] [Imix]: [ImixAI][FAIL] x=1.3 y=105.0 same-region=true -> candidate=EARLY plan=109 errors=110/6
12:59:39 INFO  [Main] [Imix]: [ImixAI][ROLLBACK] no safe checkpoint yet; returned to x=0
12:59:39 INFO  [Main] [Imix]: [ImixAI][SEARCH] phase=LEARNED FAILURE -> SEARCHING ALTERNATIVE x=0.0 y=105.0 plan=109 candidate=EARLY failures=110 budget=6 checkpoint=0.0
12:59:39 WARN  [Main] [Imix]: [ImixAI][FAIL] x=1.3 y=105.0 same-region=true -> candidate=LATE plan=110 errors=111/6
12:59:39 INFO  [Main] [Imix]: [ImixAI][ROLLBACK] no safe checkpoint yet; returned to x=0
12:59:39 INFO  [Main] [Imix]: [ImixAI][SEARCH] phase=LEARNED FAILURE -> SEARCHING ALTERNATIVE x=0.0 y=105.0 plan=110 candidate=LATE failures=111 budget=6 checkpoint=0.0
12:59:39 WARN  [Main] [Imix]: [ImixAI][FAIL] x=1.3 y=105.0 same-region=true -> candidate=CENTER plan=111 errors=112/6
12:59:39 INFO  [Main] [Imix]: [ImixAI][ROLLBACK] no safe checkpoint yet; returned to x=0
12:59:39 INFO  [Main] [Imix]: [ImixAI][SEARCH] phase=LEARNED FAILURE -> SEARCHING ALTERNATIVE x=0.0 y=105.0 plan=111 candidate=CENTER failures=112 budget=6 checkpoint=0.0
12:59:39 WARN  [Main] [Imix]: [ImixAI][FAIL] x=1.3 y=105.0 same-region=true -> candidate=EARLY plan=112 errors=113/6
12:59:39 INFO  [Main] [Imix]: [ImixAI][ROLLBACK] no safe checkpoint yet; returned to x=0
12:59:39 INFO  [Main] [Imix]: [ImixAI][SEARCH] phase=LEARNED FAILURE -> SEARCHING ALTERNATIVE x=0.0 y=105.0 plan=112 candidate=EARLY failures=113 budget=6 checkpoint=0.0
12:59:39 WARN  [Main] [Imix]: [ImixAI][FAIL] x=1.3 y=105.0 same-region=true -> candidate=LATE plan=113 errors=114/6
12:59:39 INFO  [Main] [Imix]: [ImixAI][ROLLBACK] no safe checkpoint yet; returned to x=0
12:59:39 INFO  [Main] [Imix]: [ImixAI][SEARCH] phase=LEARNED FAILURE -> SEARCHING ALTERNATIVE x=0.0 y=105.0 plan=113 candidate=LATE failures=114 budget=6 checkpoint=0.0
12:59:39 WARN  [Main] [Imix]: [ImixAI][FAIL] x=1.3 y=105.0 same-region=true -> candidate=CENTER plan=114 errors=115/6
12:59:39 INFO  [Main] [Imix]: [ImixAI][ROLLBACK] no safe checkpoint yet; returned to x=0
12:59:39 INFO  [Main] [Imix]: [ImixAI][SEARCH] phase=LEARNED FAILURE -> SEARCHING ALTERNATIVE x=0.0 y=105.0 plan=114 candidate=CENTER failures=115 budget=6 checkpoint=0.0
12:59:39 WARN  [Main] [Imix]: [ImixAI][FAIL] x=1.3 y=105.0 same-region=true -> candidate=EARLY plan=115 errors=116/6
12:59:39 INFO  [Main] [Imix]: [ImixAI][ROLLBACK] no safe checkpoint yet; returned to x=0
12:59:39 INFO  [Main] [Imix]: [ImixAI][SEARCH] phase=LEARNED FAILURE -> SEARCHING ALTERNATIVE x=0.0 y=105.0 plan=115 candidate=EARLY failures=116 budget=6 checkpoint=0.0
12:59:39 WARN  [Main] [Imix]: [ImixAI][FAIL] x=1.3 y=105.0 same-region=true -> candidate=LATE plan=116 errors=117/6
12:59:39 INFO  [Main] [Imix]: [ImixAI][ROLLBACK] no safe checkpoint yet; returned to x=0
12:59:39 INFO  [Main] [Imix]: [ImixAI][SEARCH] phase=LEARNED FAILURE -> SEARCHING ALTERNATIVE x=0.0 y=105.0 plan=116 candidate=LATE failures=117 budget=6 checkpoint=0.0
12:59:39 WARN  [Main] [Imix]: [ImixAI][FAIL] x=1.3 y=105.0 same-region=true -> candidate=CENTER plan=117 errors=118/6
12:59:39 INFO  [Main] [Imix]: [ImixAI][ROLLBACK] no safe checkpoint yet; returned to x=0
12:59:39 INFO  [Main] [Imix]: [ImixAI][SEARCH] phase=LEARNED FAILURE -> SEARCHING ALTERNATIVE x=0.0 y=105.0 plan=117 candidate=CENTER failures=118 budget=6 checkpoint=0.0
12:59:39 WARN  [Main] [Imix]: [ImixAI][FAIL] x=1.3 y=105.0 same-region=true -> candidate=EARLY plan=118 errors=119/6
12:59:39 INFO  [Main] [Imix]: [ImixAI][ROLLBACK] no safe checkpoint yet; returned to x=0
12:59:39 INFO  [Main] [Imix]: [ImixAI][SEARCH] phase=LEARNED FAILURE -> SEARCHING ALTERNATIVE x=0.0 y=105.0 plan=118 candidate=EARLY failures=119 budget=6 checkpoint=0.0
12:59:39 WARN  [Main] [Imix]: [ImixAI][FAIL] x=1.3 y=105.0 same-region=true -> candidate=LATE plan=119 errors=120/6
12:59:39 INFO  [Main] [Imix]: [ImixAI][ROLLBACK] no safe checkpoint yet; returned to x=0
12:59:39 INFO  [Main] [Imix]: [ImixAI][SEARCH] phase=LEARNED FAILURE -> SEARCHING ALTERNATIVE x=0.0 y=105.0 plan=119 candidate=LATE failures=120 budget=6 checkpoint=0.0
12:59:39 WARN  [Main] [Imix]: [ImixAI][FAIL] x=1.3 y=105.0 same-region=true -> candidate=CENTER plan=120 errors=121/6
12:59:39 INFO  [Main] [Imix]: [ImixAI][ROLLBACK] no safe checkpoint yet; returned to x=0
12:59:39 INFO  [Main] [Imix]: [ImixAI][SEARCH] phase=LEARNED FAILURE -> SEARCHING ALTERNATIVE x=0.0 y=105.0 plan=120 candidate=CENTER failures=121 budget=6 checkpoint=0.0
12:59:39 WARN  [Main] [Imix]: [ImixAI][FAIL] x=1.3 y=105.0 same-region=true -> candidate=EARLY plan=121 errors=122/6
12:59:39 INFO  [Main] [Imix]: [ImixAI][ROLLBACK] no safe checkpoint yet; returned to x=0
12:59:39 INFO  [Main] [Imix]: [ImixAI][SEARCH] phase=LEARNED FAILURE -> SEARCHING ALTERNATIVE x=0.0 y=105.0 plan=121 candidate=EARLY failures=122 budget=6 checkpoint=0.0
12:59:39 WARN  [Main] [Imix]: [ImixAI][FAIL] x=1.3 y=105.0 same-region=true -> candidate=LATE plan=122 errors=123/6
12:59:39 INFO  [Main] [Imix]: [ImixAI][ROLLBACK] no safe checkpoint yet; returned to x=0
12:59:39 INFO  [Main] [Imix]: [ImixAI][SEARCH] phase=LEARNED FAILURE -> SEARCHING ALTERNATIVE x=0.0 y=105.0 plan=122 candidate=LATE failures=123 budget=6 checkpoint=0.0
12:59:39 WARN  [Main] [Imix]: [ImixAI][FAIL] x=1.3 y=105.0 same-region=true -> candidate=CENTER plan=123 errors=124/6
12:59:39 INFO  [Main] [Imix]: [ImixAI][ROLLBACK] no safe checkpoint yet; returned to x=0
12:59:39 INFO  [Main] [Imix]: [ImixAI][SEARCH] phase=LEARNED FAILURE -> SEARCHING ALTERNATIVE x=0.0 y=105.0 plan=123 candidate=CENTER failures=124 budget=6 checkpoint=0.0
12:59:39 WARN  [Main] [Imix]: [ImixAI][FAIL] x=1.3 y=105.0 same-region=true -> candidate=EARLY plan=124 errors=125/6
12:59:39 INFO  [Main] [Imix]: [ImixAI][ROLLBACK] no safe checkpoint yet; returned to x=0
12:59:39 INFO  [Main] [Imix]: [ImixAI][SEARCH] phase=LEARNED FAILURE -> SEARCHING ALTERNATIVE x=0.0 y=105.0 plan=124 candidate=EARLY failures=125 budget=6 checkpoint=0.0
12:59:39 WARN  [Main] [Imix]: [ImixAI][FAIL] x=1.3 y=105.0 same-region=true -> candidate=LATE plan=125 errors=126/6
12:59:39 INFO  [Main] [Imix]: [ImixAI][ROLLBACK] no safe checkpoint yet; returned to x=0
12:59:39 INFO  [Main] [Imix]: [ImixAI][SEARCH] phase=LEARNED FAILURE -> SEARCHING ALTERNATIVE x=0.0 y=105.0 plan=125 candidate=LATE failures=126 budget=6 checkpoint=0.0
12:59:39 WARN  [Main] [Imix]: [ImixAI][FAIL] x=1.3 y=105.0 same-region=true -> candidate=CENTER plan=126 errors=127/6
12:59:39 INFO  [Main] [Imix]: [ImixAI][ROLLBACK] no safe checkpoint yet; returned to x=0
12:59:39 INFO  [Main] [Imix]: [ImixAI][SEARCH] phase=LEARNED FAILURE -> SEARCHING ALTERNATIVE x=0.0 y=105.0 plan=126 candidate=CENTER failures=127 budget=6 checkpoint=0.0
12:59:39 WARN  [Main] [Imix]: [ImixAI][FAIL] x=1.3 y=105.0 same-region=true -> candidate=EARLY plan=127 errors=128/6
12:59:39 INFO  [Main] [Imix]: [ImixAI][ROLLBACK] no safe checkpoint yet; returned to x=0
12:59:39 INFO  [Main] [Imix]: [ImixAI][SEARCH] phase=LEARNED FAILURE -> SEARCHING ALTERNATIVE x=0.0 y=105.0 plan=127 candidate=EARLY failures=128 budget=6 checkpoint=0.0
12:59:39 WARN  [Main] [Imix]: [ImixAI][FAIL] x=1.3 y=105.0 same-region=true -> candidate=LATE plan=128 errors=129/6
12:59:39 INFO  [Main] [Imix]: [ImixAI][ROLLBACK] no safe checkpoint yet; returned to x=0
12:59:39 INFO  [Main] [Imix]: [ImixAI][SEARCH] phase=LEARNED FAILURE -> SEARCHING ALTERNATIVE x=0.0 y=105.0 plan=128 candidate=LATE failures=129 budget=6 checkpoint=0.0
12:59:39 WARN  [Main] [Imix]: [ImixAI][FAIL] x=1.3 y=105.0 same-region=true -> candidate=CENTER plan=129 errors=130/6
12:59:39 INFO  [Main] [Imix]: [ImixAI][ROLLBACK] no safe checkpoint yet; returned to x=0
12:59:39 INFO  [Main] [Imix]: [ImixAI][SEARCH] phase=LEARNED FAILURE -> SEARCHING ALTERNATIVE x=0.0 y=105.0 plan=129 candidate=CENTER failures=130 budget=6 checkpoint=0.0
12:59:39 WARN  [Main] [Imix]: [ImixAI][FAIL] x=1.3 y=105.0 same-region=true -> candidate=EARLY plan=130 errors=131/6
12:59:39 INFO  [Main] [Imix]: [ImixAI][ROLLBACK] no safe checkpoint yet; returned to x=0
12:59:39 INFO  [Main] [Imix]: [ImixAI][SEARCH] phase=LEARNED FAILURE -> SEARCHING ALTERNATIVE x=0.0 y=105.0 plan=130 candidate=EARLY failures=131 budget=6 checkpoint=0.0
12:59:39 WARN  [Main] [Imix]: [ImixAI][FAIL] x=1.3 y=105.0 same-region=true -> candidate=LATE plan=131 errors=132/6
12:59:39 INFO  [Main] [Imix]: [ImixAI][ROLLBACK] no safe checkpoint yet; returned to x=0
12:59:39 INFO  [Main] [Imix]: [ImixAI][SEARCH] phase=LEARNED FAILURE -> SEARCHING ALTERNATIVE x=0.0 y=105.0 plan=131 candidate=LATE failures=132 budget=6 checkpoint=0.0
12:59:39 WARN  [Main] [Imix]: [ImixAI][FAIL] x=1.3 y=105.0 same-region=true -> candidate=CENTER plan=132 errors=133/6
12:59:39 INFO  [Main] [Imix]: [ImixAI][ROLLBACK] no safe checkpoint yet; returned to x=0
12:59:39 INFO  [Main] [Imix]: [ImixAI][SEARCH] phase=LEARNED FAILURE -> SEARCHING ALTERNATIVE x=0.0 y=105.0 plan=132 candidate=CENTER failures=133 budget=6 checkpoint=0.0
12:59:39 WARN  [Main] [Imix]: [ImixAI][FAIL] x=1.3 y=105.0 same-region=true -> candidate=EARLY plan=133 errors=134/6
12:59:39 INFO  [Main] [Imix]: [ImixAI][ROLLBACK] no safe checkpoint yet; returned to x=0
12:59:39 INFO  [Main] [Imix]: [ImixAI][SEARCH] phase=LEARNED FAILURE -> SEARCHING ALTERNATIVE x=0.0 y=105.0 plan=133 candidate=EARLY failures=134 budget=6 checkpoint=0.0
12:59:39 WARN  [Main] [Imix]: [ImixAI][FAIL] x=1.3 y=105.0 same-region=true -> candidate=LATE plan=134 errors=135/6
12:59:39 INFO  [Main] [Imix]: [ImixAI][ROLLBACK] no safe checkpoint yet; returned to x=0
12:59:39 INFO  [Main] [Imix]: [ImixAI][SEARCH] phase=LEARNED FAILURE -> SEARCHING ALTERNATIVE x=0.0 y=105.0 plan=134 candidate=LATE failures=135 budget=6 checkpoint=0.0
12:59:39 WARN  [Main] [Imix]: [ImixAI][FAIL] x=1.3 y=105.0 same-region=true -> candidate=CENTER plan=135 errors=136/6
12:59:39 INFO  [Main] [Imix]: [ImixAI][ROLLBACK] no safe checkpoint yet; returned to x=0
12:59:39 INFO  [Main] [Imix]: [ImixAI][SEARCH] phase=LEARNED FAILURE -> SEARCHING ALTERNATIVE x=0.0 y=105.0 plan=135 candidate=CENTER failures=136 budget=6 checkpoint=0.0
12:59:39 WARN  [Main] [Imix]: [ImixAI][FAIL] x=1.3 y=105.0 same-region=true -> candidate=EARLY plan=136 errors=137/6
12:59:39 INFO  [Main] [Imix]: [ImixAI][ROLLBACK] no safe checkpoint yet; returned to x=0
12:59:39 INFO  [Main] [Imix]: [ImixAI][SEARCH] phase=LEARNED FAILURE -> SEARCHING ALTERNATIVE x=0.0 y=105.0 plan=136 candidate=EARLY failures=137 budget=6 checkpoint=0.0
12:59:39 WARN  [Main] [Imix]: [ImixAI][FAIL] x=1.3 y=105.0 same-region=true -> candidate=LATE plan=137 errors=138/6
12:59:39 INFO  [Main] [Imix]: [ImixAI][ROLLBACK] no safe checkpoint yet; returned to x=0
12:59:39 INFO  [Main] [Imix]: [ImixAI][SEARCH] phase=LEARNED FAILURE -> SEARCHING ALTERNATIVE x=0.0 y=105.0 plan=137 candidate=LATE failures=138 budget=6 checkpoint=0.0
12:59:39 WARN  [Main] [Imix]: [ImixAI][FAIL] x=1.3 y=105.0 same-region=true -> candidate=CENTER plan=138 errors=139/6
12:59:39 INFO  [Main] [Imix]: [ImixAI][ROLLBACK] no safe checkpoint yet; returned to x=0
12:59:39 INFO  [Main] [Imix]: [ImixAI][SEARCH] phase=LEARNED FAILURE -> SEARCHING ALTERNATIVE x=0.0 y=105.0 plan=138 candidate=CENTER failures=139 budget=6 checkpoint=0.0
12:59:39 WARN  [Main] [Imix]: [ImixAI][FAIL] x=1.3 y=105.0 same-region=true -> candidate=EARLY plan=139 errors=140/6
12:59:39 INFO  [Main] [Imix]: [ImixAI][ROLLBACK] no safe checkpoint yet; returned to x=0
12:59:39 INFO  [Main] [Imix]: [ImixAI][SEARCH] phase=LEARNED FAILURE -> SEARCHING ALTERNATIVE x=0.0 y=105.0 plan=139 candidate=EARLY failures=140 budget=6 checkpoint=0.0
12:59:39 WARN  [Main] [Imix]: [ImixAI][FAIL] x=1.3 y=105.0 same-region=true -> candidate=LATE plan=140 errors=141/6
12:59:39 INFO  [Main] [Imix]: [ImixAI][ROLLBACK] no safe checkpoint yet; returned to x=0
12:59:39 INFO  [Main] [Imix]: [ImixAI][SEARCH] phase=LEARNED FAILURE -> SEARCHING ALTERNATIVE x=0.0 y=105.0 plan=140 candidate=LATE failures=141 budget=6 checkpoint=0.0
12:59:39 WARN  [Main] [Imix]: [ImixAI][FAIL] x=1.3 y=105.0 same-region=true -> candidate=CENTER plan=141 errors=142/6
12:59:39 INFO  [Main] [Imix]: [ImixAI][ROLLBACK] no safe checkpoint yet; returned to x=0
12:59:39 INFO  [Main] [Imix]: [ImixAI][SEARCH] phase=LEARNED FAILURE -> SEARCHING ALTERNATIVE x=0.0 y=105.0 plan=141 candidate=CENTER failures=142 budget=6 checkpoint=0.0
12:59:39 WARN  [Main] [Imix]: [ImixAI][FAIL] x=1.3 y=105.0 same-region=true -> candidate=EARLY plan=142 errors=143/6
12:59:39 INFO  [Main] [Imix]: [ImixAI][ROLLBACK] no safe checkpoint yet; returned to x=0
12:59:39 INFO  [Main] [Imix]: [ImixAI][SEARCH] phase=LEARNED FAILURE -> SEARCHING ALTERNATIVE x=0.0 y=105.0 plan=142 candidate=EARLY failures=143 budget=6 checkpoint=0.0
12:59:39 WARN  [Main] [Imix]: [ImixAI][FAIL] x=1.3 y=105.0 same-region=true -> candidate=LATE plan=143 errors=144/6
12:59:39 INFO  [Main] [Imix]: [ImixAI][ROLLBACK] no safe checkpoint yet; returned to x=0
12:59:39 INFO  [Main] [Imix]: [ImixAI][SEARCH] phase=LEARNED FAILURE -> SEARCHING ALTERNATIVE x=0.0 y=105.0 plan=143 candidate=LATE failures=144 budget=6 checkpoint=0.0
12:59:39 WARN  [Main] [Imix]: [ImixAI][FAIL] x=1.3 y=105.0 same-region=true -> candidate=CENTER plan=144 errors=145/6
12:59:39 INFO  [Main] [Imix]: [ImixAI][ROLLBACK] no safe checkpoint yet; returned to x=0
12:59:39 INFO  [Main] [Imix]: [ImixAI][SEARCH] phase=LEARNED FAILURE -> SEARCHING ALTERNATIVE x=0.0 y=105.0 plan=144 candidate=CENTER failures=145 budget=6 checkpoint=0.0
12:59:39 WARN  [Main] [Imix]: [ImixAI][FAIL] x=1.3 y=105.0 same-region=true -> candidate=EARLY plan=145 errors=146/6
12:59:39 INFO  [Main] [Imix]: [ImixAI][ROLLBACK] no safe checkpoint yet; returned to x=0
12:59:39 INFO  [Main] [Imix]: [ImixAI][SEARCH] phase=LEARNED FAILURE -> SEARCHING ALTERNATIVE x=0.0 y=105.0 plan=145 candidate=EARLY failures=146 budget=6 checkpoint=0.0
12:59:39 WARN  [Main] [Imix]: [ImixAI][FAIL] x=1.3 y=105.0 same-region=true -> candidate=LATE plan=146 errors=147/6
12:59:39 INFO  [Main] [Imix]: [ImixAI][ROLLBACK] no safe checkpoint yet; returned to x=0
12:59:39 INFO  [Main] [Imix]: [ImixAI][SEARCH] phase=LEARNED FAILURE -> SEARCHING ALTERNATIVE x=0.0 y=105.0 plan=146 candidate=LATE failures=147 budget=6 checkpoint=0.0
12:59:39 WARN  [Main] [Imix]: [ImixAI][FAIL] x=1.3 y=105.0 same-region=true -> candidate=CENTER plan=147 errors=148/6
12:59:39 INFO  [Main] [Imix]: [ImixAI][ROLLBACK] no safe checkpoint yet; returned to x=0
12:59:39 INFO  [Main] [Imix]: [ImixAI][SEARCH] phase=LEARNED FAILURE -> SEARCHING ALTERNATIVE x=0.0 y=105.0 plan=147 candidate=CENTER failures=148 budget=6 checkpoint=0.0
12:59:39 WARN  [Main] [Imix]: [ImixAI][FAIL] x=1.3 y=105.0 same-region=true -> candidate=EARLY plan=148 errors=149/6
12:59:39 INFO  [Main] [Imix]: [ImixAI][ROLLBACK] no safe checkpoint yet; returned to x=0
12:59:39 INFO  [Main] [Imix]: [ImixAI][SEARCH] phase=LEARNED FAILURE -> SEARCHING ALTERNATIVE x=0.0 y=105.0 plan=148 candidate=EARLY failures=149 budget=6 checkpoint=0.0
12:59:39 WARN  [Main] [Imix]: [ImixAI][FAIL] x=1.3 y=105.0 same-region=true -> candidate=LATE plan=149 errors=150/6
12:59:39 INFO  [Main] [Imix]: [ImixAI][ROLLBACK] no safe checkpoint yet; returned to x=0
12:59:39 INFO  [Main] [Imix]: [ImixAI][SEARCH] phase=LEARNED FAILURE -> SEARCHING ALTERNATIVE x=0.0 y=105.0 plan=149 candidate=LATE failures=150 budget=6 checkpoint=0.0
12:59:39 WARN  [Main] [Imix]: [ImixAI][FAIL] x=1.3 y=105.0 same-region=true -> candidate=CENTER plan=150 errors=151/6
12:59:39 INFO  [Main] [Imix]: [ImixAI][ROLLBACK] no safe checkpoint yet; returned to x=0
12:59:39 INFO  [Main] [Imix]: [ImixAI][SEARCH] phase=LEARNED FAILURE -> SEARCHING ALTERNATIVE x=0.0 y=105.0 plan=150 candidate=CENTER failures=151 budget=6 checkpoint=0.0
12:59:39 WARN  [Main] [Imix]: [ImixAI][FAIL] x=1.3 y=105.0 same-region=true -> candidate=EARLY plan=151 errors=152/6
12:59:39 INFO  [Main] [Imix]: [ImixAI][ROLLBACK] no safe checkpoint yet; returned to x=0
12:59:39 INFO  [Main] [Imix]: [ImixAI][SEARCH] phase=LEARNED FAILURE -> SEARCHING ALTERNATIVE x=0.0 y=105.0 plan=151 candidate=EARLY failures=152 budget=6 checkpoint=0.0
12:59:39 WARN  [Main] [Imix]: [ImixAI][FAIL] x=1.3 y=105.0 same-region=true -> candidate=LATE plan=152 errors=153/6
12:59:39 INFO  [Main] [Imix]: [ImixAI][ROLLBACK] no safe checkpoint yet; returned to x=0
12:59:39 INFO  [Main] [Imix]: [ImixAI][SEARCH] phase=LEARNED FAILURE -> SEARCHING ALTERNATIVE x=0.0 y=105.0 plan=152 candidate=LATE failures=153 budget=6 checkpoint=0.0
12:59:39 WARN  [Main] [Imix]: [ImixAI][FAIL] x=1.3 y=105.0 same-region=true -> candidate=CENTER plan=153 errors=154/6
12:59:39 INFO  [Main] [Imix]: [ImixAI][ROLLBACK] no safe checkpoint yet; returned to x=0
12:59:39 INFO  [Main] [Imix]: [ImixAI][SEARCH] phase=LEARNED FAILURE -> SEARCHING ALTERNATIVE x=0.0 y=105.0 plan=153 candidate=CENTER failures=154 budget=6 checkpoint=0.0
12:59:39 WARN  [Main] [Imix]: [ImixAI][FAIL] x=1.3 y=105.0 same-region=true -> candidate=EARLY plan=154 errors=155/6
12:59:39 INFO  [Main] [Imix]: [ImixAI][ROLLBACK] no safe checkpoint yet; returned to x=0
12:59:39 INFO  [Main] [Imix]: [ImixAI][SEARCH] phase=LEARNED FAILURE -> SEARCHING ALTERNATIVE x=0.0 y=105.0 plan=154 candidate=EARLY failures=155 budget=6 checkpoint=0.0
12:59:39 WARN  [Main] [Imix]: [ImixAI][FAIL] x=1.3 y=105.0 same-region=true -> candidate=LATE plan=155 errors=156/6
12:59:39 INFO  [Main] [Imix]: [ImixAI][ROLLBACK] no safe checkpoint yet; returned to x=0
12:59:39 INFO  [Main] [Imix]: [ImixAI][SEARCH] phase=LEARNED FAILURE -> SEARCHING ALTERNATIVE x=0.0 y=105.0 plan=155 candidate=LATE failures=156 budget=6 checkpoint=0.0
12:59:39 WARN  [Main] [Imix]: [ImixAI][FAIL] x=1.3 y=105.0 same-region=true -> candidate=CENTER plan=156 errors=157/6
12:59:39 INFO  [Main] [Imix]: [ImixAI][ROLLBACK] no safe checkpoint yet; returned to x=0
12:59:39 INFO  [Main] [Imix]: [ImixAI][SEARCH] phase=LEARNED FAILURE -> SEARCHING ALTERNATIVE x=0.0 y=105.0 plan=156 candidate=CENTER failures=157 budget=6 checkpoint=0.0
12:59:39 WARN  [Main] [Imix]: [ImixAI][FAIL] x=1.3 y=105.0 same-region=true -> candidate=EARLY plan=157 errors=158/6
12:59:39 INFO  [Main] [Imix]: [ImixAI][ROLLBACK] no safe checkpoint yet; returned to x=0
12:59:39 INFO  [Main] [Imix]: [ImixAI][SEARCH] phase=LEARNED FAILURE -> SEARCHING ALTERNATIVE x=0.0 y=105.0 plan=157 candidate=EARLY failures=158 budget=6 checkpoint=0.0
12:59:39 WARN  [Main] [Imix]: [ImixAI][FAIL] x=1.3 y=105.0 same-region=true -> candidate=LATE plan=158 errors=159/6
12:59:39 INFO  [Main] [Imix]: [ImixAI][ROLLBACK] no safe checkpoint yet; returned to x=0
12:59:39 INFO  [Main] [Imix]: [ImixAI][SEARCH] phase=LEARNED FAILURE -> SEARCHING ALTERNATIVE x=0.0 y=105.0 plan=158 candidate=LATE failures=159 budget=6 checkpoint=0.0
12:59:39 WARN  [Main] [Imix]: [ImixAI][FAIL] x=1.3 y=105.0 same-region=true -> candidate=CENTER plan=159 errors=160/6
12:59:39 INFO  [Main] [Imix]: [ImixAI][ROLLBACK] no safe checkpoint yet; returned to x=0
12:59:39 INFO  [Main] [Imix]: [ImixAI][SEARCH] phase=LEARNED FAILURE -> SEARCHING ALTERNATIVE x=0.0 y=105.0 plan=159 candidate=CENTER failures=160 budget=6 checkpoint=0.0
12:59:39 WARN  [Main] [Imix]: [ImixAI][FAIL] x=1.3 y=105.0 same-region=true -> candidate=EARLY plan=160 errors=161/6
12:59:39 INFO  [Main] [Imix]: [ImixAI][ROLLBACK] no safe checkpoint yet; returned to x=0
12:59:39 INFO  [Main] [Imix]: [ImixAI][SEARCH] phase=LEARNED FAILURE -> SEARCHING ALTERNATIVE x=0.0 y=105.0 plan=160 candidate=EARLY failures=161 budget=6 checkpoint=0.0
12:59:39 WARN  [Main] [Imix]: [ImixAI][FAIL] x=1.3 y=105.0 same-region=true -> candidate=LATE plan=161 errors=162/6
12:59:39 INFO  [Main] [Imix]: [ImixAI][ROLLBACK] no safe checkpoint yet; returned to x=0
12:59:39 INFO  [Main] [Imix]: [ImixAI][SEARCH] phase=LEARNED FAILURE -> SEARCHING ALTERNATIVE x=0.0 y=105.0 plan=161 candidate=LATE failures=162 budget=6 checkpoint=0.0
12:59:39 WARN  [Main] [Imix]: [ImixAI][FAIL] x=1.3 y=105.0 same-region=true -> candidate=CENTER plan=162 errors=163/6
12:59:39 INFO  [Main] [Imix]: [ImixAI][ROLLBACK] no safe checkpoint yet; returned to x=0
12:59:39 INFO  [Main] [Imix]: [ImixAI][SEARCH] phase=LEARNED FAILURE -> SEARCHING ALTERNATIVE x=0.0 y=105.0 plan=162 candidate=CENTER failures=163 budget=6 checkpoint=0.0
12:59:39 WARN  [Main] [Imix]: [ImixAI][FAIL] x=1.3 y=105.0 same-region=true -> candidate=EARLY plan=163 errors=164/6
12:59:39 INFO  [Main] [Imix]: [ImixAI][ROLLBACK] no safe checkpoint yet; returned to x=0
12:59:39 INFO  [Main] [Imix]: [ImixAI][SEARCH] phase=LEARNED FAILURE -> SEARCHING ALTERNATIVE x=0.0 y=105.0 plan=163 candidate=EARLY failures=164 budget=6 checkpoint=0.0
12:59:39 WARN  [Main] [Imix]: [ImixAI][FAIL] x=1.3 y=105.0 same-region=true -> candidate=LATE plan=164 errors=165/6
12:59:39 INFO  [Main] [Imix]: [ImixAI][ROLLBACK] no safe checkpoint yet; returned to x=0
12:59:39 INFO  [Main] [Imix]: [ImixAI][SEARCH] phase=LEARNED FAILURE -> SEARCHING ALTERNATIVE x=0.0 y=105.0 plan=164 candidate=LATE failures=165 budget=6 checkpoint=0.0
12:59:39 WARN  [Main] [Imix]: [ImixAI][FAIL] x=1.3 y=105.0 same-region=true -> candidate=CENTER plan=165 errors=166/6
12:59:39 INFO  [Main] [Imix]: [ImixAI][ROLLBACK] no safe checkpoint yet; returned to x=0
12:59:39 INFO  [Main] [Imix]: [ImixAI][SEARCH] phase=LEARNED FAILURE -> SEARCHING ALTERNATIVE x=0.0 y=105.0 plan=165 candidate=CENTER failures=166 budget=6 checkpoint=0.0
12:59:39 WARN  [Main] [Imix]: [ImixAI][FAIL] x=1.3 y=105.0 same-region=true -> candidate=EARLY plan=166 errors=167/6
12:59:39 INFO  [Main] [Imix]: [ImixAI][ROLLBACK] no safe checkpoint yet; returned to x=0
12:59:39 INFO  [Main] [Imix]: [ImixAI][SEARCH] phase=LEARNED FAILURE -> SEARCHING ALTERNATIVE x=0.0 y=105.0 plan=166 candidate=EARLY failures=167 budget=6 checkpoint=0.0
12:59:39 WARN  [Main] [Imix]: [ImixAI][FAIL] x=1.3 y=105.0 same-region=true -> candidate=LATE plan=167 errors=168/6
12:59:39 INFO  [Main] [Imix]: [ImixAI][ROLLBACK] no safe checkpoint yet; returned to x=0
12:59:39 INFO  [Main] [Imix]: [ImixAI][SEARCH] phase=LEARNED FAILURE -> SEARCHING ALTERNATIVE x=0.0 y=105.0 plan=167 candidate=LATE failures=168 budget=6 checkpoint=0.0
12:59:39 WARN  [Main] [Imix]: [ImixAI][FAIL] x=1.3 y=105.0 same-region=true -> candidate=CENTER plan=168 errors=169/6
12:59:39 INFO  [Main] [Imix]: [ImixAI][ROLLBACK] no safe checkpoint yet; returned to x=0
12:59:39 INFO  [Main] [Imix]: [ImixAI][SEARCH] phase=LEARNED FAILURE -> SEARCHING ALTERNATIVE x=0.0 y=105.0 plan=168 candidate=CENTER failures=169 budget=6 checkpoint=0.0
12:59:39 WARN  [Main] [Imix]: [ImixAI][FAIL] x=1.3 y=105.0 same-region=true -> candidate=EARLY plan=169 errors=170/6
12:59:39 INFO  [Main] [Imix]: [ImixAI][ROLLBACK] no safe checkpoint yet; returned to x=0
12:59:39 INFO  [Main] [Imix]: [ImixAI][SEARCH] phase=LEARNED FAILURE -> SEARCHING ALTERNATIVE x=0.0 y=105.0 plan=169 candidate=EARLY failures=170 budget=6 checkpoint=0.0
12:59:39 WARN  [Main] [Imix]: [ImixAI][FAIL] x=1.3 y=105.0 same-region=true -> candidate=LATE plan=170 errors=171/6
12:59:39 INFO  [Main] [Imix]: [ImixAI][ROLLBACK] no safe checkpoint yet; returned to x=0
12:59:39 INFO  [Main] [Imix]: [ImixAI][SEARCH] phase=LEARNED FAILURE -> SEARCHING ALTERNATIVE x=0.0 y=105.0 plan=170 candidate=LATE failures=171 budget=6 checkpoint=0.0
12:59:39 WARN  [Main] [Imix]: [ImixAI][FAIL] x=1.3 y=105.0 same-region=true -> candidate=CENTER plan=171 errors=172/6
12:59:39 INFO  [Main] [Imix]: [ImixAI][ROLLBACK] no safe checkpoint yet; returned to x=0
12:59:39 INFO  [Main] [Imix]: [ImixAI][SEARCH] phase=LEARNED FAILURE -> SEARCHING ALTERNATIVE x=0.0 y=105.0 plan=171 candidate=CENTER failures=172 budget=6 checkpoint=0.0
12:59:39 WARN  [Main] [Imix]: [ImixAI][FAIL] x=1.3 y=105.0 same-region=true -> candidate=EARLY plan=172 errors=173/6
12:59:39 INFO  [Main] [Imix]: [ImixAI][ROLLBACK] no safe checkpoint yet; returned to x=0
12:59:39 INFO  [Main] [Imix]: [ImixAI][SEARCH] phase=LEARNED FAILURE -> SEARCHING ALTERNATIVE x=0.0 y=105.0 plan=172 candidate=EARLY failures=173 budget=6 checkpoint=0.0
12:59:39 WARN  [Main] [Imix]: [ImixAI][FAIL] x=1.3 y=105.0 same-region=true -> candidate=LATE plan=173 errors=174/6
12:59:39 INFO  [Main] [Imix]: [ImixAI][ROLLBACK] no safe checkpoint yet; returned to x=0
12:59:39 INFO  [Main] [Imix]: [ImixAI][SEARCH] phase=LEARNED FAILURE -> SEARCHING ALTERNATIVE x=0.0 y=105.0 plan=173 candidate=LATE failures=174 budget=6 checkpoint=0.0
12:59:39 WARN  [Main] [Imix]: [ImixAI][FAIL] x=1.3 y=105.0 same-region=true -> candidate=CENTER plan=174 errors=175/6
12:59:39 INFO  [Main] [Imix]: [ImixAI][ROLLBACK] no safe checkpoint yet; returned to x=0
12:59:39 INFO  [Main] [Imix]: [ImixAI][SEARCH] phase=LEARNED FAILURE -> SEARCHING ALTERNATIVE x=0.0 y=105.0 plan=174 candidate=CENTER failures=175 budget=6 checkpoint=0.0
12:59:39 WARN  [Main] [Imix]: [ImixAI][FAIL] x=1.3 y=105.0 same-region=true -> candidate=EARLY plan=175 errors=176/6
12:59:39 INFO  [Main] [Imix]: [ImixAI][ROLLBACK] no safe checkpoint yet; returned to x=0
12:59:39 INFO  [Main] [Imix]: [ImixAI][SEARCH] phase=LEARNED FAILURE -> SEARCHING ALTERNATIVE x=0.0 y=105.0 plan=175 candidate=EARLY failures=176 budget=6 checkpoint=0.0
12:59:39 WARN  [Main] [Imix]: [ImixAI][FAIL] x=1.3 y=105.0 same-region=true -> candidate=LATE plan=176 errors=177/6
12:59:39 INFO  [Main] [Imix]: [ImixAI][ROLLBACK] no safe checkpoint yet; returned to x=0
12:59:39 INFO  [Main] [Imix]: [ImixAI][SEARCH] phase=LEARNED FAILURE -> SEARCHING ALTERNATIVE x=0.0 y=105.0 plan=176 candidate=LATE failures=177 budget=6 checkpoint=0.0
12:59:39 WARN  [Main] [Imix]: [ImixAI][FAIL] x=1.3 y=105.0 same-region=true -> candidate=CENTER plan=177 errors=178/6
12:59:39 INFO  [Main] [Imix]: [ImixAI][ROLLBACK] no safe checkpoint yet; returned to x=0
12:59:39 INFO  [Main] [Imix]: [ImixAI][SEARCH] phase=LEARNED FAILURE -> SEARCHING ALTERNATIVE x=0.0 y=105.0 plan=177 candidate=CENTER failures=178 budget=6 checkpoint=0.0
12:59:39 WARN  [Main] [Imix]: [ImixAI][FAIL] x=1.3 y=105.0 same-region=true -> candidate=EARLY plan=178 errors=179/6
12:59:39 INFO  [Main] [Imix]: [ImixAI][ROLLBACK] no safe checkpoint yet; returned to x=0
12:59:39 INFO  [Main] [Imix]: [ImixAI][SEARCH] phase=LEARNED FAILURE -> SEARCHING ALTERNATIVE x=0.0 y=105.0 plan=178 candidate=EARLY failures=179 budget=6 checkpoint=0.0
12:59:39 WARN  [Main] [Imix]: [ImixAI][FAIL] x=1.3 y=105.0 same-region=true -> candidate=LATE plan=179 errors=180/6
12:59:39 INFO  [Main] [Imix]: [ImixAI][ROLLBACK] no safe checkpoint yet; returned to x=0
12:59:39 INFO  [Main] [Imix]: [ImixAI][SEARCH] phase=LEARNED FAILURE -> SEARCHING ALTERNATIVE x=0.0 y=105.0 plan=179 candidate=LATE failures=180 budget=6 checkpoint=0.0
12:59:39 WARN  [Main] [Imix]: [ImixAI][FAIL] x=1.3 y=105.0 same-region=true -> candidate=CENTER plan=180 errors=181/6
12:59:39 INFO  [Main] [Imix]: [ImixAI][ROLLBACK] no safe checkpoint yet; returned to x=0
12:59:39 INFO  [Main] [Imix]: [ImixAI][SEARCH] phase=LEARNED FAILURE -> SEARCHING ALTERNATIVE x=0.0 y=105.0 plan=180 candidate=CENTER failures=181 budget=6 checkpoint=0.0
12:59:39 WARN  [Main] [Imix]: [ImixAI][FAIL] x=1.3 y=105.0 same-region=true -> candidate=EARLY plan=181 errors=182/6
12:59:39 INFO  [Main] [Imix]: [ImixAI][ROLLBACK] no safe checkpoint yet; returned to x=0
12:59:39 INFO  [Main] [Imix]: [ImixAI][SEARCH] phase=LEARNED FAILURE -> SEARCHING ALTERNATIVE x=0.0 y=105.0 plan=181 candidate=EARLY failures=182 budget=6 checkpoint=0.0
12:59:39 WARN  [Main] [Imix]: [ImixAI][FAIL] x=1.3 y=105.0 same-region=true -> candidate=LATE plan=182 errors=183/6
12:59:39 INFO  [Main] [Imix]: [ImixAI][ROLLBACK] no safe checkpoint yet; returned to x=0
12:59:39 INFO  [Main] [Imix]: [ImixAI][SEARCH] phase=LEARNED FAILURE -> SEARCHING ALTERNATIVE x=0.0 y=105.0 plan=182 candidate=LATE failures=183 budget=6 checkpoint=0.0
12:59:39 WARN  [Main] [Imix]: [ImixAI][FAIL] x=1.3 y=105.0 same-region=true -> candidate=CENTER plan=183 errors=184/6
12:59:39 INFO  [Main] [Imix]: [ImixAI][ROLLBACK] no safe checkpoint yet; returned to x=0
12:59:39 INFO  [Main] [Imix]: [ImixAI][SEARCH] phase=LEARNED FAILURE -> SEARCHING ALTERNATIVE x=0.0 y=105.0 plan=183 candidate=CENTER failures=184 budget=6 checkpoint=0.0
12:59:39 WARN  [Main] [Imix]: [ImixAI][FAIL] x=1.3 y=105.0 same-region=true -> candidate=EARLY plan=184 errors=185/6
12:59:39 INFO  [Main] [Imix]: [ImixAI][ROLLBACK] no safe checkpoint yet; returned to x=0
12:59:39 INFO  [Main] [Imix]: [ImixAI][SEARCH] phase=LEARNED FAILURE -> SEARCHING ALTERNATIVE x=0.0 y=105.0 plan=184 candidate=EARLY failures=185 budget=6 checkpoint=0.0
12:59:39 WARN  [Main] [Imix]: [ImixAI][FAIL] x=1.3 y=105.0 same-region=true -> candidate=LATE plan=185 errors=186/6
12:59:39 INFO  [Main] [Imix]: [ImixAI][ROLLBACK] no safe checkpoint yet; returned to x=0
12:59:39 INFO  [Main] [Imix]: [ImixAI][SEARCH] phase=LEARNED FAILURE -> SEARCHING ALTERNATIVE x=0.0 y=105.0 plan=185 candidate=LATE failures=186 budget=6 checkpoint=0.0
12:59:39 WARN  [Main] [Imix]: [ImixAI][FAIL] x=1.3 y=105.0 same-region=true -> candidate=CENTER plan=186 errors=187/6
12:59:39 INFO  [Main] [Imix]: [ImixAI][ROLLBACK] no safe checkpoint yet; returned to x=0
12:59:39 INFO  [Main] [Imix]: [ImixAI][SEARCH] phase=LEARNED FAILURE -> SEARCHING ALTERNATIVE x=0.0 y=105.0 plan=186 candidate=CENTER failures=187 budget=6 checkpoint=0.0
12:59:39 WARN  [Main] [Imix]: [ImixAI][FAIL] x=1.3 y=105.0 same-region=true -> candidate=EARLY plan=187 errors=188/6
12:59:39 INFO  [Main] [Imix]: [ImixAI][ROLLBACK] no safe checkpoint yet; returned to x=0
12:59:39 INFO  [Main] [Imix]: [ImixAI][SEARCH] phase=LEARNED FAILURE -> SEARCHING ALTERNATIVE x=0.0 y=105.0 plan=187 candidate=EARLY failures=188 budget=6 checkpoint=0.0
12:59:39 WARN  [Main] [Imix]: [ImixAI][FAIL] x=1.3 y=105.0 same-region=true -> candidate=LATE plan=188 errors=189/6
12:59:39 INFO  [Main] [Imix]: [ImixAI][ROLLBACK] no safe checkpoint yet; returned to x=0
12:59:39 INFO  [Main] [Imix]: [ImixAI][SEARCH] phase=LEARNED FAILURE -> SEARCHING ALTERNATIVE x=0.0 y=105.0 plan=188 candidate=LATE failures=189 budget=6 checkpoint=0.0
12:59:39 WARN  [Main] [Imix]: [ImixAI][FAIL] x=1.3 y=105.0 same-region=true -> candidate=CENTER plan=189 errors=190/6
12:59:39 INFO  [Main] [Imix]: [ImixAI][ROLLBACK] no safe checkpoint yet; returned to x=0
12:59:39 INFO  [Main] [Imix]: [ImixAI][SEARCH] phase=LEARNED FAILURE -> SEARCHING ALTERNATIVE x=0.0 y=105.0 plan=189 candidate=CENTER failures=190 budget=6 checkpoint=0.0
12:59:39 WARN  [Main] [Imix]: [ImixAI][FAIL] x=1.3 y=105.0 same-region=true -> candidate=EARLY plan=190 errors=191/6
12:59:39 INFO  [Main] [Imix]: [ImixAI][ROLLBACK] no safe checkpoint yet; returned to x=0
12:59:39 INFO  [Main] [Imix]: [ImixAI][SEARCH] phase=LEARNED FAILURE -> SEARCHING ALTERNATIVE x=0.0 y=105.0 plan=190 candidate=EARLY failures=191 budget=6 checkpoint=0.0
12:59:39 WARN  [Main] [Imix]: [ImixAI][FAIL] x=1.3 y=105.0 same-region=true -> candidate=LATE plan=191 errors=192/6
12:59:39 INFO  [Main] [Imix]: [ImixAI][ROLLBACK] no safe checkpoint yet; returned to x=0
12:59:39 INFO  [Main] [Imix]: [ImixAI][SEARCH] phase=LEARNED FAILURE -> SEARCHING ALTERNATIVE x=0.0 y=105.0 plan=191 candidate=LATE failures=192 budget=6 checkpoint=0.0
12:59:39 WARN  [Main] [Imix]: [ImixAI][FAIL] x=1.3 y=105.0 same-region=true -> candidate=CENTER plan=192 errors=193/6
12:59:39 INFO  [Main] [Imix]: [ImixAI][ROLLBACK] no safe checkpoint yet; returned to x=0
12:59:39 INFO  [Main] [Imix]: [ImixAI][SEARCH] phase=LEARNED FAILURE -> SEARCHING ALTERNATIVE x=0.0 y=105.0 plan=192 candidate=CENTER failures=193 budget=6 checkpoint=0.0
12:59:39 WARN  [Main] [Imix]: [ImixAI][FAIL] x=1.3 y=105.0 same-region=true -> candidate=EARLY plan=193 errors=194/6
12:59:39 INFO  [Main] [Imix]: [ImixAI][ROLLBACK] no safe checkpoint yet; returned to x=0
12:59:39 INFO  [Main] [Imix]: [ImixAI][SEARCH] phase=LEARNED FAILURE -> SEARCHING ALTERNATIVE x=0.0 y=105.0 plan=193 candidate=EARLY failures=194 budget=6 checkpoint=0.0
12:59:39 WARN  [Main] [Imix]: [ImixAI][FAIL] x=1.3 y=105.0 same-region=true -> candidate=LATE plan=194 errors=195/6
12:59:39 INFO  [Main] [Imix]: [ImixAI][ROLLBACK] no safe checkpoint yet; returned to x=0
12:59:39 INFO  [Main] [Imix]: [ImixAI][SEARCH] phase=LEARNED FAILURE -> SEARCHING ALTERNATIVE x=0.0 y=105.0 plan=194 candidate=LATE failures=195 budget=6 checkpoint=0.0
12:59:39 WARN  [Main] [Imix]: [ImixAI][FAIL] x=1.3 y=105.0 same-region=true -> candidate=CENTER plan=195 errors=196/6
12:59:39 INFO  [Main] [Imix]: [ImixAI][ROLLBACK] no safe checkpoint yet; returned to x=0
12:59:39 INFO  [Main] [Imix]: [ImixAI][SEARCH] phase=LEARNED FAILURE -> SEARCHING ALTERNATIVE x=0.0 y=105.0 plan=195 candidate=CENTER failures=196 budget=6 checkpoint=0.0
12:59:39 WARN  [Main] [Imix]: [ImixAI][FAIL] x=1.3 y=105.0 same-region=true -> candidate=EARLY plan=196 errors=197/6
12:59:39 INFO  [Main] [Imix]: [ImixAI][ROLLBACK] no safe checkpoint yet; returned to x=0
12:59:39 INFO  [Main] [Imix]: [ImixAI][SEARCH] phase=LEARNED FAILURE -> SEARCHING ALTERNATIVE x=0.0 y=105.0 plan=196 candidate=EARLY failures=197 budget=6 checkpoint=0.0
12:59:39 WARN  [Main] [Imix]: [ImixAI][FAIL] x=1.3 y=105.0 same-region=true -> candidate=LATE plan=197 errors=198/6
12:59:39 INFO  [Main] [Imix]: [ImixAI][ROLLBACK] no safe checkpoint yet; returned to x=0
12:59:39 INFO  [Main] [Imix]: [ImixAI][SEARCH] phase=LEARNED FAILURE -> SEARCHING ALTERNATIVE x=0.0 y=105.0 plan=197 candidate=LATE failures=198 budget=6 checkpoint=0.0
12:59:39 WARN  [Main] [Imix]: [ImixAI][FAIL] x=1.3 y=105.0 same-region=true -> candidate=CENTER plan=198 errors=199/6
12:59:39 INFO  [Main] [Imix]: [ImixAI][ROLLBACK] no safe checkpoint yet; returned to x=0
12:59:39 INFO  [Main] [Imix]: [ImixAI][SEARCH] phase=LEARNED FAILURE -> SEARCHING ALTERNATIVE x=0.0 y=105.0 plan=198 candidate=CENTER failures=199 budget=6 checkpoint=0.0
12:59:39 WARN  [Main] [Imix]: [ImixAI][FAIL] x=1.3 y=105.0 same-region=true -> candidate=EARLY plan=199 errors=200/6
12:59:39 INFO  [Main] [Imix]: [ImixAI][ROLLBACK] no safe checkpoint yet; returned to x=0
12:59:39 INFO  [Main] [Imix]: [ImixAI][SEARCH] phase=LEARNED FAILURE -> SEARCHING ALTERNATIVE x=0.0 y=105.0 plan=199 candidate=EARLY failures=200 budget=6 checkpoint=0.0
12:59:39 WARN  [Main] [Imix]: [ImixAI][FAIL] x=1.3 y=105.0 same-region=true -> candidate=LATE plan=200 errors=201/6
12:59:39 INFO  [Main] [Imix]: [ImixAI][ROLLBACK] no safe checkpoint yet; returned to x=0
12:59:39 INFO  [Main] [Imix]: [ImixAI][SEARCH] phase=LEARNED FAILURE -> SEARCHING ALTERNATIVE x=0.0 y=105.0 plan=200 candidate=LATE failures=201 budget=6 checkpoint=0.0
12:59:39 WARN  [Main] [Imix]: [ImixAI][FAIL] x=1.3 y=105.0 same-region=true -> candidate=CENTER plan=201 errors=202/6
12:59:39 INFO  [Main] [Imix]: [ImixAI][ROLLBACK] no safe checkpoint yet; returned to x=0
12:59:39 INFO  [Main] [Imix]: [ImixAI][SEARCH] phase=LEARNED FAILURE -> SEARCHING ALTERNATIVE x=0.0 y=105.0 plan=201 candidate=CENTER failures=202 budget=6 checkpoint=0.0
12:59:40 WARN  [Main] [Imix]: [ImixAI][FAIL] x=1.3 y=105.0 same-region=true -> candidate=EARLY plan=202 errors=203/6
12:59:40 INFO  [Main] [Imix]: [ImixAI][ROLLBACK] no safe checkpoint yet; returned to x=0
12:59:40 INFO  [Main] [Imix]: [ImixAI][SEARCH] phase=LEARNED FAILURE -> SEARCHING ALTERNATIVE x=0.0 y=105.0 plan=202 candidate=EARLY failures=203 budget=6 checkpoint=0.0
12:59:40 WARN  [Main] [Imix]: [ImixAI][FAIL] x=1.3 y=105.0 same-region=true -> candidate=LATE plan=203 errors=204/6
12:59:40 INFO  [Main] [Imix]: [ImixAI][ROLLBACK] no safe checkpoint yet; returned to x=0
12:59:40 INFO  [Main] [Imix]: [ImixAI][SEARCH] phase=LEARNED FAILURE -> SEARCHING ALTERNATIVE x=0.0 y=105.0 plan=203 candidate=LATE failures=204 budget=6 checkpoint=0.0
12:59:40 WARN  [Main] [Imix]: [ImixAI][FAIL] x=1.3 y=105.0 same-region=true -> candidate=CENTER plan=204 errors=205/6
12:59:40 INFO  [Main] [Imix]: [ImixAI][ROLLBACK] no safe checkpoint yet; returned to x=0
12:59:40 INFO  [Main] [Imix]: [ImixAI][SEARCH] phase=LEARNED FAILURE -> SEARCHING ALTERNATIVE x=0.0 y=105.0 plan=204 candidate=CENTER failures=205 budget=6 checkpoint=0.0
12:59:40 WARN  [Main] [Imix]: [ImixAI][FAIL] x=1.3 y=105.0 same-region=true -> candidate=EARLY plan=205 errors=206/6
12:59:40 INFO  [Main] [Imix]: [ImixAI][ROLLBACK] no safe checkpoint yet; returned to x=0
12:59:40 INFO  [Main] [Imix]: [ImixAI][SEARCH] phase=LEARNED FAILURE -> SEARCHING ALTERNATIVE x=0.0 y=105.0 plan=205 candidate=EARLY failures=206 budget=6 checkpoint=0.0
12:59:40 WARN  [Main] [Imix]: [ImixAI][FAIL] x=1.3 y=105.0 same-region=true -> candidate=LATE plan=206 errors=207/6
12:59:40 INFO  [Main] [Imix]: [ImixAI][ROLLBACK] no safe checkpoint yet; returned to x=0
12:59:40 INFO  [Main] [Imix]: [ImixAI][SEARCH] phase=LEARNED FAILURE -> SEARCHING ALTERNATIVE x=0.0 y=105.0 plan=206 candidate=LATE failures=207 budget=6 checkpoint=0.0
12:59:40 WARN  [Main] [Imix]: [ImixAI][FAIL] x=1.3 y=105.0 same-region=true -> candidate=CENTER plan=207 errors=208/6
12:59:40 INFO  [Main] [Imix]: [ImixAI][ROLLBACK] no safe checkpoint yet; returned to x=0
12:59:40 INFO  [Main] [Imix]: [ImixAI][SEARCH] phase=LEARNED FAILURE -> SEARCHING ALTERNATIVE x=0.0 y=105.0 plan=207 candidate=CENTER failures=208 budget=6 checkpoint=0.0
12:59:40 WARN  [Main] [Imix]: [ImixAI][FAIL] x=1.3 y=105.0 same-region=true -> candidate=EARLY plan=208 errors=209/6
12:59:40 INFO  [Main] [Imix]: [ImixAI][ROLLBACK] no safe checkpoint yet; returned to x=0
12:59:40 INFO  [Main] [Imix]: [ImixAI][SEARCH] phase=LEARNED FAILURE -> SEARCHING ALTERNATIVE x=0.0 y=105.0 plan=208 candidate=EARLY failures=209 budget=6 checkpoint=0.0
12:59:40 WARN  [Main] [Imix]: [ImixAI][FAIL] x=1.3 y=105.0 same-region=true -> candidate=LATE plan=209 errors=210/6
12:59:40 INFO  [Main] [Imix]: [ImixAI][ROLLBACK] no safe checkpoint yet; returned to x=0
12:59:40 INFO  [Main] [Imix]: [ImixAI][SEARCH] phase=LEARNED FAILURE -> SEARCHING ALTERNATIVE x=0.0 y=105.0 plan=209 candidate=LATE failures=210 budget=6 checkpoint=0.0
12:59:40 WARN  [Main] [Imix]: [ImixAI][FAIL] x=1.3 y=105.0 same-region=true -> candidate=CENTER plan=210 errors=211/6
12:59:40 INFO  [Main] [Imix]: [ImixAI][ROLLBACK] no safe checkpoint yet; returned to x=0
12:59:40 INFO  [Main] [Imix]: [ImixAI][SEARCH] phase=LEARNED FAILURE -> SEARCHING ALTERNATIVE x=0.0 y=105.0 plan=210 candidate=CENTER failures=211 budget=6 checkpoint=0.0
12:59:40 WARN  [Main] [Imix]: [ImixAI][FAIL] x=1.3 y=105.0 same-region=true -> candidate=EARLY plan=211 errors=212/6
12:59:40 INFO  [Main] [Imix]: [ImixAI][ROLLBACK] no safe checkpoint yet; returned to x=0
12:59:40 INFO  [Main] [Imix]: [ImixAI][SEARCH] phase=LEARNED FAILURE -> SEARCHING ALTERNATIVE x=0.0 y=105.0 plan=211 candidate=EARLY failures=212 budget=6 checkpoint=0.0
12:59:40 WARN  [Main] [Imix]: [ImixAI][FAIL] x=1.3 y=105.0 same-region=true -> candidate=LATE plan=212 errors=213/6
12:59:40 INFO  [Main] [Imix]: [ImixAI][ROLLBACK] no safe checkpoint yet; returned to x=0
12:59:40 INFO  [Main] [Imix]: [ImixAI][SEARCH] phase=LEARNED FAILURE -> SEARCHING ALTERNATIVE x=0.0 y=105.0 plan=212 candidate=LATE failures=213 budget=6 checkpoint=0.0
12:59:40 WARN  [Main] [Imix]: [ImixAI][FAIL] x=1.3 y=105.0 same-region=true -> candidate=CENTER plan=213 errors=214/6
12:59:40 INFO  [Main] [Imix]: [ImixAI][ROLLBACK] no safe checkpoint yet; returned to x=0
12:59:40 INFO  [Main] [Imix]: [ImixAI][SEARCH] phase=LEARNED FAILURE -> SEARCHING ALTERNATIVE x=0.0 y=105.0 plan=213 candidate=CENTER failures=214 budget=6 checkpoint=0.0
12:59:40 WARN  [Main] [Imix]: [ImixAI][FAIL] x=1.3 y=105.0 same-region=true -> candidate=EARLY plan=214 errors=215/6
12:59:40 INFO  [Main] [Imix]: [ImixAI][ROLLBACK] no safe checkpoint yet; returned to x=0
12:59:40 INFO  [Main] [Imix]: [ImixAI][SEARCH] phase=LEARNED FAILURE -> SEARCHING ALTERNATIVE x=0.0 y=105.0 plan=214 candidate=EARLY failures=215 budget=6 checkpoint=0.0
12:59:40 WARN  [Main] [Imix]: [ImixAI][FAIL] x=1.3 y=105.0 same-region=true -> candidate=LATE plan=215 errors=216/6
12:59:40 INFO  [Main] [Imix]: [ImixAI][ROLLBACK] no safe checkpoint yet; returned to x=0
12:59:40 INFO  [Main] [Imix]: [ImixAI][SEARCH] phase=LEARNED FAILURE -> SEARCHING ALTERNATIVE x=0.0 y=105.0 plan=215 candidate=LATE failures=216 budget=6 checkpoint=0.0
12:59:40 WARN  [Main] [Imix]: [ImixAI][FAIL] x=1.3 y=105.0 same-region=true -> candidate=CENTER plan=216 errors=217/6
12:59:40 INFO  [Main] [Imix]: [ImixAI][ROLLBACK] no safe checkpoint yet; returned to x=0
12:59:40 INFO  [Main] [Imix]: [ImixAI][SEARCH] phase=LEARNED FAILURE -> SEARCHING ALTERNATIVE x=0.0 y=105.0 plan=216 candidate=CENTER failures=217 budget=6 checkpoint=0.0
12:59:40 WARN  [Main] [Imix]: [ImixAI][FAIL] x=1.3 y=105.0 same-region=true -> candidate=EARLY plan=217 errors=218/6
12:59:40 INFO  [Main] [Imix]: [ImixAI][ROLLBACK] no safe checkpoint yet; returned to x=0
12:59:40 INFO  [Main] [Imix]: [ImixAI][SEARCH] phase=LEARNED FAILURE -> SEARCHING ALTERNATIVE x=0.0 y=105.0 plan=217 candidate=EARLY failures=218 budget=6 checkpoint=0.0
12:59:40 WARN  [Main] [Imix]: [ImixAI][FAIL] x=1.3 y=105.0 same-region=true -> candidate=LATE plan=218 errors=219/6
12:59:40 INFO  [Main] [Imix]: [ImixAI][ROLLBACK] no safe checkpoint yet; returned to x=0
12:59:40 INFO  [Main] [Imix]: [ImixAI][SEARCH] phase=LEARNED FAILURE -> SEARCHING ALTERNATIVE x=0.0 y=105.0 plan=218 candidate=LATE failures=219 budget=6 checkpoint=0.0
12:59:40 WARN  [Main] [Imix]: [ImixAI][FAIL] x=1.3 y=105.0 same-region=true -> candidate=CENTER plan=219 errors=220/6
12:59:40 INFO  [Main] [Imix]: [ImixAI][ROLLBACK] no safe checkpoint yet; returned to x=0
12:59:40 INFO  [Main] [Imix]: [ImixAI][SEARCH] phase=LEARNED FAILURE -> SEARCHING ALTERNATIVE x=0.0 y=105.0 plan=219 candidate=CENTER failures=220 budget=6 checkpoint=0.0
12:59:40 WARN  [Main] [Imix]: [ImixAI][FAIL] x=1.3 y=105.0 same-region=true -> candidate=EARLY plan=220 errors=221/6
12:59:40 INFO  [Main] [Imix]: [ImixAI][ROLLBACK] no safe checkpoint yet; returned to x=0
12:59:40 INFO  [Main] [Imix]: [ImixAI][SEARCH] phase=LEARNED FAILURE -> SEARCHING ALTERNATIVE x=0.0 y=105.0 plan=220 candidate=EARLY failures=221 budget=6 checkpoint=0.0
12:59:40 WARN  [Main] [Imix]: [ImixAI][FAIL] x=1.3 y=105.0 same-region=true -> candidate=LATE plan=221 errors=222/6
12:59:40 INFO  [Main] [Imix]: [ImixAI][ROLLBACK] no safe checkpoint yet; returned to x=0
12:59:40 INFO  [Main] [Imix]: [ImixAI][SEARCH] phase=LEARNED FAILURE -> SEARCHING ALTERNATIVE x=0.0 y=105.0 plan=221 candidate=LATE failures=222 budget=6 checkpoint=0.0
12:59:40 WARN  [Main] [Imix]: [ImixAI][FAIL] x=1.3 y=105.0 same-region=true -> candidate=CENTER plan=222 errors=223/6
12:59:40 INFO  [Main] [Imix]: [ImixAI][ROLLBACK] no safe checkpoint yet; returned to x=0
12:59:40 INFO  [Main] [Imix]: [ImixAI][SEARCH] phase=LEARNED FAILURE -> SEARCHING ALTERNATIVE x=0.0 y=105.0 plan=222 candidate=CENTER failures=223 budget=6 checkpoint=0.0
12:59:40 WARN  [Main] [Imix]: [ImixAI][FAIL] x=1.3 y=105.0 same-region=true -> candidate=EARLY plan=223 errors=224/6
12:59:40 INFO  [Main] [Imix]: [ImixAI][ROLLBACK] no safe checkpoint yet; returned to x=0
12:59:40 INFO  [Main] [Imix]: [ImixAI][SEARCH] phase=LEARNED FAILURE -> SEARCHING ALTERNATIVE x=0.0 y=105.0 plan=223 candidate=EARLY failures=224 budget=6 checkpoint=0.0
12:59:40 WARN  [Main] [Imix]: [ImixAI][FAIL] x=1.3 y=105.0 same-region=true -> candidate=LATE plan=224 errors=225/6
12:59:40 INFO  [Main] [Imix]: [ImixAI][ROLLBACK] no safe checkpoint yet; returned to x=0
12:59:40 INFO  [Main] [Imix]: [ImixAI][SEARCH] phase=LEARNED FAILURE -> SEARCHING ALTERNATIVE x=0.0 y=105.0 plan=224 candidate=LATE failures=225 budget=6 checkpoint=0.0
12:59:40 WARN  [Main] [Imix]: [ImixAI][FAIL] x=1.3 y=105.0 same-region=true -> candidate=CENTER plan=225 errors=226/6
12:59:40 INFO  [Main] [Imix]: [ImixAI][ROLLBACK] no safe checkpoint yet; returned to x=0
12:59:40 INFO  [Main] [Imix]: [ImixAI][SEARCH] phase=LEARNED FAILURE -> SEARCHING ALTERNATIVE x=0.0 y=105.0 plan=225 candidate=CENTER failures=226 budget=6 checkpoint=0.0
12:59:40 WARN  [Main] [Imix]: [ImixAI][FAIL] x=1.3 y=105.0 same-region=true -> candidate=EARLY plan=226 errors=227/6
12:59:40 INFO  [Main] [Imix]: [ImixAI][ROLLBACK] no safe checkpoint yet; returned to x=0
12:59:40 INFO  [Main] [Imix]: [ImixAI][SEARCH] phase=LEARNED FAILURE -> SEARCHING ALTERNATIVE x=0.0 y=105.0 plan=226 candidate=EARLY failures=227 budget=6 checkpoint=0.0
12:59:40 WARN  [Main] [Imix]: [ImixAI][FAIL] x=1.3 y=105.0 same-region=true -> candidate=LATE plan=227 errors=228/6
12:59:40 INFO  [Main] [Imix]: [ImixAI][ROLLBACK] no safe checkpoint yet; returned to x=0
12:59:40 INFO  [Main] [Imix]: [ImixAI][SEARCH] phase=LEARNED FAILURE -> SEARCHING ALTERNATIVE x=0.0 y=105.0 plan=227 candidate=LATE failures=228 budget=6 checkpoint=0.0
12:59:40 WARN  [Main] [Imix]: [ImixAI][FAIL] x=1.3 y=105.0 same-region=true -> candidate=CENTER plan=228 errors=229/6
12:59:40 INFO  [Main] [Imix]: [ImixAI][ROLLBACK] no safe checkpoint yet; returned to x=0
12:59:40 INFO  [Main] [Imix]: [ImixAI][SEARCH] phase=LEARNED FAILURE -> SEARCHING ALTERNATIVE x=0.0 y=105.0 plan=228 candidate=CENTER failures=229 budget=6 checkpoint=0.0
12:59:40 WARN  [Main] [Imix]: [ImixAI][FAIL] x=1.3 y=105.0 same-region=true -> candidate=EARLY plan=229 errors=230/6
12:59:40 INFO  [Main] [Imix]: [ImixAI][ROLLBACK] no safe checkpoint yet; returned to x=0
12:59:40 INFO  [Main] [Imix]: [ImixAI][SEARCH] phase=LEARNED FAILURE -> SEARCHING ALTERNATIVE x=0.0 y=105.0 plan=229 candidate=EARLY failures=230 budget=6 checkpoint=0.0
12:59:40 WARN  [Main] [Imix]: [ImixAI][FAIL] x=1.3 y=105.0 same-region=true -> candidate=LATE plan=230 errors=231/6
12:59:40 INFO  [Main] [Imix]: [ImixAI][ROLLBACK] no safe checkpoint yet; returned to x=0
12:59:40 INFO  [Main] [Imix]: [ImixAI][SEARCH] phase=LEARNED FAILURE -> SEARCHING ALTERNATIVE x=0.0 y=105.0 plan=230 candidate=LATE failures=231 budget=6 checkpoint=0.0
12:59:40 WARN  [Main] [Imix]: [ImixAI][FAIL] x=1.3 y=105.0 same-region=true -> candidate=CENTER plan=231 errors=232/6
12:59:40 INFO  [Main] [Imix]: [ImixAI][ROLLBACK] no safe checkpoint yet; returned to x=0
12:59:40 INFO  [Main] [Imix]: [ImixAI][SEARCH] phase=LEARNED FAILURE -> SEARCHING ALTERNATIVE x=0.0 y=105.0 plan=231 candidate=CENTER failures=232 budget=6 checkpoint=0.0
12:59:40 WARN  [Main] [Imix]: [ImixAI][FAIL] x=1.3 y=105.0 same-region=true -> candidate=EARLY plan=232 errors=233/6
12:59:40 INFO  [Main] [Imix]: [ImixAI][ROLLBACK] no safe checkpoint yet; returned to x=0
12:59:40 INFO  [Main] [Imix]: [ImixAI][SEARCH] phase=LEARNED FAILURE -> SEARCHING ALTERNATIVE x=0.0 y=105.0 plan=232 candidate=EARLY failures=233 budget=6 checkpoint=0.0
12:59:40 WARN  [Main] [Imix]: [ImixAI][FAIL] x=1.3 y=105.0 same-region=true -> candidate=LATE plan=233 errors=234/6
12:59:40 INFO  [Main] [Imix]: [ImixAI][ROLLBACK] no safe checkpoint yet; returned to x=0
12:59:40 INFO  [Main] [Imix]: [ImixAI][SEARCH] phase=LEARNED FAILURE -> SEARCHING ALTERNATIVE x=0.0 y=105.0 plan=233 candidate=LATE failures=234 budget=6 checkpoint=0.0
12:59:40 WARN  [Main] [Imix]: [ImixAI][FAIL] x=1.3 y=105.0 same-region=true -> candidate=CENTER plan=234 errors=235/6
12:59:40 INFO  [Main] [Imix]: [ImixAI][ROLLBACK] no safe checkpoint yet; returned to x=0
12:59:40 INFO  [Main] [Imix]: [ImixAI][SEARCH] phase=LEARNED FAILURE -> SEARCHING ALTERNATIVE x=0.0 y=105.0 plan=234 candidate=CENTER failures=235 budget=6 checkpoint=0.0
12:59:40 WARN  [Main] [Imix]: [ImixAI][FAIL] x=1.3 y=105.0 same-region=true -> candidate=EARLY plan=235 errors=236/6
12:59:40 INFO  [Main] [Imix]: [ImixAI][ROLLBACK] no safe checkpoint yet; returned to x=0
12:59:40 INFO  [Main] [Imix]: [ImixAI][SEARCH] phase=LEARNED FAILURE -> SEARCHING ALTERNATIVE x=0.0 y=105.0 plan=235 candidate=EARLY failures=236 budget=6 checkpoint=0.0
12:59:40 WARN  [Main] [Imix]: [ImixAI][FAIL] x=1.3 y=105.0 same-region=true -> candidate=LATE plan=236 errors=237/6
12:59:40 INFO  [Main] [Imix]: [ImixAI][ROLLBACK] no safe checkpoint yet; returned to x=0
12:59:40 INFO  [Main] [Imix]: [ImixAI][SEARCH] phase=LEARNED FAILURE -> SEARCHING ALTERNATIVE x=0.0 y=105.0 plan=236 candidate=LATE failures=237 budget=6 checkpoint=0.0
12:59:40 WARN  [Main] [Imix]: [ImixAI][FAIL] x=1.3 y=105.0 same-region=true -> candidate=CENTER plan=237 errors=238/6
12:59:40 INFO  [Main] [Imix]: [ImixAI][ROLLBACK] no safe checkpoint yet; returned to x=0
12:59:40 INFO  [Main] [Imix]: [ImixAI][SEARCH] phase=LEARNED FAILURE -> SEARCHING ALTERNATIVE x=0.0 y=105.0 plan=237 candidate=CENTER failures=238 budget=6 checkpoint=0.0
12:59:40 WARN  [Main] [Imix]: [ImixAI][FAIL] x=1.3 y=105.0 same-region=true -> candidate=EARLY plan=238 errors=239/6
12:59:40 INFO  [Main] [Imix]: [ImixAI][ROLLBACK] no safe checkpoint yet; returned to x=0
12:59:40 INFO  [Main] [Imix]: [ImixAI][SEARCH] phase=LEARNED FAILURE -> SEARCHING ALTERNATIVE x=0.0 y=105.0 plan=238 candidate=EARLY failures=239 budget=6 checkpoint=0.0
12:59:40 WARN  [Main] [Imix]: [ImixAI][FAIL] x=1.3 y=105.0 same-region=true -> candidate=LATE plan=239 errors=240/6
12:59:40 INFO  [Main] [Imix]: [ImixAI][ROLLBACK] no safe checkpoint yet; returned to x=0
12:59:40 INFO  [Main] [Imix]: [ImixAI][SEARCH] phase=LEARNED FAILURE -> SEARCHING ALTERNATIVE x=0.0 y=105.0 plan=239 candidate=LATE failures=240 budget=6 checkpoint=0.0
12:59:40 WARN  [Main] [Imix]: [ImixAI][FAIL] x=1.3 y=105.0 same-region=true -> candidate=CENTER plan=240 errors=241/6
12:59:40 INFO  [Main] [Imix]: [ImixAI][ROLLBACK] no safe checkpoint yet; returned to x=0
12:59:40 INFO  [Main] [Imix]: [ImixAI][SEARCH] phase=LEARNED FAILURE -> SEARCHING ALTERNATIVE x=0.0 y=105.0 plan=240 candidate=CENTER failures=241 budget=6 checkpoint=0.0
12:59:40 WARN  [Main] [Imix]: [ImixAI][FAIL] x=1.3 y=105.0 same-region=true -> candidate=EARLY plan=241 errors=242/6
12:59:40 INFO  [Main] [Imix]: [ImixAI][ROLLBACK] no safe checkpoint yet; returned to x=0
12:59:40 INFO  [Main] [Imix]: [ImixAI][SEARCH] phase=LEARNED FAILURE -> SEARCHING ALTERNATIVE x=0.0 y=105.0 plan=241 candidate=EARLY failures=242 budget=6 checkpoint=0.0
12:59:40 WARN  [Main] [Imix]: [ImixAI][FAIL] x=1.3 y=105.0 same-region=true -> candidate=LATE plan=242 errors=243/6
12:59:40 INFO  [Main] [Imix]: [ImixAI][ROLLBACK] no safe checkpoint yet; returned to x=0
12:59:40 INFO  [Main] [Imix]: [ImixAI][SEARCH] phase=LEARNED FAILURE -> SEARCHING ALTERNATIVE x=0.0 y=105.0 plan=242 candidate=LATE failures=243 budget=6 checkpoint=0.0
12:59:40 WARN  [Main] [Imix]: [ImixAI][FAIL] x=1.3 y=105.0 same-region=true -> candidate=CENTER plan=243 errors=244/6
12:59:40 INFO  [Main] [Imix]: [ImixAI][ROLLBACK] no safe checkpoint yet; returned to x=0
12:59:40 INFO  [Main] [Imix]: [ImixAI][SEARCH] phase=LEARNED FAILURE -> SEARCHING ALTERNATIVE x=0.0 y=105.0 plan=243 candidate=CENTER failures=244 budget=6 checkpoint=0.0
12:59:40 WARN  [Main] [Imix]: [ImixAI][FAIL] x=1.3 y=105.0 same-region=true -> candidate=EARLY plan=244 errors=245/6
12:59:40 INFO  [Main] [Imix]: [ImixAI][ROLLBACK] no safe checkpoint yet; returned to x=0
12:59:40 INFO  [Main] [Imix]: [ImixAI][SEARCH] phase=LEARNED FAILURE -> SEARCHING ALTERNATIVE x=0.0 y=105.0 plan=244 candidate=EARLY failures=245 budget=6 checkpoint=0.0
12:59:40 WARN  [Main] [Imix]: [ImixAI][FAIL] x=1.3 y=105.0 same-region=true -> candidate=LATE plan=245 errors=246/6
12:59:40 INFO  [Main] [Imix]: [ImixAI][ROLLBACK] no safe checkpoint yet; returned to x=0
12:59:40 INFO  [Main] [Imix]: [ImixAI][SEARCH] phase=LEARNED FAILURE -> SEARCHING ALTERNATIVE x=0.0 y=105.0 plan=245 candidate=LATE failures=246 budget=6 checkpoint=0.0
12:59:40 WARN  [Main] [Imix]: [ImixAI][FAIL] x=1.3 y=105.0 same-region=true -> candidate=CENTER plan=246 errors=247/6
12:59:40 INFO  [Main] [Imix]: [ImixAI][ROLLBACK] no safe checkpoint yet; returned to x=0
12:59:40 INFO  [Main] [Imix]: [ImixAI][SEARCH] phase=LEARNED FAILURE -> SEARCHING ALTERNATIVE x=0.0 y=105.0 plan=246 candidate=CENTER failures=247 budget=6 checkpoint=0.0
12:59:40 WARN  [Main] [Imix]: [ImixAI][FAIL] x=1.3 y=105.0 same-region=true -> candidate=EARLY plan=247 errors=248/6
12:59:40 INFO  [Main] [Imix]: [ImixAI][ROLLBACK] no safe checkpoint yet; returned to x=0
12:59:40 INFO  [Main] [Imix]: [ImixAI][SEARCH] phase=LEARNED FAILURE -> SEARCHING ALTERNATIVE x=0.0 y=105.0 plan=247 candidate=EARLY failures=248 budget=6 checkpoint=0.0
12:59:40 WARN  [Main] [Imix]: [ImixAI][FAIL] x=1.3 y=105.0 same-region=true -> candidate=LATE plan=248 errors=249/6
12:59:40 INFO  [Main] [Imix]: [ImixAI][ROLLBACK] no safe checkpoint yet; returned to x=0
12:59:40 INFO  [Main] [Imix]: [ImixAI][SEARCH] phase=LEARNED FAILURE -> SEARCHING ALTERNATIVE x=0.0 y=105.0 plan=248 candidate=LATE failures=249 budget=6 checkpoint=0.0
12:59:40 WARN  [Main] [Imix]: [ImixAI][FAIL] x=1.3 y=105.0 same-region=true -> candidate=CENTER plan=249 errors=250/6
12:59:40 INFO  [Main] [Imix]: [ImixAI][ROLLBACK] no safe checkpoint yet; returned to x=0
12:59:40 INFO  [Main] [Imix]: [ImixAI][SEARCH] phase=LEARNED FAILURE -> SEARCHING ALTERNATIVE x=0.0 y=105.0 plan=249 candidate=CENTER failures=250 budget=6 checkpoint=0.0
12:59:40 WARN  [Main] [Imix]: [ImixAI][FAIL] x=1.3 y=105.0 same-region=true -> candidate=EARLY plan=250 errors=251/6
12:59:40 INFO  [Main] [Imix]: [ImixAI][ROLLBACK] no safe checkpoint yet; returned to x=0
12:59:40 INFO  [Main] [Imix]: [ImixAI][SEARCH] phase=LEARNED FAILURE -> SEARCHING ALTERNATIVE x=0.0 y=105.0 plan=250 candidate=EARLY failures=251 budget=6 checkpoint=0.0
12:59:40 WARN  [Main] [Imix]: [ImixAI][FAIL] x=1.3 y=105.0 same-region=true -> candidate=LATE plan=251 errors=252/6
12:59:40 INFO  [Main] [Imix]: [ImixAI][ROLLBACK] no safe checkpoint yet; returned to x=0
12:59:40 INFO  [Main] [Imix]: [ImixAI][SEARCH] phase=LEARNED FAILURE -> SEARCHING ALTERNATIVE x=0.0 y=105.0 plan=251 candidate=LATE failures=252 budget=6 checkpoint=0.0
12:59:40 WARN  [Main] [Imix]: [ImixAI][FAIL] x=1.3 y=105.0 same-region=true -> candidate=CENTER plan=252 errors=253/6
12:59:40 INFO  [Main] [Imix]: [ImixAI][ROLLBACK] no safe checkpoint yet; returned to x=0
12:59:40 INFO  [Main] [Imix]: [ImixAI][SEARCH] phase=LEARNED FAILURE -> SEARCHING ALTERNATIVE x=0.0 y=105.0 plan=252 candidate=CENTER failures=253 budget=6 checkpoint=0.0
12:59:40 WARN  [Main] [Imix]: [ImixAI][FAIL] x=1.3 y=105.0 same-region=true -> candidate=EARLY plan=253 errors=254/6
12:59:40 INFO  [Main] [Imix]: [ImixAI][ROLLBACK] no safe checkpoint yet; returned to x=0
12:59:40 INFO  [Main] [Imix]: [ImixAI][SEARCH] phase=LEARNED FAILURE -> SEARCHING ALTERNATIVE x=0.0 y=105.0 plan=253 candidate=EARLY failures=254 budget=6 checkpoint=0.0
12:59:40 WARN  [Main] [Imix]: [ImixAI][FAIL] x=1.3 y=105.0 same-region=true -> candidate=LATE plan=254 errors=255/6
12:59:40 INFO  [Main] [Imix]: [ImixAI][ROLLBACK] no safe checkpoint yet; returned to x=0
12:59:40 INFO  [Main] [Imix]: [ImixAI][SEARCH] phase=LEARNED FAILURE -> SEARCHING ALTERNATIVE x=0.0 y=105.0 plan=254 candidate=LATE failures=255 budget=6 checkpoint=0.0
12:59:40 WARN  [Main] [Imix]: [ImixAI][FAIL] x=1.3 y=105.0 same-region=true -> candidate=CENTER plan=255 errors=256/6
12:59:40 INFO  [Main] [Imix]: [ImixAI][ROLLBACK] no safe checkpoint yet; returned to x=0
12:59:40 INFO  [Main] [Imix]: [ImixAI][SEARCH] phase=LEARNED FAILURE -> SEARCHING ALTERNATIVE x=0.0 y=105.0 plan=255 candidate=CENTER failures=256 budget=6 checkpoint=0.0
12:59:40 WARN  [Main] [Imix]: [ImixAI][FAIL] x=1.3 y=105.0 same-region=true -> candidate=EARLY plan=256 errors=257/6
12:59:40 INFO  [Main] [Imix]: [ImixAI][ROLLBACK] no safe checkpoint yet; returned to x=0
12:59:40 INFO  [Main] [Imix]: [ImixAI][SEARCH] phase=LEARNED FAILURE -> SEARCHING ALTERNATIVE x=0.0 y=105.0 plan=256 candidate=EARLY failures=257 budget=6 checkpoint=0.0
12:59:40 WARN  [Main] [Imix]: [ImixAI][FAIL] x=1.3 y=105.0 same-region=true -> candidate=LATE plan=257 errors=258/6
12:59:40 INFO  [Main] [Imix]: [ImixAI][ROLLBACK] no safe checkpoint yet; returned to x=0
12:59:40 INFO  [Main] [Imix]: [ImixAI][SEARCH] phase=LEARNED FAILURE -> SEARCHING ALTERNATIVE x=0.0 y=105.0 plan=257 candidate=LATE failures=258 budget=6 checkpoint=0.0
12:59:40 WARN  [Main] [Imix]: [ImixAI][FAIL] x=1.3 y=105.0 same-region=true -> candidate=CENTER plan=258 errors=259/6
12:59:40 INFO  [Main] [Imix]: [ImixAI][ROLLBACK] no safe checkpoint yet; returned to x=0
12:59:40 INFO  [Main] [Imix]: [ImixAI][SEARCH] phase=LEARNED FAILURE -> SEARCHING ALTERNATIVE x=0.0 y=105.0 plan=258 candidate=CENTER failures=259 budget=6 checkpoint=0.0
12:59:40 WARN  [Main] [Imix]: [ImixAI][FAIL] x=1.3 y=105.0 same-region=true -> candidate=EARLY plan=259 errors=260/6
12:59:40 INFO  [Main] [Imix]: [ImixAI][ROLLBACK] no safe checkpoint yet; returned to x=0
12:59:40 INFO  [Main] [Imix]: [ImixAI][SEARCH] phase=LEARNED FAILURE -> SEARCHING ALTERNATIVE x=0.0 y=105.0 plan=259 candidate=EARLY failures=260 budget=6 checkpoint=0.0
12:59:40 WARN  [Main] [Imix]: [ImixAI][FAIL] x=1.3 y=105.0 same-region=true -> candidate=LATE plan=260 errors=261/6
12:59:40 INFO  [Main] [Imix]: [ImixAI][ROLLBACK] no safe checkpoint yet; returned to x=0
12:59:40 INFO  [Main] [Imix]: [ImixAI][SEARCH] phase=LEARNED FAILURE -> SEARCHING ALTERNATIVE x=0.0 y=105.0 plan=260 candidate=LATE failures=261 budget=6 checkpoint=0.0
12:59:40 WARN  [Main] [Imix]: [ImixAI][FAIL] x=1.3 y=105.0 same-region=true -> candidate=CENTER plan=261 errors=262/6
12:59:40 INFO  [Main] [Imix]: [ImixAI][ROLLBACK] no safe checkpoint yet; returned to x=0
12:59:40 INFO  [Main] [Imix]: [ImixAI][SEARCH] phase=LEARNED FAILURE -> SEARCHING ALTERNATIVE x=0.0 y=105.0 plan=261 candidate=CENTER failures=262 budget=6 checkpoint=0.0
12:59:40 WARN  [Main] [Imix]: [ImixAI][FAIL] x=1.3 y=105.0 same-region=true -> candidate=EARLY plan=262 errors=263/6
12:59:40 INFO  [Main] [Imix]: [ImixAI][ROLLBACK] no safe checkpoint yet; returned to x=0
12:59:40 INFO  [Main] [Imix]: [ImixAI][SEARCH] phase=LEARNED FAILURE -> SEARCHING ALTERNATIVE x=0.0 y=105.0 plan=262 candidate=EARLY failures=263 budget=6 checkpoint=0.0
12:59:40 WARN  [Main] [Imix]: [ImixAI][FAIL] x=1.3 y=105.0 same-region=true -> candidate=LATE plan=263 errors=264/6
12:59:40 INFO  [Main] [Imix]: [ImixAI][ROLLBACK] no safe checkpoint yet; returned to x=0
12:59:40 INFO  [Main] [Imix]: [ImixAI][SEARCH] phase=LEARNED FAILURE -> SEARCHING ALTERNATIVE x=0.0 y=105.0 plan=263 candidate=LATE failures=264 budget=6 checkpoint=0.0
12:59:40 WARN  [Main] [Imix]: [ImixAI][FAIL] x=1.3 y=105.0 same-region=true -> candidate=CENTER plan=264 errors=265/6
12:59:40 INFO  [Main] [Imix]: [ImixAI][ROLLBACK] no safe checkpoint yet; returned to x=0
12:59:40 INFO  [Main] [Imix]: [ImixAI][SEARCH] phase=LEARNED FAILURE -> SEARCHING ALTERNATIVE x=0.0 y=105.0 plan=264 candidate=CENTER failures=265 budget=6 checkpoint=0.0
12:59:40 WARN  [Main] [Imix]: [ImixAI][FAIL] x=1.3 y=105.0 same-region=true -> candidate=EARLY plan=265 errors=266/6
12:59:40 INFO  [Main] [Imix]: [ImixAI][ROLLBACK] no safe checkpoint yet; returned to x=0
12:59:40 INFO  [Main] [Imix]: [ImixAI][SEARCH] phase=LEARNED FAILURE -> SEARCHING ALTERNATIVE x=0.0 y=105.0 plan=265 candidate=EARLY failures=266 budget=6 checkpoint=0.0
12:59:40 WARN  [Main] [Imix]: [ImixAI][FAIL] x=1.3 y=105.0 same-region=true -> candidate=LATE plan=266 errors=267/6
12:59:40 INFO  [Main] [Imix]: [ImixAI][ROLLBACK] no safe checkpoint yet; returned to x=0
12:59:40 INFO  [Main] [Imix]: [ImixAI][SEARCH] phase=LEARNED FAILURE -> SEARCHING ALTERNATIVE x=0.0 y=105.0 plan=266 candidate=LATE failures=267 budget=6 checkpoint=0.0
12:59:40 WARN  [Main] [Imix]: [ImixAI][FAIL] x=1.3 y=105.0 same-region=true -> candidate=CENTER plan=267 errors=268/6
12:59:40 INFO  [Main] [Imix]: [ImixAI][ROLLBACK] no safe checkpoint yet; returned to x=0
12:59:40 INFO  [Main] [Imix]: [ImixAI][SEARCH] phase=LEARNED FAILURE -> SEARCHING ALTERNATIVE x=0.0 y=105.0 plan=267 candidate=CENTER failures=268 budget=6 checkpoint=0.0
12:59:40 WARN  [Main] [Imix]: [ImixAI][FAIL] x=1.3 y=105.0 same-region=true -> candidate=EARLY plan=268 errors=269/6
12:59:40 INFO  [Main] [Imix]: [ImixAI][ROLLBACK] no safe checkpoint yet; returned to x=0
12:59:40 INFO  [Main] [Imix]: [ImixAI][SEARCH] phase=LEARNED FAILURE -> SEARCHING ALTERNATIVE x=0.0 y=105.0 plan=268 candidate=EARLY failures=269 budget=6 checkpoint=0.0
12:59:40 WARN  [Main] [Imix]: [ImixAI][FAIL] x=1.3 y=105.0 same-region=true -> candidate=LATE plan=269 errors=270/6
12:59:40 INFO  [Main] [Imix]: [ImixAI][ROLLBACK] no safe checkpoint yet; returned to x=0
12:59:40 INFO  [Main] [Imix]: [ImixAI][SEARCH] phase=LEARNED FAILURE -> SEARCHING ALTERNATIVE x=0.0 y=105.0 plan=269 candidate=LATE failures=270 budget=6 checkpoint=0.0
12:59:40 WARN  [Main] [Imix]: [ImixAI][FAIL] x=1.3 y=105.0 same-region=true -> candidate=CENTER plan=270 errors=271/6
12:59:40 INFO  [Main] [Imix]: [ImixAI][ROLLBACK] no safe checkpoint yet; returned to x=0
12:59:40 INFO  [Main] [Imix]: [ImixAI][SEARCH] phase=LEARNED FAILURE -> SEARCHING ALTERNATIVE x=0.0 y=105.0 plan=270 candidate=CENTER failures=271 budget=6 checkpoint=0.0
12:59:40 WARN  [Main] [Imix]: [ImixAI][FAIL] x=1.3 y=105.0 same-region=true -> candidate=EARLY plan=271 errors=272/6
12:59:40 INFO  [Main] [Imix]: [ImixAI][ROLLBACK] no safe checkpoint yet; returned to x=0
12:59:40 INFO  [Main] [Imix]: [ImixAI][SEARCH] phase=LEARNED FAILURE -> SEARCHING ALTERNATIVE x=0.0 y=105.0 plan=271 candidate=EARLY failures=272 budget=6 checkpoint=0.0
12:59:40 WARN  [Main] [Imix]: [ImixAI][FAIL] x=1.3 y=105.0 same-region=true -> candidate=LATE plan=272 errors=273/6
12:59:40 INFO  [Main] [Imix]: [ImixAI][ROLLBACK] no safe checkpoint yet; returned to x=0
12:59:40 INFO  [Main] [Imix]: [ImixAI][SEARCH] phase=LEARNED FAILURE -> SEARCHING ALTERNATIVE x=0.0 y=105.0 plan=272 candidate=LATE failures=273 budget=6 checkpoint=0.0
12:59:40 WARN  [Main] [Imix]: [ImixAI][FAIL] x=1.3 y=105.0 same-region=true -> candidate=CENTER plan=273 errors=274/6
12:59:40 INFO  [Main] [Imix]: [ImixAI][ROLLBACK] no safe checkpoint yet; returned to x=0
12:59:40 INFO  [Main] [Imix]: [ImixAI][SEARCH] phase=LEARNED FAILURE -> SEARCHING ALTERNATIVE x=0.0 y=105.0 plan=273 candidate=CENTER failures=274 budget=6 checkpoint=0.0
12:59:40 WARN  [Main] [Imix]: [ImixAI][FAIL] x=1.3 y=105.0 same-region=true -> candidate=EARLY plan=274 errors=275/6
12:59:40 INFO  [Main] [Imix]: [ImixAI][ROLLBACK] no safe checkpoint yet; returned to x=0
12:59:40 INFO  [Main] [Imix]: [ImixAI][SEARCH] phase=LEARNED FAILURE -> SEARCHING ALTERNATIVE x=0.0 y=105.0 plan=274 candidate=EARLY failures=275 budget=6 checkpoint=0.0
12:59:40 WARN  [Main] [Imix]: [ImixAI][FAIL] x=1.3 y=105.0 same-region=true -> candidate=LATE plan=275 errors=276/6
12:59:40 INFO  [Main] [Imix]: [ImixAI][ROLLBACK] no safe checkpoint yet; returned to x=0
12:59:40 INFO  [Main] [Imix]: [ImixAI][SEARCH] phase=LEARNED FAILURE -> SEARCHING ALTERNATIVE x=0.0 y=105.0 plan=275 candidate=LATE failures=276 budget=6 checkpoint=0.0
12:59:40 WARN  [Main] [Imix]: [ImixAI][FAIL] x=1.3 y=105.0 same-region=true -> candidate=CENTER plan=276 errors=277/6
12:59:40 INFO  [Main] [Imix]: [ImixAI][ROLLBACK] no safe checkpoint yet; returned to x=0
12:59:40 INFO  [Main] [Imix]: [ImixAI][SEARCH] phase=LEARNED FAILURE -> SEARCHING ALTERNATIVE x=0.0 y=105.0 plan=276 candidate=CENTER failures=277 budget=6 checkpoint=0.0
12:59:40 WARN  [Main] [Imix]: [ImixAI][FAIL] x=1.3 y=105.0 same-region=true -> candidate=EARLY plan=277 errors=278/6
12:59:40 INFO  [Main] [Imix]: [ImixAI][ROLLBACK] no safe checkpoint yet; returned to x=0
12:59:40 INFO  [Main] [Imix]: [ImixAI][SEARCH] phase=LEARNED FAILURE -> SEARCHING ALTERNATIVE x=0.0 y=105.0 plan=277 candidate=EARLY failures=278 budget=6 checkpoint=0.0
12:59:40 WARN  [Main] [Imix]: [ImixAI][FAIL] x=1.3 y=105.0 same-region=true -> candidate=LATE plan=278 errors=279/6
12:59:40 INFO  [Main] [Imix]: [ImixAI][ROLLBACK] no safe checkpoint yet; returned to x=0
12:59:40 INFO  [Main] [Imix]: [ImixAI][SEARCH] phase=LEARNED FAILURE -> SEARCHING ALTERNATIVE x=0.0 y=105.0 plan=278 candidate=LATE failures=279 budget=6 checkpoint=0.0
12:59:40 WARN  [Main] [Imix]: [ImixAI][FAIL] x=1.3 y=105.0 same-region=true -> candidate=CENTER plan=279 errors=280/6
12:59:40 INFO  [Main] [Imix]: [ImixAI][ROLLBACK] no safe checkpoint yet; returned to x=0
12:59:40 INFO  [Main] [Imix]: [ImixAI][SEARCH] phase=LEARNED FAILURE -> SEARCHING ALTERNATIVE x=0.0 y=105.0 plan=279 candidate=CENTER failures=280 budget=6 checkpoint=0.0
12:59:40 WARN  [Main] [Imix]: [ImixAI][FAIL] x=1.3 y=105.0 same-region=true -> candidate=EARLY plan=280 errors=281/6
12:59:40 INFO  [Main] [Imix]: [ImixAI][ROLLBACK] no safe checkpoint yet; returned to x=0
12:59:40 INFO  [Main] [Imix]: [ImixAI][SEARCH] phase=LEARNED FAILURE -> SEARCHING ALTERNATIVE x=0.0 y=105.0 plan=280 candidate=EARLY failures=281 budget=6 checkpoint=0.0
12:59:40 WARN  [Main] [Imix]: [ImixAI][FAIL] x=1.3 y=105.0 same-region=true -> candidate=LATE plan=281 errors=282/6
12:59:40 INFO  [Main] [Imix]: [ImixAI][ROLLBACK] no safe checkpoint yet; returned to x=0
12:59:40 INFO  [Main] [Imix]: [ImixAI][SEARCH] phase=LEARNED FAILURE -> SEARCHING ALTERNATIVE x=0.0 y=105.0 plan=281 candidate=LATE failures=282 budget=6 checkpoint=0.0
12:59:40 WARN  [Main] [Imix]: [ImixAI][FAIL] x=1.3 y=105.0 same-region=true -> candidate=CENTER plan=282 errors=283/6
12:59:40 INFO  [Main] [Imix]: [ImixAI][ROLLBACK] no safe checkpoint yet; returned to x=0
12:59:40 INFO  [Main] [Imix]: [ImixAI][SEARCH] phase=LEARNED FAILURE -> SEARCHING ALTERNATIVE x=0.0 y=105.0 plan=282 candidate=CENTER failures=283 budget=6 checkpoint=0.0
12:59:40 WARN  [Main] [Imix]: [ImixAI][FAIL] x=1.3 y=105.0 same-region=true -> candidate=EARLY plan=283 errors=284/6
12:59:40 INFO  [Main] [Imix]: [ImixAI][ROLLBACK] no safe checkpoint yet; returned to x=0
12:59:40 INFO  [Main] [Imix]: [ImixAI][SEARCH] phase=LEARNED FAILURE -> SEARCHING ALTERNATIVE x=0.0 y=105.0 plan=283 candidate=EARLY failures=284 budget=6 checkpoint=0.0
12:59:40 WARN  [Main] [Imix]: [ImixAI][FAIL] x=1.3 y=105.0 same-region=true -> candidate=LATE plan=284 errors=285/6
12:59:40 INFO  [Main] [Imix]: [ImixAI][ROLLBACK] no safe checkpoint yet; returned to x=0
12:59:40 INFO  [Main] [Imix]: [ImixAI][SEARCH] phase=LEARNED FAILURE -> SEARCHING ALTERNATIVE x=0.0 y=105.0 plan=284 candidate=LATE failures=285 budget=6 checkpoint=0.0
12:59:40 WARN  [Main] [Imix]: [ImixAI][FAIL] x=1.3 y=105.0 same-region=true -> candidate=CENTER plan=285 errors=286/6
12:59:40 INFO  [Main] [Imix]: [ImixAI][ROLLBACK] no safe checkpoint yet; returned to x=0
12:59:40 INFO  [Main] [Imix]: [ImixAI][SEARCH] phase=LEARNED FAILURE -> SEARCHING ALTERNATIVE x=0.0 y=105.0 plan=285 candidate=CENTER failures=286 budget=6 checkpoint=0.0
12:59:40 WARN  [Main] [Imix]: [ImixAI][FAIL] x=1.3 y=105.0 same-region=true -> candidate=EARLY plan=286 errors=287/6
12:59:40 INFO  [Main] [Imix]: [ImixAI][ROLLBACK] no safe checkpoint yet; returned to x=0
12:59:40 INFO  [Main] [Imix]: [ImixAI][SEARCH] phase=LEARNED FAILURE -> SEARCHING ALTERNATIVE x=0.0 y=105.0 plan=286 candidate=EARLY failures=287 budget=6 checkpoint=0.0
12:59:40 WARN  [Main] [Imix]: [ImixAI][FAIL] x=1.3 y=105.0 same-region=true -> candidate=LATE plan=287 errors=288/6
12:59:40 INFO  [Main] [Imix]: [ImixAI][ROLLBACK] no safe checkpoint yet; returned to x=0
12:59:40 INFO  [Main] [Imix]: [ImixAI][SEARCH] phase=LEARNED FAILURE -> SEARCHING ALTERNATIVE x=0.0 y=105.0 plan=287 candidate=LATE failures=288 budget=6 checkpoint=0.0
12:59:40 WARN  [Main] [Imix]: [ImixAI][FAIL] x=1.3 y=105.0 same-region=true -> candidate=CENTER plan=288 errors=289/6
12:59:40 INFO  [Main] [Imix]: [ImixAI][ROLLBACK] no safe checkpoint yet; returned to x=0
12:59:40 INFO  [Main] [Imix]: [ImixAI][SEARCH] phase=LEARNED FAILURE -> SEARCHING ALTERNATIVE x=0.0 y=105.0 plan=288 candidate=CENTER failures=289 budget=6 checkpoint=0.0
12:59:40 WARN  [Main] [Imix]: [ImixAI][FAIL] x=1.3 y=105.0 same-region=true -> candidate=EARLY plan=289 errors=290/6
12:59:40 INFO  [Main] [Imix]: [ImixAI][ROLLBACK] no safe checkpoint yet; returned to x=0
12:59:40 INFO  [Main] [Imix]: [ImixAI][SEARCH] phase=LEARNED FAILURE -> SEARCHING ALTERNATIVE x=0.0 y=105.0 plan=289 candidate=EARLY failures=290 budget=6 checkpoint=0.0
12:59:40 WARN  [Main] [Imix]: [ImixAI][FAIL] x=1.3 y=105.0 same-region=true -> candidate=LATE plan=290 errors=291/6
12:59:40 INFO  [Main] [Imix]: [ImixAI][ROLLBACK] no safe checkpoint yet; returned to x=0
12:59:40 INFO  [Main] [Imix]: [ImixAI][SEARCH] phase=LEARNED FAILURE -> SEARCHING ALTERNATIVE x=0.0 y=105.0 plan=290 candidate=LATE failures=291 budget=6 checkpoint=0.0
12:59:40 WARN  [Main] [Imix]: [ImixAI][FAIL] x=1.3 y=105.0 same-region=true -> candidate=CENTER plan=291 errors=292/6
12:59:40 INFO  [Main] [Imix]: [ImixAI][ROLLBACK] no safe checkpoint yet; returned to x=0
12:59:40 INFO  [Main] [Imix]: [ImixAI][SEARCH] phase=LEARNED FAILURE -> SEARCHING ALTERNATIVE x=0.0 y=105.0 plan=291 candidate=CENTER failures=292 budget=6 checkpoint=0.0
12:59:40 WARN  [Main] [Imix]: [ImixAI][FAIL] x=1.3 y=105.0 same-region=true -> candidate=EARLY plan=292 errors=293/6
12:59:40 INFO  [Main] [Imix]: [ImixAI][ROLLBACK] no safe checkpoint yet; returned to x=0
12:59:40 INFO  [Main] [Imix]: [ImixAI][SEARCH] phase=LEARNED FAILURE -> SEARCHING ALTERNATIVE x=0.0 y=105.0 plan=292 candidate=EARLY failures=293 budget=6 checkpoint=0.0
12:59:40 WARN  [Main] [Imix]: [ImixAI][FAIL] x=1.3 y=105.0 same-region=true -> candidate=LATE plan=293 errors=294/6
12:59:40 INFO  [Main] [Imix]: [ImixAI][ROLLBACK] no safe checkpoint yet; returned to x=0
12:59:40 INFO  [Main] [Imix]: [ImixAI][SEARCH] phase=LEARNED FAILURE -> SEARCHING ALTERNATIVE x=0.0 y=105.0 plan=293 candidate=LATE failures=294 budget=6 checkpoint=0.0
12:59:40 WARN  [Main] [Imix]: [ImixAI][FAIL] x=1.3 y=105.0 same-region=true -> candidate=CENTER plan=294 errors=295/6
12:59:40 INFO  [Main] [Imix]: [ImixAI][ROLLBACK] no safe checkpoint yet; returned to x=0
12:59:40 INFO  [Main] [Imix]: [ImixAI][SEARCH] phase=LEARNED FAILURE -> SEARCHING ALTERNATIVE x=0.0 y=105.0 plan=294 candidate=CENTER failures=295 budget=6 checkpoint=0.0
12:59:40 WARN  [Main] [Imix]: [ImixAI][FAIL] x=1.3 y=105.0 same-region=true -> candidate=EARLY plan=295 errors=296/6
12:59:40 INFO  [Main] [Imix]: [ImixAI][ROLLBACK] no safe checkpoint yet; returned to x=0
12:59:40 INFO  [Main] [Imix]: [ImixAI][SEARCH] phase=LEARNED FAILURE -> SEARCHING ALTERNATIVE x=0.0 y=105.0 plan=295 candidate=EARLY failures=296 budget=6 checkpoint=0.0
12:59:40 WARN  [Main] [Imix]: [ImixAI][FAIL] x=1.3 y=105.0 same-region=true -> candidate=LATE plan=296 errors=297/6
12:59:40 INFO  [Main] [Imix]: [ImixAI][ROLLBACK] no safe checkpoint yet; returned to x=0
12:59:40 INFO  [Main] [Imix]: [ImixAI][SEARCH] phase=LEARNED FAILURE -> SEARCHING ALTERNATIVE x=0.0 y=105.0 plan=296 candidate=LATE failures=297 budget=6 checkpoint=0.0
12:59:40 WARN  [Main] [Imix]: [ImixAI][FAIL] x=1.3 y=105.0 same-region=true -> candidate=CENTER plan=297 errors=298/6
12:59:40 INFO  [Main] [Imix]: [ImixAI][ROLLBACK] no safe checkpoint yet; returned to x=0
12:59:40 INFO  [Main] [Imix]: [ImixAI][SEARCH] phase=LEARNED FAILURE -> SEARCHING ALTERNATIVE x=0.0 y=105.0 plan=297 candidate=CENTER failures=298 budget=6 checkpoint=0.0
12:59:40 WARN  [Main] [Imix]: [ImixAI][FAIL] x=1.3 y=105.0 same-region=true -> candidate=EARLY plan=298 errors=299/6
12:59:40 INFO  [Main] [Imix]: [ImixAI][ROLLBACK] no safe checkpoint yet; returned to x=0
12:59:40 INFO  [Main] [Imix]: [ImixAI][SEARCH] phase=LEARNED FAILURE -> SEARCHING ALTERNATIVE x=0.0 y=105.0 plan=298 candidate=EARLY failures=299 budget=6 checkpoint=0.0
12:59:40 WARN  [Main] [Imix]: [ImixAI][FAIL] x=1.3 y=105.0 same-region=true -> candidate=LATE plan=299 errors=300/6
12:59:40 INFO  [Main] [Imix]: [ImixAI][ROLLBACK] no safe checkpoint yet; returned to x=0
12:59:40 INFO  [Main] [Imix]: [ImixAI][SEARCH] phase=LEARNED FAILURE -> SEARCHING ALTERNATIVE x=0.0 y=105.0 plan=299 candidate=LATE failures=300 budget=6 checkpoint=0.0
12:59:40 WARN  [Main] [Imix]: [ImixAI][FAIL] x=1.3 y=105.0 same-region=true -> candidate=CENTER plan=300 errors=301/6
12:59:40 INFO  [Main] [Imix]: [ImixAI][ROLLBACK] no safe checkpoint yet; returned to x=0
12:59:40 INFO  [Main] [Imix]: [ImixAI][SEARCH] phase=LEARNED FAILURE -> SEARCHING ALTERNATIVE x=0.0 y=105.0 plan=300 candidate=CENTER failures=301 budget=6 checkpoint=0.0
12:59:40 WARN  [Main] [Imix]: [ImixAI][FAIL] x=1.3 y=105.0 same-region=true -> candidate=EARLY plan=301 errors=302/6
12:59:40 INFO  [Main] [Imix]: [ImixAI][ROLLBACK] no safe checkpoint yet; returned to x=0
12:59:40 INFO  [Main] [Imix]: [ImixAI][SEARCH] phase=LEARNED FAILURE -> SEARCHING ALTERNATIVE x=0.0 y=105.0 plan=301 candidate=EARLY failures=302 budget=6 checkpoint=0.0
12:59:40 WARN  [Main] [Imix]: [ImixAI][FAIL] x=1.3 y=105.0 same-region=true -> candidate=LATE plan=302 errors=303/6
12:59:40 INFO  [Main] [Imix]: [ImixAI][ROLLBACK] no safe checkpoint yet; returned to x=0
12:59:40 INFO  [Main] [Imix]: [ImixAI][SEARCH] phase=LEARNED FAILURE -> SEARCHING ALTERNATIVE x=0.0 y=105.0 plan=302 candidate=LATE failures=303 budget=6 checkpoint=0.0
12:59:40 WARN  [Main] [Imix]: [ImixAI][FAIL] x=1.3 y=105.0 same-region=true -> candidate=CENTER plan=303 errors=304/6
12:59:40 INFO  [Main] [Imix]: [ImixAI][ROLLBACK] no safe checkpoint yet; returned to x=0
12:59:40 INFO  [Main] [Imix]: [ImixAI][SEARCH] phase=LEARNED FAILURE -> SEARCHING ALTERNATIVE x=0.0 y=105.0 plan=303 candidate=CENTER failures=304 budget=6 checkpoint=0.0
12:59:40 WARN  [Main] [Imix]: [ImixAI][FAIL] x=1.3 y=105.0 same-region=true -> candidate=EARLY plan=304 errors=305/6
12:59:40 INFO  [Main] [Imix]: [ImixAI][ROLLBACK] no safe checkpoint yet; returned to x=0
12:59:40 INFO  [Main] [Imix]: [ImixAI][SEARCH] phase=LEARNED FAILURE -> SEARCHING ALTERNATIVE x=0.0 y=105.0 plan=304 candidate=EARLY failures=305 budget=6 checkpoint=0.0
12:59:40 WARN  [Main] [Imix]: [ImixAI][FAIL] x=1.3 y=105.0 same-region=true -> candidate=LATE plan=305 errors=306/6
12:59:40 INFO  [Main] [Imix]: [ImixAI][ROLLBACK] no safe checkpoint yet; returned to x=0
12:59:40 INFO  [Main] [Imix]: [ImixAI][SEARCH] phase=LEARNED FAILURE -> SEARCHING ALTERNATIVE x=0.0 y=105.0 plan=305 candidate=LATE failures=306 budget=6 checkpoint=0.0
12:59:40 WARN  [Main] [Imix]: [ImixAI][FAIL] x=1.3 y=105.0 same-region=true -> candidate=CENTER plan=306 errors=307/6
12:59:40 INFO  [Main] [Imix]: [ImixAI][ROLLBACK] no safe checkpoint yet; returned to x=0
12:59:40 INFO  [Main] [Imix]: [ImixAI][SEARCH] phase=LEARNED FAILURE -> SEARCHING ALTERNATIVE x=0.0 y=105.0 plan=306 candidate=CENTER failures=307 budget=6 checkpoint=0.0
12:59:40 WARN  [Main] [Imix]: [ImixAI][FAIL] x=1.3 y=105.0 same-region=true -> candidate=EARLY plan=307 errors=308/6
12:59:40 INFO  [Main] [Imix]: [ImixAI][ROLLBACK] no safe checkpoint yet; returned to x=0
12:59:40 INFO  [Main] [Imix]: [ImixAI][SEARCH] phase=LEARNED FAILURE -> SEARCHING ALTERNATIVE x=0.0 y=105.0 plan=307 candidate=EARLY failures=308 budget=6 checkpoint=0.0
12:59:40 WARN  [Main] [Imix]: [ImixAI][FAIL] x=1.3 y=105.0 same-region=true -> candidate=LATE plan=308 errors=309/6
12:59:40 INFO  [Main] [Imix]: [ImixAI][ROLLBACK] no safe checkpoint yet; returned to x=0
12:59:40 INFO  [Main] [Imix]: [ImixAI][SEARCH] phase=LEARNED FAILURE -> SEARCHING ALTERNATIVE x=0.0 y=105.0 plan=308 candidate=LATE failures=309 budget=6 checkpoint=0.0
12:59:40 WARN  [Main] [Imix]: [ImixAI][FAIL] x=1.3 y=105.0 same-region=true -> candidate=CENTER plan=309 errors=310/6
12:59:40 INFO  [Main] [Imix]: [ImixAI][ROLLBACK] no safe checkpoint yet; returned to x=0
12:59:40 INFO  [Main] [Imix]: [ImixAI][SEARCH] phase=LEARNED FAILURE -> SEARCHING ALTERNATIVE x=0.0 y=105.0 plan=309 candidate=CENTER failures=310 budget=6 checkpoint=0.0
12:59:40 WARN  [Main] [Imix]: [ImixAI][FAIL] x=1.3 y=105.0 same-region=true -> candidate=EARLY plan=310 errors=311/6
12:59:40 INFO  [Main] [Imix]: [ImixAI][ROLLBACK] no safe checkpoint yet; returned to x=0
12:59:40 INFO  [Main] [Imix]: [ImixAI][SEARCH] phase=LEARNED FAILURE -> SEARCHING ALTERNATIVE x=0.0 y=105.0 plan=310 candidate=EARLY failures=311 budget=6 checkpoint=0.0
12:59:40 WARN  [Main] [Imix]: [ImixAI][FAIL] x=1.3 y=105.0 same-region=true -> candidate=LATE plan=311 errors=312/6
12:59:40 INFO  [Main] [Imix]: [ImixAI][ROLLBACK] no safe checkpoint yet; returned to x=0
12:59:40 INFO  [Main] [Imix]: [ImixAI][SEARCH] phase=LEARNED FAILURE -> SEARCHING ALTERNATIVE x=0.0 y=105.0 plan=311 candidate=LATE failures=312 budget=6 checkpoint=0.0
12:59:40 WARN  [Main] [Imix]: [ImixAI][FAIL] x=1.3 y=105.0 same-region=true -> candidate=CENTER plan=312 errors=313/6
12:59:40 INFO  [Main] [Imix]: [ImixAI][ROLLBACK] no safe checkpoint yet; returned to x=0
12:59:40 INFO  [Main] [Imix]: [ImixAI][SEARCH] phase=LEARNED FAILURE -> SEARCHING ALTERNATIVE x=0.0 y=105.0 plan=312 candidate=CENTER failures=313 budget=6 checkpoint=0.0
12:59:40 WARN  [Main] [Imix]: [ImixAI][FAIL] x=1.3 y=105.0 same-region=true -> candidate=EARLY plan=313 errors=314/6
12:59:40 INFO  [Main] [Imix]: [ImixAI][ROLLBACK] no safe checkpoint yet; returned to x=0
12:59:40 INFO  [Main] [Imix]: [ImixAI][SEARCH] phase=LEARNED FAILURE -> SEARCHING ALTERNATIVE x=0.0 y=105.0 plan=313 candidate=EARLY failures=314 budget=6 checkpoint=0.0
12:59:40 WARN  [Main] [Imix]: [ImixAI][FAIL] x=1.3 y=105.0 same-region=true -> candidate=LATE plan=314 errors=315/6
12:59:40 INFO  [Main] [Imix]: [ImixAI][ROLLBACK] no safe checkpoint yet; returned to x=0
12:59:40 INFO  [Main] [Imix]: [ImixAI][SEARCH] phase=LEARNED FAILURE -> SEARCHING ALTERNATIVE x=0.0 y=105.0 plan=314 candidate=LATE failures=315 budget=6 checkpoint=0.0
12:59:40 WARN  [Main] [Imix]: [ImixAI][FAIL] x=1.3 y=105.0 same-region=true -> candidate=CENTER plan=315 errors=316/6
12:59:40 INFO  [Main] [Imix]: [ImixAI][ROLLBACK] no safe checkpoint yet; returned to x=0
12:59:40 INFO  [Main] [Imix]: [ImixAI][SEARCH] phase=LEARNED FAILURE -> SEARCHING ALTERNATIVE x=0.0 y=105.0 plan=315 candidate=CENTER failures=316 budget=6 checkpoint=0.0
12:59:40 WARN  [Main] [Imix]: [ImixAI][FAIL] x=1.3 y=105.0 same-region=true -> candidate=EARLY plan=316 errors=317/6
12:59:40 INFO  [Main] [Imix]: [ImixAI][ROLLBACK] no safe checkpoint yet; returned to x=0
12:59:40 INFO  [Main] [Imix]: [ImixAI][SEARCH] phase=LEARNED FAILURE -> SEARCHING ALTERNATIVE x=0.0 y=105.0 plan=316 candidate=EARLY failures=317 budget=6 checkpoint=0.0
12:59:40 WARN  [Main] [Imix]: [ImixAI][FAIL] x=1.3 y=105.0 same-region=true -> candidate=LATE plan=317 errors=318/6
12:59:40 INFO  [Main] [Imix]: [ImixAI][ROLLBACK] no safe checkpoint yet; returned to x=0
12:59:40 INFO  [Main] [Imix]: [ImixAI][SEARCH] phase=LEARNED FAILURE -> SEARCHING ALTERNATIVE x=0.0 y=105.0 plan=317 candidate=LATE failures=318 budget=6 checkpoint=0.0
12:59:40 WARN  [Main] [Imix]: [ImixAI][FAIL] x=1.3 y=105.0 same-region=true -> candidate=CENTER plan=318 errors=319/6
12:59:40 INFO  [Main] [Imix]: [ImixAI][ROLLBACK] no safe checkpoint yet; returned to x=0
12:59:40 INFO  [Main] [Imix]: [ImixAI][SEARCH] phase=LEARNED FAILURE -> SEARCHING ALTERNATIVE x=0.0 y=105.0 plan=318 candidate=CENTER failures=319 budget=6 checkpoint=0.0
12:59:40 WARN  [Main] [Imix]: [ImixAI][FAIL] x=1.3 y=105.0 same-region=true -> candidate=EARLY plan=319 errors=320/6
12:59:40 INFO  [Main] [Imix]: [ImixAI][ROLLBACK] no safe checkpoint yet; returned to x=0
12:59:40 INFO  [Main] [Imix]: [ImixAI][SEARCH] phase=LEARNED FAILURE -> SEARCHING ALTERNATIVE x=0.0 y=105.0 plan=319 candidate=EARLY failures=320 budget=6 checkpoint=0.0
12:59:40 WARN  [Main] [Imix]: [ImixAI][FAIL] x=1.3 y=105.0 same-region=true -> candidate=LATE plan=320 errors=321/6
12:59:40 INFO  [Main] [Imix]: [ImixAI][ROLLBACK] no safe checkpoint yet; returned to x=0
12:59:40 INFO  [Main] [Imix]: [ImixAI][SEARCH] phase=LEARNED FAILURE -> SEARCHING ALTERNATIVE x=0.0 y=105.0 plan=320 candidate=LATE failures=321 budget=6 checkpoint=0.0
12:59:40 WARN  [Main] [Imix]: [ImixAI][FAIL] x=1.3 y=105.0 same-region=true -> candidate=CENTER plan=321 errors=322/6
12:59:40 INFO  [Main] [Imix]: [ImixAI][ROLLBACK] no safe checkpoint yet; returned to x=0
12:59:40 INFO  [Main] [Imix]: [ImixAI][SEARCH] phase=LEARNED FAILURE -> SEARCHING ALTERNATIVE x=0.0 y=105.0 plan=321 candidate=CENTER failures=322 budget=6 checkpoint=0.0
12:59:40 WARN  [Main] [Imix]: [ImixAI][FAIL] x=1.3 y=105.0 same-region=true -> candidate=EARLY plan=322 errors=323/6
12:59:40 INFO  [Main] [Imix]: [ImixAI][ROLLBACK] no safe checkpoint yet; returned to x=0
12:59:40 INFO  [Main] [Imix]: [ImixAI][SEARCH] phase=LEARNED FAILURE -> SEARCHING ALTERNATIVE x=0.0 y=105.0 plan=322 candidate=EARLY failures=323 budget=6 checkpoint=0.0
12:59:40 WARN  [Main] [Imix]: [ImixAI][FAIL] x=1.3 y=105.0 same-region=true -> candidate=LATE plan=323 errors=324/6
12:59:40 INFO  [Main] [Imix]: [ImixAI][ROLLBACK] no safe checkpoint yet; returned to x=0
12:59:40 INFO  [Main] [Imix]: [ImixAI][SEARCH] phase=LEARNED FAILURE -> SEARCHING ALTERNATIVE x=0.0 y=105.0 plan=323 candidate=LATE failures=324 budget=6 checkpoint=0.0
12:59:40 WARN  [Main] [Imix]: [ImixAI][FAIL] x=1.3 y=105.0 same-region=true -> candidate=CENTER plan=324 errors=325/6
12:59:40 INFO  [Main] [Imix]: [ImixAI][ROLLBACK] no safe checkpoint yet; returned to x=0
12:59:40 INFO  [Main] [Imix]: [ImixAI][SEARCH] phase=LEARNED FAILURE -> SEARCHING ALTERNATIVE x=0.0 y=105.0 plan=324 candidate=CENTER failures=325 budget=6 checkpoint=0.0
12:59:40 WARN  [Main] [Imix]: [ImixAI][FAIL] x=1.3 y=105.0 same-region=true -> candidate=EARLY plan=325 errors=326/6
12:59:40 INFO  [Main] [Imix]: [ImixAI][ROLLBACK] no safe checkpoint yet; returned to x=0
12:59:40 INFO  [Main] [Imix]: [ImixAI][SEARCH] phase=LEARNED FAILURE -> SEARCHING ALTERNATIVE x=0.0 y=105.0 plan=325 candidate=EARLY failures=326 budget=6 checkpoint=0.0
12:59:40 WARN  [Main] [Imix]: [ImixAI][FAIL] x=1.3 y=107.5 same-region=true -> candidate=LATE plan=326 errors=327/6
12:59:40 INFO  [Main] [Imix]: [ImixAI][ROLLBACK] no safe checkpoint yet; returned to x=0
12:59:40 INFO  [Main] [Imix]: [ImixAI][SEARCH] phase=LEARNED FAILURE -> SEARCHING ALTERNATIVE x=0.0 y=107.5 plan=326 candidate=LATE failures=327 budget=6 checkpoint=0.0
12:59:40 WARN  [Main] [Imix]: [ImixAI][FAIL] x=1.3 y=109.9 same-region=true -> candidate=CENTER plan=327 errors=328/6
12:59:40 INFO  [Main] [Imix]: [ImixAI][ROLLBACK] no safe checkpoint yet; returned to x=0
12:59:40 INFO  [Main] [Imix]: [ImixAI][SEARCH] phase=LEARNED FAILURE -> SEARCHING ALTERNATIVE x=0.0 y=109.9 plan=327 candidate=CENTER failures=328 budget=6 checkpoint=0.0
12:59:40 WARN  [Main] [Imix]: [ImixAI][FAIL] x=1.3 y=112.3 same-region=true -> candidate=EARLY plan=328 errors=329/6
12:59:40 INFO  [Main] [Imix]: [ImixAI][ROLLBACK] no safe checkpoint yet; returned to x=0
12:59:40 INFO  [Main] [Imix]: [ImixAI][SEARCH] phase=LEARNED FAILURE -> SEARCHING ALTERNATIVE x=0.0 y=112.3 plan=328 candidate=EARLY failures=329 budget=6 checkpoint=0.0
12:59:40 WARN  [Main] [Imix]: [ImixAI][FAIL] x=1.3 y=114.6 same-region=true -> candidate=LATE plan=329 errors=330/6
12:59:40 INFO  [Main] [Imix]: [ImixAI][ROLLBACK] no safe checkpoint yet; returned to x=0
12:59:40 INFO  [Main] [Imix]: [ImixAI][SEARCH] phase=LEARNED FAILURE -> SEARCHING ALTERNATIVE x=0.0 y=114.6 plan=329 candidate=LATE failures=330 budget=6 checkpoint=0.0
12:59:40 WARN  [Main] [Imix]: [ImixAI][FAIL] x=1.3 y=116.8 same-region=true -> candidate=CENTER plan=330 errors=331/6
12:59:40 INFO  [Main] [Imix]: [ImixAI][ROLLBACK] no safe checkpoint yet; returned to x=0
12:59:40 INFO  [Main] [Imix]: [ImixAI][SEARCH] phase=LEARNED FAILURE -> SEARCHING ALTERNATIVE x=0.0 y=116.8 plan=330 candidate=CENTER failures=331 budget=6 checkpoint=0.0
12:59:40 WARN  [Main] [Imix]: [ImixAI][FAIL] x=1.3 y=119.1 same-region=true -> candidate=EARLY plan=331 errors=332/6
12:59:40 INFO  [Main] [Imix]: [ImixAI][ROLLBACK] no safe checkpoint yet; returned to x=0
12:59:40 INFO  [Main] [Imix]: [ImixAI][SEARCH] phase=LEARNED FAILURE -> SEARCHING ALTERNATIVE x=0.0 y=119.1 plan=331 candidate=EARLY failures=332 budget=6 checkpoint=0.0
12:59:40 WARN  [Main] [Imix]: [ImixAI][FAIL] x=1.3 y=121.2 same-region=true -> candidate=LATE plan=332 errors=333/6
12:59:40 INFO  [Main] [Imix]: [ImixAI][ROLLBACK] no safe checkpoint yet; returned to x=0
12:59:40 INFO  [Main] [Imix]: [ImixAI][SEARCH] phase=LEARNED FAILURE -> SEARCHING ALTERNATIVE x=0.0 y=121.2 plan=332 candidate=LATE failures=333 budget=6 checkpoint=0.0
12:59:40 WARN  [Main] [Imix]: [ImixAI][FAIL] x=1.3 y=123.4 same-region=true -> candidate=CENTER plan=333 errors=334/6
12:59:40 INFO  [Main] [Imix]: [ImixAI][ROLLBACK] no safe checkpoint yet; returned to x=0
12:59:40 INFO  [Main] [Imix]: [ImixAI][SEARCH] phase=LEARNED FAILURE -> SEARCHING ALTERNATIVE x=0.0 y=123.4 plan=333 candidate=CENTER failures=334 budget=6 checkpoint=0.0
12:59:40 WARN  [Main] [Imix]: [ImixAI][FAIL] x=1.3 y=125.5 same-region=true -> candidate=EARLY plan=334 errors=335/6
12:59:40 INFO  [Main] [Imix]: [ImixAI][ROLLBACK] no safe checkpoint yet; returned to x=0
12:59:40 INFO  [Main] [Imix]: [ImixAI][SEARCH] phase=LEARNED FAILURE -> SEARCHING ALTERNATIVE x=0.0 y=125.5 plan=334 candidate=EARLY failures=335 budget=6 checkpoint=0.0
12:59:40 WARN  [Main] [Imix]: [ImixAI][FAIL] x=1.3 y=127.5 same-region=true -> candidate=LATE plan=335 errors=336/6
12:59:40 INFO  [Main] [Imix]: [ImixAI][ROLLBACK] no safe checkpoint yet; returned to x=0
12:59:40 INFO  [Main] [Imix]: [ImixAI][SEARCH] phase=LEARNED FAILURE -> SEARCHING ALTERNATIVE x=0.0 y=127.5 plan=335 candidate=LATE failures=336 budget=6 checkpoint=0.0
12:59:40 WARN  [Main] [Imix]: [ImixAI][FAIL] x=1.3 y=129.5 same-region=true -> candidate=CENTER plan=336 errors=337/6
12:59:40 INFO  [Main] [Imix]: [ImixAI][ROLLBACK] no safe checkpoint yet; returned to x=0
12:59:40 INFO  [Main] [Imix]: [ImixAI][SEARCH] phase=LEARNED FAILURE -> SEARCHING ALTERNATIVE x=0.0 y=129.5 plan=336 candidate=CENTER failures=337 budget=6 checkpoint=0.0
12:59:40 WARN  [Main] [Imix]: [ImixAI][FAIL] x=1.3 y=131.4 same-region=true -> candidate=EARLY plan=337 errors=338/6
12:59:40 INFO  [Main] [Imix]: [ImixAI][ROLLBACK] no safe checkpoint yet; returned to x=0
12:59:40 INFO  [Main] [Imix]: [ImixAI][SEARCH] phase=LEARNED FAILURE -> SEARCHING ALTERNATIVE x=0.0 y=131.4 plan=337 candidate=EARLY failures=338 budget=6 checkpoint=0.0
12:59:40 WARN  [Main] [Imix]: [ImixAI][FAIL] x=1.3 y=133.3 same-region=true -> candidate=LATE plan=338 errors=339/6
12:59:40 INFO  [Main] [Imix]: [ImixAI][ROLLBACK] no safe checkpoint yet; returned to x=0
12:59:40 INFO  [Main] [Imix]: [ImixAI][SEARCH] phase=LEARNED FAILURE -> SEARCHING ALTERNATIVE x=0.0 y=133.3 plan=338 candidate=LATE failures=339 budget=6 checkpoint=0.0
12:59:40 WARN  [Main] [Imix]: [ImixAI][FAIL] x=1.3 y=135.1 same-region=true -> candidate=CENTER plan=339 errors=340/6
12:59:40 INFO  [Main] [Imix]: [ImixAI][ROLLBACK] no safe checkpoint yet; returned to x=0
12:59:40 INFO  [Main] [Imix]: [ImixAI][SEARCH] phase=LEARNED FAILURE -> SEARCHING ALTERNATIVE x=0.0 y=135.1 plan=339 candidate=CENTER failures=340 budget=6 checkpoint=0.0
12:59:40 WARN  [Main] [Imix]: [ImixAI][FAIL] x=1.3 y=136.9 same-region=true -> candidate=EARLY plan=340 errors=341/6
12:59:40 INFO  [Main] [Imix]: [ImixAI][ROLLBACK] no safe checkpoint yet; returned to x=0
12:59:40 INFO  [Main] [Imix]: [ImixAI][SEARCH] phase=LEARNED FAILURE -> SEARCHING ALTERNATIVE x=0.0 y=136.9 plan=340 candidate=EARLY failures=341 budget=6 checkpoint=0.0
12:59:40 WARN  [Main] [Imix]: [ImixAI][FAIL] x=1.3 y=138.6 same-region=true -> candidate=LATE plan=341 errors=342/6
12:59:40 INFO  [Main] [Imix]: [ImixAI][ROLLBACK] no safe checkpoint yet; returned to x=0
12:59:40 INFO  [Main] [Imix]: [ImixAI][SEARCH] phase=LEARNED FAILURE -> SEARCHING ALTERNATIVE x=0.0 y=138.6 plan=341 candidate=LATE failures=342 budget=6 checkpoint=0.0
12:59:40 WARN  [Main] [Imix]: [ImixAI][FAIL] x=1.3 y=140.3 same-region=true -> candidate=CENTER plan=342 errors=343/6
12:59:40 INFO  [Main] [Imix]: [ImixAI][ROLLBACK] no safe checkpoint yet; returned to x=0
12:59:40 INFO  [Main] [Imix]: [ImixAI][SEARCH] phase=LEARNED FAILURE -> SEARCHING ALTERNATIVE x=0.0 y=140.3 plan=342 candidate=CENTER failures=343 budget=6 checkpoint=0.0
12:59:40 WARN  [Main] [Imix]: [ImixAI][FAIL] x=1.3 y=142.0 same-region=true -> candidate=EARLY plan=343 errors=344/6
12:59:40 INFO  [Main] [Imix]: [ImixAI][ROLLBACK] no safe checkpoint yet; returned to x=0
12:59:40 INFO  [Main] [Imix]: [ImixAI][SEARCH] phase=LEARNED FAILURE -> SEARCHING ALTERNATIVE x=0.0 y=142.0 plan=343 candidate=EARLY failures=344 budget=6 checkpoint=0.0
12:59:40 WARN  [Main] [Imix]: [ImixAI][FAIL] x=1.3 y=143.6 same-region=true -> candidate=LATE plan=344 errors=345/6
12:59:40 INFO  [Main] [Imix]: [ImixAI][ROLLBACK] no safe checkpoint yet; returned to x=0
12:59:40 INFO  [Main] [Imix]: [ImixAI][SEARCH] phase=LEARNED FAILURE -> SEARCHING ALTERNATIVE x=0.0 y=143.6 plan=344 candidate=LATE failures=345 budget=6 checkpoint=0.0
12:59:40 WARN  [Main] [Imix]: [ImixAI][FAIL] x=1.3 y=145.1 same-region=true -> candidate=CENTER plan=345 errors=346/6
12:59:40 INFO  [Main] [Imix]: [ImixAI][ROLLBACK] no safe checkpoint yet; returned to x=0
12:59:40 INFO  [Main] [Imix]: [ImixAI][SEARCH] phase=LEARNED FAILURE -> SEARCHING ALTERNATIVE x=0.0 y=145.1 plan=345 candidate=CENTER failures=346 budget=6 checkpoint=0.0
12:59:40 WARN  [Main] [Imix]: [ImixAI][FAIL] x=1.3 y=146.6 same-region=true -> candidate=EARLY plan=346 errors=347/6
12:59:40 INFO  [Main] [Imix]: [ImixAI][ROLLBACK] no safe checkpoint yet; returned to x=0
12:59:40 INFO  [Main] [Imix]: [ImixAI][SEARCH] phase=LEARNED FAILURE -> SEARCHING ALTERNATIVE x=0.0 y=146.6 plan=346 candidate=EARLY failures=347 budget=6 checkpoint=0.0
12:59:40 WARN  [Main] [Imix]: [ImixAI][FAIL] x=1.3 y=148.0 same-region=true -> candidate=LATE plan=347 errors=348/6
12:59:40 INFO  [Main] [Imix]: [ImixAI][ROLLBACK] no safe checkpoint yet; returned to x=0
12:59:40 INFO  [Main] [Imix]: [ImixAI][SEARCH] phase=LEARNED FAILURE -> SEARCHING ALTERNATIVE x=0.0 y=148.0 plan=347 candidate=LATE failures=348 budget=6 checkpoint=0.0
12:59:40 WARN  [Main] [Imix]: [ImixAI][FAIL] x=1.3 y=149.4 same-region=true -> candidate=CENTER plan=348 errors=349/6
12:59:40 INFO  [Main] [Imix]: [ImixAI][ROLLBACK] no safe checkpoint yet; returned to x=0
12:59:40 INFO  [Main] [Imix]: [ImixAI][SEARCH] phase=LEARNED FAILURE -> SEARCHING ALTERNATIVE x=0.0 y=149.4 plan=348 candidate=CENTER failures=349 budget=6 checkpoint=0.0
12:59:40 WARN  [Main] [Imix]: [ImixAI][FAIL] x=1.3 y=150.8 same-region=true -> candidate=EARLY plan=349 errors=350/6
12:59:40 INFO  [Main] [Imix]: [ImixAI][ROLLBACK] no safe checkpoint yet; returned to x=0
12:59:40 INFO  [Main] [Imix]: [ImixAI][SEARCH] phase=LEARNED FAILURE -> SEARCHING ALTERNATIVE x=0.0 y=150.8 plan=349 candidate=EARLY failures=350 budget=6 checkpoint=0.0
12:59:40 WARN  [Main] [Imix]: [ImixAI][FAIL] x=1.3 y=152.1 same-region=true -> candidate=LATE plan=350 errors=351/6
12:59:40 INFO  [Main] [Imix]: [ImixAI][ROLLBACK] no safe checkpoint yet; returned to x=0
12:59:40 INFO  [Main] [Imix]: [ImixAI][SEARCH] phase=LEARNED FAILURE -> SEARCHING ALTERNATIVE x=0.0 y=152.1 plan=350 candidate=LATE failures=351 budget=6 checkpoint=0.0
12:59:40 WARN  [Main] [Imix]: [ImixAI][FAIL] x=1.3 y=153.3 same-region=true -> candidate=CENTER plan=351 errors=352/6
12:59:40 INFO  [Main] [Imix]: [ImixAI][ROLLBACK] no safe checkpoint yet; returned to x=0
12:59:40 INFO  [Main] [Imix]: [ImixAI][SEARCH] phase=LEARNED FAILURE -> SEARCHING ALTERNATIVE x=0.0 y=153.3 plan=351 candidate=CENTER failures=352 budget=6 checkpoint=0.0
12:59:40 WARN  [Main] [Imix]: [ImixAI][FAIL] x=1.3 y=154.5 same-region=true -> candidate=EARLY plan=352 errors=353/6
12:59:40 INFO  [Main] [Imix]: [ImixAI][ROLLBACK] no safe checkpoint yet; returned to x=0
12:59:40 INFO  [Main] [Imix]: [ImixAI][SEARCH] phase=LEARNED FAILURE -> SEARCHING ALTERNATIVE x=0.0 y=154.5 plan=352 candidate=EARLY failures=353 budget=6 checkpoint=0.0
12:59:40 WARN  [Main] [Imix]: [ImixAI][FAIL] x=1.3 y=155.7 same-region=true -> candidate=LATE plan=353 errors=354/6
12:59:40 INFO  [Main] [Imix]: [ImixAI][ROLLBACK] no safe checkpoint yet; returned to x=0
12:59:40 INFO  [Main] [Imix]: [ImixAI][SEARCH] phase=LEARNED FAILURE -> SEARCHING ALTERNATIVE x=0.0 y=155.7 plan=353 candidate=LATE failures=354 budget=6 checkpoint=0.0
12:59:40 WARN  [Main] [Imix]: [ImixAI][FAIL] x=1.3 y=156.8 same-region=true -> candidate=CENTER plan=354 errors=355/6
12:59:40 INFO  [Main] [Imix]: [ImixAI][ROLLBACK] no safe checkpoint yet; returned to x=0
12:59:40 INFO  [Main] [Imix]: [ImixAI][SEARCH] phase=LEARNED FAILURE -> SEARCHING ALTERNATIVE x=0.0 y=156.8 plan=354 candidate=CENTER failures=355 budget=6 checkpoint=0.0
12:59:40 WARN  [Main] [Imix]: [ImixAI][FAIL] x=1.3 y=157.9 same-region=true -> candidate=EARLY plan=355 errors=356/6
12:59:40 INFO  [Main] [Imix]: [ImixAI][ROLLBACK] no safe checkpoint yet; returned to x=0
12:59:40 INFO  [Main] [Imix]: [ImixAI][SEARCH] phase=LEARNED FAILURE -> SEARCHING ALTERNATIVE x=0.0 y=157.9 plan=355 candidate=EARLY failures=356 budget=6 checkpoint=0.0
12:59:40 WARN  [Main] [Imix]: [ImixAI][FAIL] x=1.3 y=158.9 same-region=true -> candidate=LATE plan=356 errors=357/6
12:59:40 INFO  [Main] [Imix]: [ImixAI][ROLLBACK] no safe checkpoint yet; returned to x=0
12:59:40 INFO  [Main] [Imix]: [ImixAI][SEARCH] phase=LEARNED FAILURE -> SEARCHING ALTERNATIVE x=0.0 y=158.9 plan=356 candidate=LATE failures=357 budget=6 checkpoint=0.0
12:59:40 WARN  [Main] [Imix]: [ImixAI][FAIL] x=1.3 y=159.8 same-region=true -> candidate=CENTER plan=357 errors=358/6
12:59:40 INFO  [Main] [Imix]: [ImixAI][ROLLBACK] no safe checkpoint yet; returned to x=0
12:59:40 INFO  [Main] [Imix]: [ImixAI][SEARCH] phase=LEARNED FAILURE -> SEARCHING ALTERNATIVE x=0.0 y=159.8 plan=357 candidate=CENTER failures=358 budget=6 checkpoint=0.0
12:59:40 WARN  [Main] [Imix]: [ImixAI][FAIL] x=1.3 y=160.7 same-region=true -> candidate=EARLY plan=358 errors=359/6
12:59:40 INFO  [Main] [Imix]: [ImixAI][ROLLBACK] no safe checkpoint yet; returned to x=0
12:59:40 INFO  [Main] [Imix]: [ImixAI][SEARCH] phase=LEARNED FAILURE -> SEARCHING ALTERNATIVE x=0.0 y=160.7 plan=358 candidate=EARLY failures=359 budget=6 checkpoint=0.0
12:59:40 WARN  [Main] [Imix]: [ImixAI][FAIL] x=1.3 y=161.6 same-region=true -> candidate=LATE plan=359 errors=360/6
12:59:40 INFO  [Main] [Imix]: [ImixAI][ROLLBACK] no safe checkpoint yet; returned to x=0
12:59:40 INFO  [Main] [Imix]: [ImixAI][SEARCH] phase=LEARNED FAILURE -> SEARCHING ALTERNATIVE x=0.0 y=161.6 plan=359 candidate=LATE failures=360 budget=6 checkpoint=0.0
12:59:40 WARN  [Main] [Imix]: [ImixAI][FAIL] x=1.3 y=162.4 same-region=true -> candidate=CENTER plan=360 errors=361/6
12:59:40 INFO  [Main] [Imix]: [ImixAI][ROLLBACK] no safe checkpoint yet; returned to x=0
12:59:40 INFO  [Main] [Imix]: [ImixAI][SEARCH] phase=LEARNED FAILURE -> SEARCHING ALTERNATIVE x=0.0 y=162.4 plan=360 candidate=CENTER failures=361 budget=6 checkpoint=0.0
12:59:40 WARN  [Main] [Imix]: [ImixAI][FAIL] x=1.3 y=163.2 same-region=true -> candidate=EARLY plan=361 errors=362/6
12:59:40 INFO  [Main] [Imix]: [ImixAI][ROLLBACK] no safe checkpoint yet; returned to x=0
12:59:40 INFO  [Main] [Imix]: [ImixAI][SEARCH] phase=LEARNED FAILURE -> SEARCHING ALTERNATIVE x=0.0 y=163.2 plan=361 candidate=EARLY failures=362 budget=6 checkpoint=0.0
12:59:40 WARN  [Main] [Imix]: [ImixAI][FAIL] x=1.3 y=163.9 same-region=true -> candidate=LATE plan=362 errors=363/6
12:59:40 INFO  [Main] [Imix]: [ImixAI][ROLLBACK] no safe checkpoint yet; returned to x=0
12:59:40 INFO  [Main] [Imix]: [ImixAI][SEARCH] phase=LEARNED FAILURE -> SEARCHING ALTERNATIVE x=0.0 y=163.9 plan=362 candidate=LATE failures=363 budget=6 checkpoint=0.0
12:59:40 WARN  [Main] [Imix]: [ImixAI][FAIL] x=1.3 y=164.6 same-region=true -> candidate=CENTER plan=363 errors=364/6
12:59:40 INFO  [Main] [Imix]: [ImixAI][ROLLBACK] no safe checkpoint yet; returned to x=0
12:59:40 INFO  [Main] [Imix]: [ImixAI][SEARCH] phase=LEARNED FAILURE -> SEARCHING ALTERNATIVE x=0.0 y=164.6 plan=363 candidate=CENTER failures=364 budget=6 checkpoint=0.0
12:59:40 WARN  [Main] [Imix]: [ImixAI][FAIL] x=1.3 y=165.2 same-region=true -> candidate=EARLY plan=364 errors=365/6
12:59:40 INFO  [Main] [Imix]: [ImixAI][ROLLBACK] no safe checkpoint yet; returned to x=0
12:59:40 INFO  [Main] [Imix]: [ImixAI][SEARCH] phase=LEARNED FAILURE -> SEARCHING ALTERNATIVE x=0.0 y=165.2 plan=364 candidate=EARLY failures=365 budget=6 checkpoint=0.0
12:59:40 WARN  [Main] [Imix]: [ImixAI][FAIL] x=1.3 y=165.8 same-region=true -> candidate=LATE plan=365 errors=366/6
12:59:40 INFO  [Main] [Imix]: [ImixAI][ROLLBACK] no safe checkpoint yet; returned to x=0
12:59:40 INFO  [Main] [Imix]: [ImixAI][SEARCH] phase=LEARNED FAILURE -> SEARCHING ALTERNATIVE x=0.0 y=165.8 plan=365 candidate=LATE failures=366 budget=6 checkpoint=0.0
12:59:40 WARN  [Main] [Imix]: [ImixAI][FAIL] x=1.3 y=166.3 same-region=true -> candidate=CENTER plan=366 errors=367/6
12:59:40 INFO  [Main] [Imix]: [ImixAI][ROLLBACK] no safe checkpoint yet; returned to x=0
12:59:40 INFO  [Main] [Imix]: [ImixAI][SEARCH] phase=LEARNED FAILURE -> SEARCHING ALTERNATIVE x=0.0 y=166.3 plan=366 candidate=CENTER failures=367 budget=6 checkpoint=0.0
12:59:40 WARN  [Main] [Imix]: [ImixAI][FAIL] x=1.3 y=166.8 same-region=true -> candidate=EARLY plan=367 errors=368/6
12:59:40 INFO  [Main] [Imix]: [ImixAI][ROLLBACK] no safe checkpoint yet; returned to x=0
12:59:40 INFO  [Main] [Imix]: [ImixAI][SEARCH] phase=LEARNED FAILURE -> SEARCHING ALTERNATIVE x=0.0 y=166.8 plan=367 candidate=EARLY failures=368 budget=6 checkpoint=0.0
12:59:40 WARN  [Main] [Imix]: [ImixAI][FAIL] x=1.3 y=167.2 same-region=true -> candidate=LATE plan=368 errors=369/6
12:59:40 INFO  [Main] [Imix]: [ImixAI][ROLLBACK] no safe checkpoint yet; returned to x=0
12:59:40 INFO  [Main] [Imix]: [ImixAI][SEARCH] phase=LEARNED FAILURE -> SEARCHING ALTERNATIVE x=0.0 y=167.2 plan=368 candidate=LATE failures=369 budget=6 checkpoint=0.0
12:59:40 WARN  [Main] [Imix]: [ImixAI][FAIL] x=1.3 y=167.6 same-region=true -> candidate=CENTER plan=369 errors=370/6
12:59:40 INFO  [Main] [Imix]: [ImixAI][ROLLBACK] no safe checkpoint yet; returned to x=0
12:59:40 INFO  [Main] [Imix]: [ImixAI][SEARCH] phase=LEARNED FAILURE -> SEARCHING ALTERNATIVE x=0.0 y=167.6 plan=369 candidate=CENTER failures=370 budget=6 checkpoint=0.0
12:59:40 WARN  [Main] [Imix]: [ImixAI][FAIL] x=1.3 y=167.9 same-region=true -> candidate=EARLY plan=370 errors=371/6
12:59:40 INFO  [Main] [Imix]: [ImixAI][ROLLBACK] no safe checkpoint yet; returned to x=0
12:59:40 INFO  [Main] [Imix]: [ImixAI][SEARCH] phase=LEARNED FAILURE -> SEARCHING ALTERNATIVE x=0.0 y=167.9 plan=370 candidate=EARLY failures=371 budget=6 checkpoint=0.0
12:59:40 WARN  [Main] [Imix]: [ImixAI][FAIL] x=1.3 y=168.2 same-region=true -> candidate=LATE plan=371 errors=372/6
12:59:40 INFO  [Main] [Imix]: [ImixAI][ROLLBACK] no safe checkpoint yet; returned to x=0
12:59:40 INFO  [Main] [Imix]: [ImixAI][SEARCH] phase=LEARNED FAILURE -> SEARCHING ALTERNATIVE x=0.0 y=168.2 plan=371 candidate=LATE failures=372 budget=6 checkpoint=0.0
12:59:40 WARN  [Main] [Imix]: [ImixAI][FAIL] x=1.3 y=168.4 same-region=true -> candidate=CENTER plan=372 errors=373/6
12:59:40 INFO  [Main] [Imix]: [ImixAI][ROLLBACK] no safe checkpoint yet; returned to x=0
12:59:40 INFO  [Main] [Imix]: [ImixAI][SEARCH] phase=LEARNED FAILURE -> SEARCHING ALTERNATIVE x=0.0 y=168.4 plan=372 candidate=CENTER failures=373 budget=6 checkpoint=0.0
12:59:40 WARN  [Main] [Imix]: [ImixAI][FAIL] x=1.3 y=168.6 same-region=true -> candidate=EARLY plan=373 errors=374/6
12:59:40 INFO  [Main] [Imix]: [ImixAI][ROLLBACK] no safe checkpoint yet; returned to x=0
12:59:40 INFO  [Main] [Imix]: [ImixAI][SEARCH] phase=LEARNED FAILURE -> SEARCHING ALTERNATIVE x=0.0 y=168.6 plan=373 candidate=EARLY failures=374 budget=6 checkpoint=0.0
12:59:40 WARN  [Main] [Imix]: [ImixAI][FAIL] x=1.3 y=168.7 same-region=true -> candidate=LATE plan=374 errors=375/6
12:59:40 INFO  [Main] [Imix]: [ImixAI][ROLLBACK] no safe checkpoint yet; returned to x=0
12:59:40 INFO  [Main] [Imix]: [ImixAI][SEARCH] phase=LEARNED FAILURE -> SEARCHING ALTERNATIVE x=0.0 y=168.7 plan=374 candidate=LATE failures=375 budget=6 checkpoint=0.0
12:59:40 WARN  [Main] [Imix]: [ImixAI][FAIL] x=1.3 y=168.8 same-region=true -> candidate=CENTER plan=375 errors=376/6
12:59:40 INFO  [Main] [Imix]: [ImixAI][ROLLBACK] no safe checkpoint yet; returned to x=0
12:59:40 INFO  [Main] [Imix]: [ImixAI][SEARCH] phase=LEARNED FAILURE -> SEARCHING ALTERNATIVE x=0.0 y=168.8 plan=375 candidate=CENTER failures=376 budget=6 checkpoint=0.0
12:59:40 WARN  [Main] [Imix]: [ImixAI][FAIL] x=1.3 y=168.8 same-region=true -> candidate=EARLY plan=376 errors=377/6
12:59:40 INFO  [Main] [Imix]: [ImixAI][ROLLBACK] no safe checkpoint yet; returned to x=0
12:59:40 INFO  [Main] [Imix]: [ImixAI][SEARCH] phase=LEARNED FAILURE -> SEARCHING ALTERNATIVE x=0.0 y=168.8 plan=376 candidate=EARLY failures=377 budget=6 checkpoint=0.0
12:59:40 WARN  [Main] [Imix]: [ImixAI][FAIL] x=1.3 y=168.8 same-region=true -> candidate=LATE plan=377 errors=378/6
12:59:40 INFO  [Main] [Imix]: [ImixAI][ROLLBACK] no safe checkpoint yet; returned to x=0
12:59:40 INFO  [Main] [Imix]: [ImixAI][SEARCH] phase=LEARNED FAILURE -> SEARCHING ALTERNATIVE x=0.0 y=168.8 plan=377 candidate=LATE failures=378 budget=6 checkpoint=0.0
12:59:40 WARN  [Main] [Imix]: [ImixAI][FAIL] x=1.3 y=168.8 same-region=true -> candidate=CENTER plan=378 errors=379/6
12:59:40 INFO  [Main] [Imix]: [ImixAI][ROLLBACK] no safe checkpoint yet; returned to x=0
12:59:40 INFO  [Main] [Imix]: [ImixAI][SEARCH] phase=LEARNED FAILURE -> SEARCHING ALTERNATIVE x=0.0 y=168.8 plan=378 candidate=CENTER failures=379 budget=6 checkpoint=0.0
12:59:40 WARN  [Main] [Imix]: [ImixAI][FAIL] x=1.3 y=168.7 same-region=true -> candidate=EARLY plan=379 errors=380/6
12:59:40 INFO  [Main] [Imix]: [ImixAI][ROLLBACK] no safe checkpoint yet; returned to x=0
12:59:40 INFO  [Main] [Imix]: [ImixAI][SEARCH] phase=LEARNED FAILURE -> SEARCHING ALTERNATIVE x=0.0 y=168.7 plan=379 candidate=EARLY failures=380 budget=6 checkpoint=0.0
12:59:40 WARN  [Main] [Imix]: [ImixAI][FAIL] x=1.3 y=168.5 same-region=true -> candidate=LATE plan=380 errors=381/6
12:59:40 INFO  [Main] [Imix]: [ImixAI][ROLLBACK] no safe checkpoint yet; returned to x=0
12:59:40 INFO  [Main] [Imix]: [ImixAI][SEARCH] phase=LEARNED FAILURE -> SEARCHING ALTERNATIVE x=0.0 y=168.5 plan=380 candidate=LATE failures=381 budget=6 checkpoint=0.0
12:59:40 WARN  [Main] [Imix]: [ImixAI][FAIL] x=1.3 y=168.3 same-region=true -> candidate=CENTER plan=381 errors=382/6
12:59:40 INFO  [Main] [Imix]: [ImixAI][ROLLBACK] no safe checkpoint yet; returned to x=0
12:59:40 INFO  [Main] [Imix]: [ImixAI][SEARCH] phase=LEARNED FAILURE -> SEARCHING ALTERNATIVE x=0.0 y=168.3 plan=381 candidate=CENTER failures=382 budget=6 checkpoint=0.0
12:59:40 WARN  [Main] [Imix]: [ImixAI][FAIL] x=1.3 y=168.0 same-region=true -> candidate=EARLY plan=382 errors=383/6
12:59:40 INFO  [Main] [Imix]: [ImixAI][ROLLBACK] no safe checkpoint yet; returned to x=0
12:59:40 INFO  [Main] [Imix]: [ImixAI][SEARCH] phase=LEARNED FAILURE -> SEARCHING ALTERNATIVE x=0.0 y=168.0 plan=382 candidate=EARLY failures=383 budget=6 checkpoint=0.0
12:59:40 WARN  [Main] [Imix]: [ImixAI][FAIL] x=1.3 y=167.7 same-region=true -> candidate=LATE plan=383 errors=384/6
12:59:40 INFO  [Main] [Imix]: [ImixAI][ROLLBACK] no safe checkpoint yet; returned to x=0
12:59:40 INFO  [Main] [Imix]: [ImixAI][SEARCH] phase=LEARNED FAILURE -> SEARCHING ALTERNATIVE x=0.0 y=167.7 plan=383 candidate=LATE failures=384 budget=6 checkpoint=0.0
12:59:40 WARN  [Main] [Imix]: [ImixAI][FAIL] x=1.3 y=167.4 same-region=true -> candidate=CENTER plan=384 errors=385/6
12:59:40 INFO  [Main] [Imix]: [ImixAI][ROLLBACK] no safe checkpoint yet; returned to x=0
12:59:40 INFO  [Main] [Imix]: [ImixAI][SEARCH] phase=LEARNED FAILURE -> SEARCHING ALTERNATIVE x=0.0 y=167.4 plan=384 candidate=CENTER failures=385 budget=6 checkpoint=0.0
12:59:40 WARN  [Main] [Imix]: [ImixAI][FAIL] x=1.3 y=167.0 same-region=true -> candidate=EARLY plan=385 errors=386/6
12:59:40 INFO  [Main] [Imix]: [ImixAI][ROLLBACK] no safe checkpoint yet; returned to x=0
12:59:40 INFO  [Main] [Imix]: [ImixAI][SEARCH] phase=LEARNED FAILURE -> SEARCHING ALTERNATIVE x=0.0 y=167.0 plan=385 candidate=EARLY failures=386 budget=6 checkpoint=0.0
12:59:40 WARN  [Main] [Imix]: [ImixAI][FAIL] x=1.3 y=166.5 same-region=true -> candidate=LATE plan=386 errors=387/6
12:59:40 INFO  [Main] [Imix]: [ImixAI][ROLLBACK] no safe checkpoint yet; returned to x=0
12:59:40 INFO  [Main] [Imix]: [ImixAI][SEARCH] phase=LEARNED FAILURE -> SEARCHING ALTERNATIVE x=0.0 y=166.5 plan=386 candidate=LATE failures=387 budget=6 checkpoint=0.0
12:59:40 WARN  [Main] [Imix]: [ImixAI][FAIL] x=1.3 y=166.0 same-region=true -> candidate=CENTER plan=387 errors=388/6
12:59:40 INFO  [Main] [Imix]: [ImixAI][ROLLBACK] no safe checkpoint yet; returned to x=0
12:59:40 INFO  [Main] [Imix]: [ImixAI][SEARCH] phase=LEARNED FAILURE -> SEARCHING ALTERNATIVE x=0.0 y=166.0 plan=387 candidate=CENTER failures=388 budget=6 checkpoint=0.0
12:59:40 WARN  [Main] [Imix]: [ImixAI][FAIL] x=1.3 y=165.5 same-region=true -> candidate=EARLY plan=388 errors=389/6
12:59:40 INFO  [Main] [Imix]: [ImixAI][ROLLBACK] no safe checkpoint yet; returned to x=0
12:59:40 INFO  [Main] [Imix]: [ImixAI][SEARCH] phase=LEARNED FAILURE -> SEARCHING ALTERNATIVE x=0.0 y=165.5 plan=388 candidate=EARLY failures=389 budget=6 checkpoint=0.0
12:59:40 WARN  [Main] [Imix]: [ImixAI][FAIL] x=1.3 y=164.9 same-region=true -> candidate=LATE plan=389 errors=390/6
12:59:40 INFO  [Main] [Imix]: [ImixAI][ROLLBACK] no safe checkpoint yet; returned to x=0
12:59:40 INFO  [Main] [Imix]: [ImixAI][SEARCH] phase=LEARNED FAILURE -> SEARCHING ALTERNATIVE x=0.0 y=164.9 plan=389 candidate=LATE failures=390 budget=6 checkpoint=0.0
12:59:40 WARN  [Main] [Imix]: [ImixAI][FAIL] x=1.3 y=164.3 same-region=true -> candidate=CENTER plan=390 errors=391/6
12:59:40 INFO  [Main] [Imix]: [ImixAI][ROLLBACK] no safe checkpoint yet; returned to x=0
12:59:40 INFO  [Main] [Imix]: [ImixAI][SEARCH] phase=LEARNED FAILURE -> SEARCHING ALTERNATIVE x=0.0 y=164.3 plan=390 candidate=CENTER failures=391 budget=6 checkpoint=0.0
12:59:40 WARN  [Main] [Imix]: [ImixAI][FAIL] x=1.3 y=163.6 same-region=true -> candidate=EARLY plan=391 errors=392/6
12:59:40 INFO  [Main] [Imix]: [ImixAI][ROLLBACK] no safe checkpoint yet; returned to x=0
12:59:40 INFO  [Main] [Imix]: [ImixAI][SEARCH] phase=LEARNED FAILURE -> SEARCHING ALTERNATIVE x=0.0 y=163.6 plan=391 candidate=EARLY failures=392 budget=6 checkpoint=0.0
12:59:40 WARN  [Main] [Imix]: [ImixAI][FAIL] x=1.3 y=162.8 same-region=true -> candidate=LATE plan=392 errors=393/6
12:59:40 INFO  [Main] [Imix]: [ImixAI][ROLLBACK] no safe checkpoint yet; returned to x=0
12:59:40 INFO  [Main] [Imix]: [ImixAI][SEARCH] phase=LEARNED FAILURE -> SEARCHING ALTERNATIVE x=0.0 y=162.8 plan=392 candidate=LATE failures=393 budget=6 checkpoint=0.0
12:59:40 WARN  [Main] [Imix]: [ImixAI][FAIL] x=1.3 y=162.0 same-region=true -> candidate=CENTER plan=393 errors=394/6
12:59:40 INFO  [Main] [Imix]: [ImixAI][ROLLBACK] no safe checkpoint yet; returned to x=0
12:59:40 INFO  [Main] [Imix]: [ImixAI][SEARCH] phase=LEARNED FAILURE -> SEARCHING ALTERNATIVE x=0.0 y=162.0 plan=393 candidate=CENTER failures=394 budget=6 checkpoint=0.0
12:59:40 WARN  [Main] [Imix]: [ImixAI][FAIL] x=1.3 y=161.2 same-region=true -> candidate=EARLY plan=394 errors=395/6
12:59:40 INFO  [Main] [Imix]: [ImixAI][ROLLBACK] no safe checkpoint yet; returned to x=0
12:59:40 INFO  [Main] [Imix]: [ImixAI][SEARCH] phase=LEARNED FAILURE -> SEARCHING ALTERNATIVE x=0.0 y=161.2 plan=394 candidate=EARLY failures=395 budget=6 checkpoint=0.0
12:59:40 WARN  [Main] [Imix]: [ImixAI][FAIL] x=1.3 y=160.3 same-region=true -> candidate=LATE plan=395 errors=396/6
12:59:40 INFO  [Main] [Imix]: [ImixAI][ROLLBACK] no safe checkpoint yet; returned to x=0
12:59:40 INFO  [Main] [Imix]: [ImixAI][SEARCH] phase=LEARNED FAILURE -> SEARCHING ALTERNATIVE x=0.0 y=160.3 plan=395 candidate=LATE failures=396 budget=6 checkpoint=0.0
12:59:40 WARN  [Main] [Imix]: [ImixAI][FAIL] x=1.3 y=159.4 same-region=true -> candidate=CENTER plan=396 errors=397/6
12:59:40 INFO  [Main] [Imix]: [ImixAI][ROLLBACK] no safe checkpoint yet; returned to x=0
12:59:40 INFO  [Main] [Imix]: [ImixAI][SEARCH] phase=LEARNED FAILURE -> SEARCHING ALTERNATIVE x=0.0 y=159.4 plan=396 candidate=CENTER failures=397 budget=6 checkpoint=0.0
12:59:40 WARN  [Main] [Imix]: [ImixAI][FAIL] x=1.3 y=158.4 same-region=true -> candidate=EARLY plan=397 errors=398/6
12:59:40 INFO  [Main] [Imix]: [ImixAI][ROLLBACK] no safe checkpoint yet; returned to x=0
12:59:40 INFO  [Main] [Imix]: [ImixAI][SEARCH] phase=LEARNED FAILURE -> SEARCHING ALTERNATIVE x=0.0 y=158.4 plan=397 candidate=EARLY failures=398 budget=6 checkpoint=0.0
12:59:40 WARN  [Main] [Imix]: [ImixAI][FAIL] x=1.3 y=157.4 same-region=true -> candidate=LATE plan=398 errors=399/6
12:59:40 INFO  [Main] [Imix]: [ImixAI][ROLLBACK] no safe checkpoint yet; returned to x=0
12:59:40 INFO  [Main] [Imix]: [ImixAI][SEARCH] phase=LEARNED FAILURE -> SEARCHING ALTERNATIVE x=0.0 y=157.4 plan=398 candidate=LATE failures=399 budget=6 checkpoint=0.0
12:59:40 WARN  [Main] [Imix]: [ImixAI][FAIL] x=1.3 y=156.3 same-region=true -> candidate=CENTER plan=399 errors=400/6
12:59:40 INFO  [Main] [Imix]: [ImixAI][ROLLBACK] no safe checkpoint yet; returned to x=0
12:59:40 INFO  [Main] [Imix]: [ImixAI][SEARCH] phase=LEARNED FAILURE -> SEARCHING ALTERNATIVE x=0.0 y=156.3 plan=399 candidate=CENTER failures=400 budget=6 checkpoint=0.0
12:59:40 WARN  [Main] [Imix]: [ImixAI][FAIL] x=1.3 y=155.2 same-region=true -> candidate=EARLY plan=400 errors=401/6
12:59:40 INFO  [Main] [Imix]: [ImixAI][ROLLBACK] no safe checkpoint yet; returned to x=0
12:59:40 INFO  [Main] [Imix]: [ImixAI][SEARCH] phase=LEARNED FAILURE -> SEARCHING ALTERNATIVE x=0.0 y=155.2 plan=400 candidate=EARLY failures=401 budget=6 checkpoint=0.0
12:59:40 WARN  [Main] [Imix]: [ImixAI][FAIL] x=1.3 y=154.0 same-region=true -> candidate=LATE plan=401 errors=402/6
12:59:40 INFO  [Main] [Imix]: [ImixAI][ROLLBACK] no safe checkpoint yet; returned to x=0
12:59:40 INFO  [Main] [Imix]: [ImixAI][SEARCH] phase=LEARNED FAILURE -> SEARCHING ALTERNATIVE x=0.0 y=154.0 plan=401 candidate=LATE failures=402 budget=6 checkpoint=0.0
12:59:40 WARN  [Main] [Imix]: [ImixAI][FAIL] x=1.3 y=152.7 same-region=true -> candidate=CENTER plan=402 errors=403/6
12:59:40 INFO  [Main] [Imix]: [ImixAI][ROLLBACK] no safe checkpoint yet; returned to x=0
12:59:40 INFO  [Main] [Imix]: [ImixAI][SEARCH] phase=LEARNED FAILURE -> SEARCHING ALTERNATIVE x=0.0 y=152.7 plan=402 candidate=CENTER failures=403 budget=6 checkpoint=0.0
12:59:40 WARN  [Main] [Imix]: [ImixAI][FAIL] x=1.3 y=151.5 same-region=true -> candidate=EARLY plan=403 errors=404/6
12:59:40 INFO  [Main] [Imix]: [ImixAI][ROLLBACK] no safe checkpoint yet; returned to x=0
12:59:40 INFO  [Main] [Imix]: [ImixAI][SEARCH] phase=LEARNED FAILURE -> SEARCHING ALTERNATIVE x=0.0 y=151.5 plan=403 candidate=EARLY failures=404 budget=6 checkpoint=0.0
12:59:40 WARN  [Main] [Imix]: [ImixAI][FAIL] x=1.3 y=150.1 same-region=true -> candidate=LATE plan=404 errors=405/6
12:59:40 INFO  [Main] [Imix]: [ImixAI][ROLLBACK] no safe checkpoint yet; returned to x=0
12:59:40 INFO  [Main] [Imix]: [ImixAI][SEARCH] phase=LEARNED FAILURE -> SEARCHING ALTERNATIVE x=0.0 y=150.1 plan=404 candidate=LATE failures=405 budget=6 checkpoint=0.0
12:59:40 WARN  [Main] [Imix]: [ImixAI][FAIL] x=1.3 y=148.8 same-region=true -> candidate=CENTER plan=405 errors=406/6
12:59:40 INFO  [Main] [Imix]: [ImixAI][ROLLBACK] no safe checkpoint yet; returned to x=0
12:59:40 INFO  [Main] [Imix]: [ImixAI][SEARCH] phase=LEARNED FAILURE -> SEARCHING ALTERNATIVE x=0.0 y=148.8 plan=405 candidate=CENTER failures=406 budget=6 checkpoint=0.0
12:59:40 WARN  [Main] [Imix]: [ImixAI][FAIL] x=1.3 y=147.4 same-region=true -> candidate=EARLY plan=406 errors=407/6
12:59:40 INFO  [Main] [Imix]: [ImixAI][ROLLBACK] no safe checkpoint yet; returned to x=0
12:59:40 INFO  [Main] [Imix]: [ImixAI][SEARCH] phase=LEARNED FAILURE -> SEARCHING ALTERNATIVE x=0.0 y=147.4 plan=406 candidate=EARLY failures=407 budget=6 checkpoint=0.0
12:59:40 WARN  [Main] [Imix]: [ImixAI][FAIL] x=1.3 y=145.9 same-region=true -> candidate=LATE plan=407 errors=408/6
12:59:40 INFO  [Main] [Imix]: [ImixAI][ROLLBACK] no safe checkpoint yet; returned to x=0
12:59:40 INFO  [Main] [Imix]: [ImixAI][SEARCH] phase=LEARNED FAILURE -> SEARCHING ALTERNATIVE x=0.0 y=145.9 plan=407 candidate=LATE failures=408 budget=6 checkpoint=0.0
12:59:40 WARN  [Main] [Imix]: [ImixAI][FAIL] x=1.3 y=144.4 same-region=true -> candidate=CENTER plan=408 errors=409/6
12:59:40 INFO  [Main] [Imix]: [ImixAI][ROLLBACK] no safe checkpoint yet; returned to x=0
12:59:40 INFO  [Main] [Imix]: [ImixAI][SEARCH] phase=LEARNED FAILURE -> SEARCHING ALTERNATIVE x=0.0 y=144.4 plan=408 candidate=CENTER failures=409 budget=6 checkpoint=0.0
12:59:40 WARN  [Main] [Imix]: [ImixAI][FAIL] x=1.3 y=142.8 same-region=true -> candidate=EARLY plan=409 errors=410/6
12:59:40 INFO  [Main] [Imix]: [ImixAI][ROLLBACK] no safe checkpoint yet; returned to x=0
12:59:40 INFO  [Main] [Imix]: [ImixAI][SEARCH] phase=LEARNED FAILURE -> SEARCHING ALTERNATIVE x=0.0 y=142.8 plan=409 candidate=EARLY failures=410 budget=6 checkpoint=0.0
12:59:40 WARN  [Main] [Imix]: [ImixAI][FAIL] x=1.3 y=141.2 same-region=true -> candidate=LATE plan=410 errors=411/6
12:59:40 INFO  [Main] [Imix]: [ImixAI][ROLLBACK] no safe checkpoint yet; returned to x=0
12:59:40 INFO  [Main] [Imix]: [ImixAI][SEARCH] phase=LEARNED FAILURE -> SEARCHING ALTERNATIVE x=0.0 y=141.2 plan=410 candidate=LATE failures=411 budget=6 checkpoint=0.0
12:59:40 WARN  [Main] [Imix]: [ImixAI][FAIL] x=1.3 y=139.5 same-region=true -> candidate=CENTER plan=411 errors=412/6
12:59:40 INFO  [Main] [Imix]: [ImixAI][ROLLBACK] no safe checkpoint yet; returned to x=0
12:59:40 INFO  [Main] [Imix]: [ImixAI][SEARCH] phase=LEARNED FAILURE -> SEARCHING ALTERNATIVE x=0.0 y=139.5 plan=411 candidate=CENTER failures=412 budget=6 checkpoint=0.0
12:59:40 WARN  [Main] [Imix]: [ImixAI][FAIL] x=1.3 y=137.8 same-region=true -> candidate=EARLY plan=412 errors=413/6
12:59:40 INFO  [Main] [Imix]: [ImixAI][ROLLBACK] no safe checkpoint yet; returned to x=0
12:59:40 INFO  [Main] [Imix]: [ImixAI][SEARCH] phase=LEARNED FAILURE -> SEARCHING ALTERNATIVE x=0.0 y=137.8 plan=412 candidate=EARLY failures=413 budget=6 checkpoint=0.0
12:59:40 WARN  [Main] [Imix]: [ImixAI][FAIL] x=1.3 y=136.0 same-region=true -> candidate=LATE plan=413 errors=414/6
12:59:40 INFO  [Main] [Imix]: [ImixAI][ROLLBACK] no safe checkpoint yet; returned to x=0
12:59:40 INFO  [Main] [Imix]: [ImixAI][SEARCH] phase=LEARNED FAILURE -> SEARCHING ALTERNATIVE x=0.0 y=136.0 plan=413 candidate=LATE failures=414 budget=6 checkpoint=0.0
12:59:40 WARN  [Main] [Imix]: [ImixAI][FAIL] x=1.3 y=134.2 same-region=true -> candidate=CENTER plan=414 errors=415/6
12:59:40 INFO  [Main] [Imix]: [ImixAI][ROLLBACK] no safe checkpoint yet; returned to x=0
12:59:40 INFO  [Main] [Imix]: [ImixAI][SEARCH] phase=LEARNED FAILURE -> SEARCHING ALTERNATIVE x=0.0 y=134.2 plan=414 candidate=CENTER failures=415 budget=6 checkpoint=0.0
12:59:40 WARN  [Main] [Imix]: [ImixAI][FAIL] x=1.3 y=132.4 same-region=true -> candidate=EARLY plan=415 errors=416/6
12:59:40 INFO  [Main] [Imix]: [ImixAI][ROLLBACK] no safe checkpoint yet; returned to x=0
12:59:40 INFO  [Main] [Imix]: [ImixAI][SEARCH] phase=LEARNED FAILURE -> SEARCHING ALTERNATIVE x=0.0 y=132.4 plan=415 candidate=EARLY failures=416 budget=6 checkpoint=0.0
12:59:40 WARN  [Main] [Imix]: [ImixAI][FAIL] x=1.3 y=130.5 same-region=true -> candidate=LATE plan=416 errors=417/6
12:59:40 INFO  [Main] [Imix]: [ImixAI][ROLLBACK] no safe checkpoint yet; returned to x=0
12:59:40 INFO  [Main] [Imix]: [ImixAI][SEARCH] phase=LEARNED FAILURE -> SEARCHING ALTERNATIVE x=0.0 y=130.5 plan=416 candidate=LATE failures=417 budget=6 checkpoint=0.0
12:59:40 WARN  [Main] [Imix]: [ImixAI][FAIL] x=1.3 y=128.5 same-region=true -> candidate=CENTER plan=417 errors=418/6
12:59:40 INFO  [Main] [Imix]: [ImixAI][ROLLBACK] no safe checkpoint yet; returned to x=0
12:59:40 INFO  [Main] [Imix]: [ImixAI][SEARCH] phase=LEARNED FAILURE -> SEARCHING ALTERNATIVE x=0.0 y=128.5 plan=417 candidate=CENTER failures=418 budget=6 checkpoint=0.0
12:59:40 WARN  [Main] [Imix]: [ImixAI][FAIL] x=1.3 y=126.5 same-region=true -> candidate=EARLY plan=418 errors=419/6
12:59:40 INFO  [Main] [Imix]: [ImixAI][ROLLBACK] no safe checkpoint yet; returned to x=0
12:59:40 INFO  [Main] [Imix]: [ImixAI][SEARCH] phase=LEARNED FAILURE -> SEARCHING ALTERNATIVE x=0.0 y=126.5 plan=418 candidate=EARLY failures=419 budget=6 checkpoint=0.0
12:59:40 WARN  [Main] [Imix]: [ImixAI][FAIL] x=1.3 y=124.5 same-region=true -> candidate=LATE plan=419 errors=420/6
12:59:40 INFO  [Main] [Imix]: [ImixAI][ROLLBACK] no safe checkpoint yet; returned to x=0
12:59:40 INFO  [Main] [Imix]: [ImixAI][SEARCH] phase=LEARNED FAILURE -> SEARCHING ALTERNATIVE x=0.0 y=124.5 plan=419 candidate=LATE failures=420 budget=6 checkpoint=0.0
12:59:40 WARN  [Main] [Imix]: [ImixAI][FAIL] x=1.3 y=122.4 same-region=true -> candidate=CENTER plan=420 errors=421/6
12:59:40 INFO  [Main] [Imix]: [ImixAI][ROLLBACK] no safe checkpoint yet; returned to x=0
12:59:40 INFO  [Main] [Imix]: [ImixAI][SEARCH] phase=LEARNED FAILURE -> SEARCHING ALTERNATIVE x=0.0 y=122.4 plan=420 candidate=CENTER failures=421 budget=6 checkpoint=0.0
12:59:40 WARN  [Main] [Imix]: [ImixAI][FAIL] x=1.3 y=120.2 same-region=true -> candidate=EARLY plan=421 errors=422/6
12:59:40 INFO  [Main] [Imix]: [ImixAI][ROLLBACK] no safe checkpoint yet; returned to x=0
12:59:40 INFO  [Main] [Imix]: [ImixAI][SEARCH] phase=LEARNED FAILURE -> SEARCHING ALTERNATIVE x=0.0 y=120.2 plan=421 candidate=EARLY failures=422 budget=6 checkpoint=0.0
12:59:40 WARN  [Main] [Imix]: [ImixAI][FAIL] x=1.3 y=118.0 same-region=true -> candidate=LATE plan=422 errors=423/6
12:59:40 INFO  [Main] [Imix]: [ImixAI][ROLLBACK] no safe checkpoint yet; returned to x=0
12:59:40 INFO  [Main] [Imix]: [ImixAI][SEARCH] phase=LEARNED FAILURE -> SEARCHING ALTERNATIVE x=0.0 y=118.0 plan=422 candidate=LATE failures=423 budget=6 checkpoint=0.0
12:59:40 WARN  [Main] [Imix]: [ImixAI][FAIL] x=1.3 y=115.8 same-region=true -> candidate=CENTER plan=423 errors=424/6
12:59:40 INFO  [Main] [Imix]: [ImixAI][ROLLBACK] no safe checkpoint yet; returned to x=0
12:59:40 INFO  [Main] [Imix]: [ImixAI][SEARCH] phase=LEARNED FAILURE -> SEARCHING ALTERNATIVE x=0.0 y=115.8 plan=423 candidate=CENTER failures=424 budget=6 checkpoint=0.0
12:59:40 WARN  [Main] [Imix]: [ImixAI][FAIL] x=1.3 y=113.5 same-region=true -> candidate=EARLY plan=424 errors=425/6
12:59:40 INFO  [Main] [Imix]: [ImixAI][ROLLBACK] no safe checkpoint yet; returned to x=0
12:59:40 INFO  [Main] [Imix]: [ImixAI][SEARCH] phase=LEARNED FAILURE -> SEARCHING ALTERNATIVE x=0.0 y=113.5 plan=424 candidate=EARLY failures=425 budget=6 checkpoint=0.0
12:59:40 WARN  [Main] [Imix]: [ImixAI][FAIL] x=1.3 y=111.1 same-region=true -> candidate=LATE plan=425 errors=426/6
12:59:40 INFO  [Main] [Imix]: [ImixAI][ROLLBACK] no safe checkpoint yet; returned to x=0
12:59:40 INFO  [Main] [Imix]: [ImixAI][SEARCH] phase=LEARNED FAILURE -> SEARCHING ALTERNATIVE x=0.0 y=111.1 plan=425 candidate=LATE failures=426 budget=6 checkpoint=0.0
12:59:40 WARN  [Main] [Imix]: [ImixAI][FAIL] x=1.3 y=108.7 same-region=true -> candidate=CENTER plan=426 errors=427/6
12:59:40 INFO  [Main] [Imix]: [ImixAI][ROLLBACK] no safe checkpoint yet; returned to x=0
12:59:40 INFO  [Main] [Imix]: [ImixAI][SEARCH] phase=LEARNED FAILURE -> SEARCHING ALTERNATIVE x=0.0 y=108.7 plan=426 candidate=CENTER failures=427 budget=6 checkpoint=0.0
12:59:40 WARN  [Main] [Imix]: [ImixAI][FAIL] x=1.3 y=106.3 same-region=true -> candidate=EARLY plan=427 errors=428/6
12:59:40 INFO  [Main] [Imix]: [ImixAI][ROLLBACK] no safe checkpoint yet; returned to x=0
12:59:40 INFO  [Main] [Imix]: [ImixAI][SEARCH] phase=LEARNED FAILURE -> SEARCHING ALTERNATIVE x=0.0 y=106.3 plan=427 candidate=EARLY failures=428 budget=6 checkpoint=0.0
12:59:40 WARN  [Main] [Imix]: [ImixAI][FAIL] x=1.3 y=105.0 same-region=true -> candidate=LATE plan=428 errors=429/6
12:59:40 INFO  [Main] [Imix]: [ImixAI][ROLLBACK] no safe checkpoint yet; returned to x=0
12:59:40 INFO  [Main] [Imix]: [ImixAI][SEARCH] phase=LEARNED FAILURE -> SEARCHING ALTERNATIVE x=0.0 y=105.0 plan=428 candidate=LATE failures=429 budget=6 checkpoint=0.0
12:59:40 WARN  [Main] [Imix]: [ImixAI][FAIL] x=1.3 y=105.0 same-region=true -> candidate=CENTER plan=429 errors=430/6
12:59:40 INFO  [Main] [Imix]: [ImixAI][ROLLBACK] no safe checkpoint yet; returned to x=0
12:59:40 INFO  [Main] [Imix]: [ImixAI][SEARCH] phase=LEARNED FAILURE -> SEARCHING ALTERNATIVE x=0.0 y=105.0 plan=429 candidate=CENTER failures=430 budget=6 checkpoint=0.0
12:59:40 WARN  [Main] [Imix]: [ImixAI][FAIL] x=1.3 y=105.0 same-region=true -> candidate=EARLY plan=430 errors=431/6
12:59:40 INFO  [Main] [Imix]: [ImixAI][ROLLBACK] no safe checkpoint yet; returned to x=0
12:59:40 INFO  [Main] [Imix]: [ImixAI][SEARCH] phase=LEARNED FAILURE -> SEARCHING ALTERNATIVE x=0.0 y=105.0 plan=430 candidate=EARLY failures=431 budget=6 checkpoint=0.0
12:59:40 WARN  [Main] [Imix]: [ImixAI][FAIL] x=1.3 y=105.0 same-region=true -> candidate=LATE plan=431 errors=432/6
12:59:40 INFO  [Main] [Imix]: [ImixAI][ROLLBACK] no safe checkpoint yet; returned to x=0
12:59:40 INFO  [Main] [Imix]: [ImixAI][SEARCH] phase=LEARNED FAILURE -> SEARCHING ALTERNATIVE x=0.0 y=105.0 plan=431 candidate=LATE failures=432 budget=6 checkpoint=0.0
12:59:40 WARN  [Main] [Imix]: [ImixAI][FAIL] x=1.3 y=105.0 same-region=true -> candidate=CENTER plan=432 errors=433/6
12:59:40 INFO  [Main] [Imix]: [ImixAI][ROLLBACK] no safe checkpoint yet; returned to x=0
12:59:40 INFO  [Main] [Imix]: [ImixAI][SEARCH] phase=LEARNED FAILURE -> SEARCHING ALTERNATIVE x=0.0 y=105.0 plan=432 candidate=CENTER failures=433 budget=6 checkpoint=0.0
12:59:40 WARN  [Main] [Imix]: [ImixAI][FAIL] x=1.3 y=105.0 same-region=true -> candidate=EARLY plan=433 errors=434/6
12:59:40 INFO  [Main] [Imix]: [ImixAI][ROLLBACK] no safe checkpoint yet; returned to x=0
12:59:40 INFO  [Main] [Imix]: [ImixAI][SEARCH] phase=LEARNED FAILURE -> SEARCHING ALTERNATIVE x=0.0 y=105.0 plan=433 candidate=EARLY failures=434 budget=6 checkpoint=0.0
12:59:40 WARN  [Main] [Imix]: [ImixAI][FAIL] x=1.3 y=105.0 same-region=true -> candidate=LATE plan=434 errors=435/6
12:59:40 INFO  [Main] [Imix]: [ImixAI][ROLLBACK] no safe checkpoint yet; returned to x=0
12:59:40 INFO  [Main] [Imix]: [ImixAI][SEARCH] phase=LEARNED FAILURE -> SEARCHING ALTERNATIVE x=0.0 y=105.0 plan=434 candidate=LATE failures=435 budget=6 checkpoint=0.0
12:59:40 WARN  [Main] [Imix]: [ImixAI][FAIL] x=1.3 y=105.0 same-region=true -> candidate=CENTER plan=435 errors=436/6
12:59:40 INFO  [Main] [Imix]: [ImixAI][ROLLBACK] no safe checkpoint yet; returned to x=0
12:59:40 INFO  [Main] [Imix]: [ImixAI][SEARCH] phase=LEARNED FAILURE -> SEARCHING ALTERNATIVE x=0.0 y=105.0 plan=435 candidate=CENTER failures=436 budget=6 checkpoint=0.0
12:59:40 WARN  [Main] [Imix]: [ImixAI][FAIL] x=1.3 y=105.0 same-region=true -> candidate=EARLY plan=436 errors=437/6
12:59:40 INFO  [Main] [Imix]: [ImixAI][ROLLBACK] no safe checkpoint yet; returned to x=0
12:59:40 INFO  [Main] [Imix]: [ImixAI][SEARCH] phase=LEARNED FAILURE -> SEARCHING ALTERNATIVE x=0.0 y=105.0 plan=436 candidate=EARLY failures=437 budget=6 checkpoint=0.0
12:59:40 WARN  [Main] [Imix]: [ImixAI][FAIL] x=1.3 y=105.0 same-region=true -> candidate=LATE plan=437 errors=438/6
12:59:40 INFO  [Main] [Imix]: [ImixAI][ROLLBACK] no safe checkpoint yet; returned to x=0
12:59:40 INFO  [Main] [Imix]: [ImixAI][SEARCH] phase=LEARNED FAILURE -> SEARCHING ALTERNATIVE x=0.0 y=105.0 plan=437 candidate=LATE failures=438 budget=6 checkpoint=0.0
12:59:40 WARN  [Main] [Imix]: [ImixAI][FAIL] x=1.3 y=105.0 same-region=true -> candidate=CENTER plan=438 errors=439/6
12:59:40 INFO  [Main] [Imix]: [ImixAI][ROLLBACK] no safe checkpoint yet; returned to x=0
12:59:40 INFO  [Main] [Imix]: [ImixAI][SEARCH] phase=LEARNED FAILURE -> SEARCHING ALTERNATIVE x=0.0 y=105.0 plan=438 candidate=CENTER failures=439 budget=6 checkpoint=0.0
12:59:40 WARN  [Main] [Imix]: [ImixAI][FAIL] x=1.3 y=105.0 same-region=true -> candidate=EARLY plan=439 errors=440/6
12:59:40 INFO  [Main] [Imix]: [ImixAI][ROLLBACK] no safe checkpoint yet; returned to x=0
12:59:40 INFO  [Main] [Imix]: [ImixAI][SEARCH] phase=LEARNED FAILURE -> SEARCHING ALTERNATIVE x=0.0 y=105.0 plan=439 candidate=EARLY failures=440 budget=6 checkpoint=0.0
12:59:40 WARN  [Main] [Imix]: [ImixAI][FAIL] x=1.3 y=105.0 same-region=true -> candidate=LATE plan=440 errors=441/6
12:59:40 INFO  [Main] [Imix]: [ImixAI][ROLLBACK] no safe checkpoint yet; returned to x=0
12:59:40 INFO  [Main] [Imix]: [ImixAI][SEARCH] phase=LEARNED FAILURE -> SEARCHING ALTERNATIVE x=0.0 y=105.0 plan=440 candidate=LATE failures=441 budget=6 checkpoint=0.0
12:59:41 WARN  [Main] [Imix]: [ImixAI][FAIL] x=1.3 y=105.0 same-region=true -> candidate=CENTER plan=441 errors=442/6
12:59:41 INFO  [Main] [Imix]: [ImixAI][ROLLBACK] no safe checkpoint yet; returned to x=0
12:59:41 INFO  [Main] [Imix]: [ImixAI][SEARCH] phase=LEARNED FAILURE -> SEARCHING ALTERNATIVE x=0.0 y=105.0 plan=441 candidate=CENTER failures=442 budget=6 checkpoint=0.0
12:59:41 WARN  [Main] [Imix]: [ImixAI][FAIL] x=1.3 y=105.0 same-region=true -> candidate=EARLY plan=442 errors=443/6
12:59:41 INFO  [Main] [Imix]: [ImixAI][ROLLBACK] no safe checkpoint yet; returned to x=0
12:59:41 INFO  [Main] [Imix]: [ImixAI][SEARCH] phase=LEARNED FAILURE -> SEARCHING ALTERNATIVE x=0.0 y=105.0 plan=442 candidate=EARLY failures=443 budget=6 checkpoint=0.0
12:59:41 WARN  [Main] [Imix]: [ImixAI][FAIL] x=1.3 y=105.0 same-region=true -> candidate=LATE plan=443 errors=444/6
12:59:41 INFO  [Main] [Imix]: [ImixAI][ROLLBACK] no safe checkpoint yet; returned to x=0
12:59:41 INFO  [Main] [Imix]: [ImixAI][SEARCH] phase=LEARNED FAILURE -> SEARCHING ALTERNATIVE x=0.0 y=105.0 plan=443 candidate=LATE failures=444 budget=6 checkpoint=0.0
12:59:41 WARN  [Main] [Imix]: [ImixAI][FAIL] x=1.3 y=105.0 same-region=true -> candidate=CENTER plan=444 errors=445/6
12:59:41 INFO  [Main] [Imix]: [ImixAI][ROLLBACK] no safe checkpoint yet; returned to x=0
12:59:41 INFO  [Main] [Imix]: [ImixAI][SEARCH] phase=LEARNED FAILURE -> SEARCHING ALTERNATIVE x=0.0 y=105.0 plan=444 candidate=CENTER failures=445 budget=6 checkpoint=0.0
12:59:41 WARN  [Main] [Imix]: [ImixAI][FAIL] x=1.3 y=105.0 same-region=true -> candidate=EARLY plan=445 errors=446/6
12:59:41 INFO  [Main] [Imix]: [ImixAI][ROLLBACK] no safe checkpoint yet; returned to x=0
12:59:41 INFO  [Main] [Imix]: [ImixAI][SEARCH] phase=LEARNED FAILURE -> SEARCHING ALTERNATIVE x=0.0 y=105.0 plan=445 candidate=EARLY failures=446 budget=6 checkpoint=0.0
12:59:41 WARN  [Main] [Imix]: [ImixAI][FAIL] x=1.3 y=105.0 same-region=true -> candidate=LATE plan=446 errors=447/6
12:59:41 INFO  [Main] [Imix]: [ImixAI][ROLLBACK] no safe checkpoint yet; returned to x=0
12:59:41 INFO  [Main] [Imix]: [ImixAI][SEARCH] phase=LEARNED FAILURE -> SEARCHING ALTERNATIVE x=0.0 y=105.0 plan=446 candidate=LATE failures=447 budget=6 checkpoint=0.0
12:59:41 WARN  [Main] [Imix]: [ImixAI][FAIL] x=1.3 y=105.0 same-region=true -> candidate=CENTER plan=447 errors=448/6
12:59:41 INFO  [Main] [Imix]: [ImixAI][ROLLBACK] no safe checkpoint yet; returned to x=0
12:59:41 INFO  [Main] [Imix]: [ImixAI][SEARCH] phase=LEARNED FAILURE -> SEARCHING ALTERNATIVE x=0.0 y=105.0 plan=447 candidate=CENTER failures=448 budget=6 checkpoint=0.0
12:59:41 WARN  [Main] [Imix]: [ImixAI][FAIL] x=1.3 y=105.0 same-region=true -> candidate=EARLY plan=448 errors=449/6
12:59:41 INFO  [Main] [Imix]: [ImixAI][ROLLBACK] no safe checkpoint yet; returned to x=0
12:59:41 INFO  [Main] [Imix]: [ImixAI][SEARCH] phase=LEARNED FAILURE -> SEARCHING ALTERNATIVE x=0.0 y=105.0 plan=448 candidate=EARLY failures=449 budget=6 checkpoint=0.0
12:59:41 WARN  [Main] [Imix]: [ImixAI][FAIL] x=1.3 y=105.0 same-region=true -> candidate=LATE plan=449 errors=450/6
12:59:41 INFO  [Main] [Imix]: [ImixAI][ROLLBACK] no safe checkpoint yet; returned to x=0
12:59:41 INFO  [Main] [Imix]: [ImixAI][SEARCH] phase=LEARNED FAILURE -> SEARCHING ALTERNATIVE x=0.0 y=105.0 plan=449 candidate=LATE failures=450 budget=6 checkpoint=0.0
12:59:41 WARN  [Main] [Imix]: [ImixAI][FAIL] x=1.3 y=105.0 same-region=true -> candidate=CENTER plan=450 errors=451/6
12:59:41 INFO  [Main] [Imix]: [ImixAI][ROLLBACK] no safe checkpoint yet; returned to x=0
12:59:41 INFO  [Main] [Imix]: [ImixAI][SEARCH] phase=LEARNED FAILURE -> SEARCHING ALTERNATIVE x=0.0 y=105.0 plan=450 candidate=CENTER failures=451 budget=6 checkpoint=0.0
12:59:41 WARN  [Main] [Imix]: [ImixAI][FAIL] x=1.3 y=105.0 same-region=true -> candidate=EARLY plan=451 errors=452/6
12:59:41 INFO  [Main] [Imix]: [ImixAI][ROLLBACK] no safe checkpoint yet; returned to x=0
12:59:41 INFO  [Main] [Imix]: [ImixAI][SEARCH] phase=LEARNED FAILURE -> SEARCHING ALTERNATIVE x=0.0 y=105.0 plan=451 candidate=EARLY failures=452 budget=6 checkpoint=0.0
12:59:41 WARN  [Main] [Imix]: [ImixAI][FAIL] x=1.3 y=105.0 same-region=true -> candidate=LATE plan=452 errors=453/6
12:59:41 INFO  [Main] [Imix]: [ImixAI][ROLLBACK] no safe checkpoint yet; returned to x=0
12:59:41 INFO  [Main] [Imix]: [ImixAI][SEARCH] phase=LEARNED FAILURE -> SEARCHING ALTERNATIVE x=0.0 y=105.0 plan=452 candidate=LATE failures=453 budget=6 checkpoint=0.0
12:59:41 WARN  [Main] [Imix]: [ImixAI][FAIL] x=1.3 y=105.0 same-region=true -> candidate=CENTER plan=453 errors=454/6
12:59:41 INFO  [Main] [Imix]: [ImixAI][ROLLBACK] no safe checkpoint yet; returned to x=0
12:59:41 INFO  [Main] [Imix]: [ImixAI][SEARCH] phase=LEARNED FAILURE -> SEARCHING ALTERNATIVE x=0.0 y=105.0 plan=453 candidate=CENTER failures=454 budget=6 checkpoint=0.0
12:59:41 WARN  [Main] [Imix]: [ImixAI][FAIL] x=1.3 y=105.0 same-region=true -> candidate=EARLY plan=454 errors=455/6
12:59:41 INFO  [Main] [Imix]: [ImixAI][ROLLBACK] no safe checkpoint yet; returned to x=0
12:59:41 INFO  [Main] [Imix]: [ImixAI][SEARCH] phase=LEARNED FAILURE -> SEARCHING ALTERNATIVE x=0.0 y=105.0 plan=454 candidate=EARLY failures=455 budget=6 checkpoint=0.0
12:59:41 WARN  [Main] [Imix]: [ImixAI][FAIL] x=1.3 y=105.0 same-region=true -> candidate=LATE plan=455 errors=456/6
12:59:41 INFO  [Main] [Imix]: [ImixAI][ROLLBACK] no safe checkpoint yet; returned to x=0
12:59:41 INFO  [Main] [Imix]: [ImixAI][SEARCH] phase=LEARNED FAILURE -> SEARCHING ALTERNATIVE x=0.0 y=105.0 plan=455 candidate=LATE failures=456 budget=6 checkpoint=0.0
12:59:41 WARN  [Main] [Imix]: [ImixAI][FAIL] x=1.3 y=105.0 same-region=true -> candidate=CENTER plan=456 errors=457/6
12:59:41 INFO  [Main] [Imix]: [ImixAI][ROLLBACK] no safe checkpoint yet; returned to x=0
12:59:41 INFO  [Main] [Imix]: [ImixAI][SEARCH] phase=LEARNED FAILURE -> SEARCHING ALTERNATIVE x=0.0 y=105.0 plan=456 candidate=CENTER failures=457 budget=6 checkpoint=0.0
12:59:41 WARN  [Main] [Imix]: [ImixAI][FAIL] x=1.3 y=105.0 same-region=true -> candidate=EARLY plan=457 errors=458/6
12:59:41 INFO  [Main] [Imix]: [ImixAI][ROLLBACK] no safe checkpoint yet; returned to x=0
12:59:41 INFO  [Main] [Imix]: [ImixAI][SEARCH] phase=LEARNED FAILURE -> SEARCHING ALTERNATIVE x=0.0 y=105.0 plan=457 candidate=EARLY failures=458 budget=6 checkpoint=0.0
12:59:41 WARN  [Main] [Imix]: [ImixAI][FAIL] x=1.3 y=105.0 same-region=true -> candidate=LATE plan=458 errors=459/6
12:59:41 INFO  [Main] [Imix]: [ImixAI][ROLLBACK] no safe checkpoint yet; returned to x=0
12:59:41 INFO  [Main] [Imix]: [ImixAI][SEARCH] phase=LEARNED FAILURE -> SEARCHING ALTERNATIVE x=0.0 y=105.0 plan=458 candidate=LATE failures=459 budget=6 checkpoint=0.0
12:59:41 WARN  [Main] [Imix]: [ImixAI][FAIL] x=1.3 y=105.0 same-region=true -> candidate=CENTER plan=459 errors=460/6
12:59:41 INFO  [Main] [Imix]: [ImixAI][ROLLBACK] no safe checkpoint yet; returned to x=0
12:59:41 INFO  [Main] [Imix]: [ImixAI][SEARCH] phase=LEARNED FAILURE -> SEARCHING ALTERNATIVE x=0.0 y=105.0 plan=459 candidate=CENTER failures=460 budget=6 checkpoint=0.0
12:59:41 WARN  [Main] [Imix]: [ImixAI][FAIL] x=1.3 y=105.0 same-region=true -> candidate=EARLY plan=460 errors=461/6
12:59:41 INFO  [Main] [Imix]: [ImixAI][ROLLBACK] no safe checkpoint yet; returned to x=0
12:59:41 INFO  [Main] [Imix]: [ImixAI][SEARCH] phase=LEARNED FAILURE -> SEARCHING ALTERNATIVE x=0.0 y=105.0 plan=460 candidate=EARLY failures=461 budget=6 checkpoint=0.0
12:59:41 WARN  [Main] [Imix]: [ImixAI][FAIL] x=1.3 y=105.0 same-region=true -> candidate=LATE plan=461 errors=462/6
12:59:41 INFO  [Main] [Imix]: [ImixAI][ROLLBACK] no safe checkpoint yet; returned to x=0
12:59:41 INFO  [Main] [Imix]: [ImixAI][SEARCH] phase=LEARNED FAILURE -> SEARCHING ALTERNATIVE x=0.0 y=105.0 plan=461 candidate=LATE failures=462 budget=6 checkpoint=0.0
12:59:41 WARN  [Main] [Imix]: [ImixAI][FAIL] x=1.3 y=105.0 same-region=true -> candidate=CENTER plan=462 errors=463/6
12:59:41 INFO  [Main] [Imix]: [ImixAI][ROLLBACK] no safe checkpoint yet; returned to x=0
12:59:41 INFO  [Main] [Imix]: [ImixAI][SEARCH] phase=LEARNED FAILURE -> SEARCHING ALTERNATIVE x=0.0 y=105.0 plan=462 candidate=CENTER failures=463 budget=6 checkpoint=0.0
12:59:41 WARN  [Main] [Imix]: [ImixAI][FAIL] x=1.3 y=105.0 same-region=true -> candidate=EARLY plan=463 errors=464/6
12:59:41 INFO  [Main] [Imix]: [ImixAI][ROLLBACK] no safe checkpoint yet; returned to x=0
12:59:41 INFO  [Main] [Imix]: [ImixAI][SEARCH] phase=LEARNED FAILURE -> SEARCHING ALTERNATIVE x=0.0 y=105.0 plan=463 candidate=EARLY failures=464 budget=6 checkpoint=0.0
12:59:41 WARN  [Main] [Imix]: [ImixAI][FAIL] x=1.3 y=105.0 same-region=true -> candidate=LATE plan=464 errors=465/6
12:59:41 INFO  [Main] [Imix]: [ImixAI][ROLLBACK] no safe checkpoint yet; returned to x=0
12:59:41 INFO  [Main] [Imix]: [ImixAI][SEARCH] phase=LEARNED FAILURE -> SEARCHING ALTERNATIVE x=0.0 y=105.0 plan=464 candidate=LATE failures=465 budget=6 checkpoint=0.0
12:59:41 WARN  [Main] [Imix]: [ImixAI][FAIL] x=1.3 y=105.0 same-region=true -> candidate=CENTER plan=465 errors=466/6
12:59:41 INFO  [Main] [Imix]: [ImixAI][ROLLBACK] no safe checkpoint yet; returned to x=0
12:59:41 INFO  [Main] [Imix]: [ImixAI][SEARCH] phase=LEARNED FAILURE -> SEARCHING ALTERNATIVE x=0.0 y=105.0 plan=465 candidate=CENTER failures=466 budget=6 checkpoint=0.0
12:59:41 WARN  [Main] [Imix]: [ImixAI][FAIL] x=1.3 y=105.0 same-region=true -> candidate=EARLY plan=466 errors=467/6
12:59:41 INFO  [Main] [Imix]: [ImixAI][ROLLBACK] no safe checkpoint yet; returned to x=0
12:59:41 INFO  [Main] [Imix]: [ImixAI][SEARCH] phase=LEARNED FAILURE -> SEARCHING ALTERNATIVE x=0.0 y=105.0 plan=466 candidate=EARLY failures=467 budget=6 checkpoint=0.0
12:59:41 WARN  [Main] [Imix]: [ImixAI][FAIL] x=1.3 y=105.0 same-region=true -> candidate=LATE plan=467 errors=468/6
12:59:41 INFO  [Main] [Imix]: [ImixAI][ROLLBACK] no safe checkpoint yet; returned to x=0
12:59:41 INFO  [Main] [Imix]: [ImixAI][SEARCH] phase=LEARNED FAILURE -> SEARCHING ALTERNATIVE x=0.0 y=105.0 plan=467 candidate=LATE failures=468 budget=6 checkpoint=0.0
12:59:41 WARN  [Main] [Imix]: [ImixAI][FAIL] x=1.3 y=105.0 same-region=true -> candidate=CENTER plan=468 errors=469/6
12:59:41 INFO  [Main] [Imix]: [ImixAI][ROLLBACK] no safe checkpoint yet; returned to x=0
12:59:41 INFO  [Main] [Imix]: [ImixAI][SEARCH] phase=LEARNED FAILURE -> SEARCHING ALTERNATIVE x=0.0 y=105.0 plan=468 candidate=CENTER failures=469 budget=6 checkpoint=0.0
12:59:41 WARN  [Main] [Imix]: [ImixAI][FAIL] x=1.3 y=105.0 same-region=true -> candidate=EARLY plan=469 errors=470/6
12:59:41 INFO  [Main] [Imix]: [ImixAI][ROLLBACK] no safe checkpoint yet; returned to x=0
12:59:41 INFO  [Main] [Imix]: [ImixAI][SEARCH] phase=LEARNED FAILURE -> SEARCHING ALTERNATIVE x=0.0 y=105.0 plan=469 candidate=EARLY failures=470 budget=6 checkpoint=0.0
12:59:41 WARN  [Main] [Imix]: [ImixAI][FAIL] x=1.3 y=105.0 same-region=true -> candidate=LATE plan=470 errors=471/6
12:59:41 INFO  [Main] [Imix]: [ImixAI][ROLLBACK] no safe checkpoint yet; returned to x=0
12:59:41 INFO  [Main] [Imix]: [ImixAI][SEARCH] phase=LEARNED FAILURE -> SEARCHING ALTERNATIVE x=0.0 y=105.0 plan=470 candidate=LATE failures=471 budget=6 checkpoint=0.0
12:59:41 WARN  [Main] [Imix]: [ImixAI][FAIL] x=1.3 y=105.0 same-region=true -> candidate=CENTER plan=471 errors=472/6
12:59:41 INFO  [Main] [Imix]: [ImixAI][ROLLBACK] no safe checkpoint yet; returned to x=0
12:59:41 INFO  [Main] [Imix]: [ImixAI][SEARCH] phase=LEARNED FAILURE -> SEARCHING ALTERNATIVE x=0.0 y=105.0 plan=471 candidate=CENTER failures=472 budget=6 checkpoint=0.0
12:59:41 WARN  [Main] [Imix]: [ImixAI][FAIL] x=1.3 y=105.0 same-region=true -> candidate=EARLY plan=472 errors=473/6
12:59:41 INFO  [Main] [Imix]: [ImixAI][ROLLBACK] no safe checkpoint yet; returned to x=0
12:59:41 INFO  [Main] [Imix]: [ImixAI][SEARCH] phase=LEARNED FAILURE -> SEARCHING ALTERNATIVE x=0.0 y=105.0 plan=472 candidate=EARLY failures=473 budget=6 checkpoint=0.0
12:59:41 WARN  [Main] [Imix]: [ImixAI][FAIL] x=1.3 y=105.0 same-region=true -> candidate=LATE plan=473 errors=474/6
12:59:41 INFO  [Main] [Imix]: [ImixAI][ROLLBACK] no safe checkpoint yet; returned to x=0
12:59:41 INFO  [Main] [Imix]: [ImixAI][SEARCH] phase=LEARNED FAILURE -> SEARCHING ALTERNATIVE x=0.0 y=105.0 plan=473 candidate=LATE failures=474 budget=6 checkpoint=0.0
12:59:41 WARN  [Main] [Imix]: [ImixAI][FAIL] x=1.3 y=105.0 same-region=true -> candidate=CENTER plan=474 errors=475/6
12:59:41 INFO  [Main] [Imix]: [ImixAI][ROLLBACK] no safe checkpoint yet; returned to x=0
12:59:41 INFO  [Main] [Imix]: [ImixAI][SEARCH] phase=LEARNED FAILURE -> SEARCHING ALTERNATIVE x=0.0 y=105.0 plan=474 candidate=CENTER failures=475 budget=6 checkpoint=0.0
12:59:41 WARN  [Main] [Imix]: [ImixAI][FAIL] x=1.3 y=107.5 same-region=true -> candidate=EARLY plan=475 errors=476/6
12:59:41 INFO  [Main] [Imix]: [ImixAI][ROLLBACK] no safe checkpoint yet; returned to x=0
12:59:41 INFO  [Main] [Imix]: [ImixAI][SEARCH] phase=LEARNED FAILURE -> SEARCHING ALTERNATIVE x=0.0 y=107.5 plan=475 candidate=EARLY failures=476 budget=6 checkpoint=0.0
12:59:41 WARN  [Main] [Imix]: [ImixAI][FAIL] x=1.3 y=109.9 same-region=true -> candidate=LATE plan=476 errors=477/6
12:59:41 INFO  [Main] [Imix]: [ImixAI][ROLLBACK] no safe checkpoint yet; returned to x=0
12:59:41 INFO  [Main] [Imix]: [ImixAI][SEARCH] phase=LEARNED FAILURE -> SEARCHING ALTERNATIVE x=0.0 y=109.9 plan=476 candidate=LATE failures=477 budget=6 checkpoint=0.0
12:59:41 WARN  [Main] [Imix]: [ImixAI][FAIL] x=1.3 y=112.3 same-region=true -> candidate=CENTER plan=477 errors=478/6
12:59:41 INFO  [Main] [Imix]: [ImixAI][ROLLBACK] no safe checkpoint yet; returned to x=0
12:59:41 INFO  [Main] [Imix]: [ImixAI][SEARCH] phase=LEARNED FAILURE -> SEARCHING ALTERNATIVE x=0.0 y=112.3 plan=477 candidate=CENTER failures=478 budget=6 checkpoint=0.0
12:59:41 WARN  [Main] [Imix]: [ImixAI][FAIL] x=1.3 y=114.6 same-region=true -> candidate=EARLY plan=478 errors=479/6
12:59:41 INFO  [Main] [Imix]: [ImixAI][ROLLBACK] no safe checkpoint yet; returned to x=0
12:59:41 INFO  [Main] [Imix]: [ImixAI][SEARCH] phase=LEARNED FAILURE -> SEARCHING ALTERNATIVE x=0.0 y=114.6 plan=478 candidate=EARLY failures=479 budget=6 checkpoint=0.0
12:59:41 WARN  [Main] [Imix]: [ImixAI][FAIL] x=1.3 y=116.8 same-region=true -> candidate=LATE plan=479 errors=480/6
12:59:41 INFO  [Main] [Imix]: [ImixAI][ROLLBACK] no safe checkpoint yet; returned to x=0
12:59:41 INFO  [Main] [Imix]: [ImixAI][SEARCH] phase=LEARNED FAILURE -> SEARCHING ALTERNATIVE x=0.0 y=116.8 plan=479 candidate=LATE failures=480 budget=6 checkpoint=0.0
12:59:41 WARN  [Main] [Imix]: [ImixAI][FAIL] x=1.3 y=119.1 same-region=true -> candidate=CENTER plan=480 errors=481/6
12:59:41 INFO  [Main] [Imix]: [ImixAI][ROLLBACK] no safe checkpoint yet; returned to x=0
12:59:41 INFO  [Main] [Imix]: [ImixAI][SEARCH] phase=LEARNED FAILURE -> SEARCHING ALTERNATIVE x=0.0 y=119.1 plan=480 candidate=CENTER failures=481 budget=6 checkpoint=0.0
12:59:41 WARN  [Main] [Imix]: [ImixAI][FAIL] x=1.3 y=121.2 same-region=true -> candidate=EARLY plan=481 errors=482/6
12:59:41 INFO  [Main] [Imix]: [ImixAI][ROLLBACK] no safe checkpoint yet; returned to x=0
12:59:41 INFO  [Main] [Imix]: [ImixAI][SEARCH] phase=LEARNED FAILURE -> SEARCHING ALTERNATIVE x=0.0 y=121.2 plan=481 candidate=EARLY failures=482 budget=6 checkpoint=0.0
12:59:41 WARN  [Main] [Imix]: [ImixAI][FAIL] x=1.3 y=123.4 same-region=true -> candidate=LATE plan=482 errors=483/6
12:59:41 INFO  [Main] [Imix]: [ImixAI][ROLLBACK] no safe checkpoint yet; returned to x=0
12:59:41 INFO  [Main] [Imix]: [ImixAI][SEARCH] phase=LEARNED FAILURE -> SEARCHING ALTERNATIVE x=0.0 y=123.4 plan=482 candidate=LATE failures=483 budget=6 checkpoint=0.0
12:59:41 WARN  [Main] [Imix]: [ImixAI][FAIL] x=1.3 y=125.5 same-region=true -> candidate=CENTER plan=483 errors=484/6
12:59:41 INFO  [Main] [Imix]: [ImixAI][ROLLBACK] no safe checkpoint yet; returned to x=0
12:59:41 INFO  [Main] [Imix]: [ImixAI][SEARCH] phase=LEARNED FAILURE -> SEARCHING ALTERNATIVE x=0.0 y=125.5 plan=483 candidate=CENTER failures=484 budget=6 checkpoint=0.0
12:59:41 WARN  [Main] [Imix]: [ImixAI][FAIL] x=1.3 y=127.5 same-region=true -> candidate=EARLY plan=484 errors=485/6
12:59:41 INFO  [Main] [Imix]: [ImixAI][ROLLBACK] no safe checkpoint yet; returned to x=0
12:59:41 INFO  [Main] [Imix]: [ImixAI][SEARCH] phase=LEARNED FAILURE -> SEARCHING ALTERNATIVE x=0.0 y=127.5 plan=484 candidate=EARLY failures=485 budget=6 checkpoint=0.0
12:59:41 WARN  [Main] [Imix]: [ImixAI][FAIL] x=1.3 y=129.5 same-region=true -> candidate=LATE plan=485 errors=486/6
12:59:41 INFO  [Main] [Imix]: [ImixAI][ROLLBACK] no safe checkpoint yet; returned to x=0
12:59:41 INFO  [Main] [Imix]: [ImixAI][SEARCH] phase=LEARNED FAILURE -> SEARCHING ALTERNATIVE x=0.0 y=129.5 plan=485 candidate=LATE failures=486 budget=6 checkpoint=0.0
12:59:41 WARN  [Main] [Imix]: [ImixAI][FAIL] x=1.3 y=131.4 same-region=true -> candidate=CENTER plan=486 errors=487/6
12:59:41 INFO  [Main] [Imix]: [ImixAI][ROLLBACK] no safe checkpoint yet; returned to x=0
12:59:41 INFO  [Main] [Imix]: [ImixAI][SEARCH] phase=LEARNED FAILURE -> SEARCHING ALTERNATIVE x=0.0 y=131.4 plan=486 candidate=CENTER failures=487 budget=6 checkpoint=0.0
12:59:41 WARN  [Main] [Imix]: [ImixAI][FAIL] x=1.3 y=133.3 same-region=true -> candidate=EARLY plan=487 errors=488/6
12:59:41 INFO  [Main] [Imix]: [ImixAI][ROLLBACK] no safe checkpoint yet; returned to x=0
12:59:41 INFO  [Main] [Imix]: [ImixAI][SEARCH] phase=LEARNED FAILURE -> SEARCHING ALTERNATIVE x=0.0 y=133.3 plan=487 candidate=EARLY failures=488 budget=6 checkpoint=0.0
12:59:41 WARN  [Main] [Imix]: [ImixAI][FAIL] x=1.3 y=135.1 same-region=true -> candidate=LATE plan=488 errors=489/6
12:59:41 INFO  [Main] [Imix]: [ImixAI][ROLLBACK] no safe checkpoint yet; returned to x=0
12:59:41 INFO  [Main] [Imix]: [ImixAI][SEARCH] phase=LEARNED FAILURE -> SEARCHING ALTERNATIVE x=0.0 y=135.1 plan=488 candidate=LATE failures=489 budget=6 checkpoint=0.0
12:59:41 WARN  [Main] [Imix]: [ImixAI][FAIL] x=1.3 y=136.9 same-region=true -> candidate=CENTER plan=489 errors=490/6
12:59:41 INFO  [Main] [Imix]: [ImixAI][ROLLBACK] no safe checkpoint yet; returned to x=0
12:59:41 INFO  [Main] [Imix]: [ImixAI][SEARCH] phase=LEARNED FAILURE -> SEARCHING ALTERNATIVE x=0.0 y=136.9 plan=489 candidate=CENTER failures=490 budget=6 checkpoint=0.0
12:59:41 WARN  [Main] [Imix]: [ImixAI][FAIL] x=1.3 y=138.6 same-region=true -> candidate=EARLY plan=490 errors=491/6
12:59:41 INFO  [Main] [Imix]: [ImixAI][ROLLBACK] no safe checkpoint yet; returned to x=0
12:59:41 INFO  [Main] [Imix]: [ImixAI][SEARCH] phase=LEARNED FAILURE -> SEARCHING ALTERNATIVE x=0.0 y=138.6 plan=490 candidate=EARLY failures=491 budget=6 checkpoint=0.0
12:59:41 WARN  [Main] [Imix]: [ImixAI][FAIL] x=1.3 y=140.3 same-region=true -> candidate=LATE plan=491 errors=492/6
12:59:41 INFO  [Main] [Imix]: [ImixAI][ROLLBACK] no safe checkpoint yet; returned to x=0
12:59:41 INFO  [Main] [Imix]: [ImixAI][SEARCH] phase=LEARNED FAILURE -> SEARCHING ALTERNATIVE x=0.0 y=140.3 plan=491 candidate=LATE failures=492 budget=6 checkpoint=0.0
12:59:41 WARN  [Main] [Imix]: [ImixAI][FAIL] x=1.3 y=142.0 same-region=true -> candidate=CENTER plan=492 errors=493/6
12:59:41 INFO  [Main] [Imix]: [ImixAI][ROLLBACK] no safe checkpoint yet; returned to x=0
12:59:41 INFO  [Main] [Imix]: [ImixAI][SEARCH] phase=LEARNED FAILURE -> SEARCHING ALTERNATIVE x=0.0 y=142.0 plan=492 candidate=CENTER failures=493 budget=6 checkpoint=0.0
12:59:41 WARN  [Main] [Imix]: [ImixAI][FAIL] x=1.3 y=143.6 same-region=true -> candidate=EARLY plan=493 errors=494/6
12:59:41 INFO  [Main] [Imix]: [ImixAI][ROLLBACK] no safe checkpoint yet; returned to x=0
12:59:41 INFO  [Main] [Imix]: [ImixAI][SEARCH] phase=LEARNED FAILURE -> SEARCHING ALTERNATIVE x=0.0 y=143.6 plan=493 candidate=EARLY failures=494 budget=6 checkpoint=0.0
12:59:41 WARN  [Main] [Imix]: [ImixAI][FAIL] x=1.3 y=145.1 same-region=true -> candidate=LATE plan=494 errors=495/6
12:59:41 INFO  [Main] [Imix]: [ImixAI][ROLLBACK] no safe checkpoint yet; returned to x=0
12:59:41 INFO  [Main] [Imix]: [ImixAI][SEARCH] phase=LEARNED FAILURE -> SEARCHING ALTERNATIVE x=0.0 y=145.1 plan=494 candidate=LATE failures=495 budget=6 checkpoint=0.0
12:59:41 WARN  [Main] [Imix]: [ImixAI][FAIL] x=1.3 y=146.6 same-region=true -> candidate=CENTER plan=495 errors=496/6
12:59:41 INFO  [Main] [Imix]: [ImixAI][ROLLBACK] no safe checkpoint yet; returned to x=0
12:59:41 INFO  [Main] [Imix]: [ImixAI][SEARCH] phase=LEARNED FAILURE -> SEARCHING ALTERNATIVE x=0.0 y=146.6 plan=495 candidate=CENTER failures=496 budget=6 checkpoint=0.0
12:59:41 WARN  [Main] [Imix]: [ImixAI][FAIL] x=1.3 y=148.0 same-region=true -> candidate=EARLY plan=496 errors=497/6
12:59:41 INFO  [Main] [Imix]: [ImixAI][ROLLBACK] no safe checkpoint yet; returned to x=0
12:59:41 INFO  [Main] [Imix]: [ImixAI][SEARCH] phase=LEARNED FAILURE -> SEARCHING ALTERNATIVE x=0.0 y=148.0 plan=496 candidate=EARLY failures=497 budget=6 checkpoint=0.0
12:59:41 WARN  [Main] [Imix]: [ImixAI][FAIL] x=1.3 y=149.4 same-region=true -> candidate=LATE plan=497 errors=498/6
12:59:41 INFO  [Main] [Imix]: [ImixAI][ROLLBACK] no safe checkpoint yet; returned to x=0
12:59:41 INFO  [Main] [Imix]: [ImixAI][SEARCH] phase=LEARNED FAILURE -> SEARCHING ALTERNATIVE x=0.0 y=149.4 plan=497 candidate=LATE failures=498 budget=6 checkpoint=0.0
12:59:41 WARN  [Main] [Imix]: [ImixAI][FAIL] x=1.3 y=150.8 same-region=true -> candidate=CENTER plan=498 errors=499/6
12:59:41 INFO  [Main] [Imix]: [ImixAI][ROLLBACK] no safe checkpoint yet; returned to x=0
12:59:41 INFO  [Main] [Imix]: [ImixAI][SEARCH] phase=LEARNED FAILURE -> SEARCHING ALTERNATIVE x=0.0 y=150.8 plan=498 candidate=CENTER failures=499 budget=6 checkpoint=0.0
12:59:41 WARN  [Main] [Imix]: [ImixAI][FAIL] x=1.3 y=152.1 same-region=true -> candidate=EARLY plan=499 errors=500/6
12:59:41 INFO  [Main] [Imix]: [ImixAI][ROLLBACK] no safe checkpoint yet; returned to x=0
12:59:41 INFO  [Main] [Imix]: [ImixAI][SEARCH] phase=LEARNED FAILURE -> SEARCHING ALTERNATIVE x=0.0 y=152.1 plan=499 candidate=EARLY failures=500 budget=6 checkpoint=0.0
12:59:41 WARN  [Main] [Imix]: [ImixAI][FAIL] x=1.3 y=153.3 same-region=true -> candidate=LATE plan=500 errors=501/6
12:59:41 INFO  [Main] [Imix]: [ImixAI][ROLLBACK] no safe checkpoint yet; returned to x=0
12:59:41 INFO  [Main] [Imix]: [ImixAI][SEARCH] phase=LEARNED FAILURE -> SEARCHING ALTERNATIVE x=0.0 y=153.3 plan=500 candidate=LATE failures=501 budget=6 checkpoint=0.0
12:59:41 WARN  [Main] [Imix]: [ImixAI][FAIL] x=1.3 y=154.5 same-region=true -> candidate=CENTER plan=501 errors=502/6
12:59:41 INFO  [Main] [Imix]: [ImixAI][ROLLBACK] no safe checkpoint yet; returned to x=0
12:59:41 INFO  [Main] [Imix]: [ImixAI][SEARCH] phase=LEARNED FAILURE -> SEARCHING ALTERNATIVE x=0.0 y=154.5 plan=501 candidate=CENTER failures=502 budget=6 checkpoint=0.0
12:59:41 WARN  [Main] [Imix]: [ImixAI][FAIL] x=1.3 y=155.7 same-region=true -> candidate=EARLY plan=502 errors=503/6
12:59:41 INFO  [Main] [Imix]: [ImixAI][ROLLBACK] no safe checkpoint yet; returned to x=0
12:59:41 INFO  [Main] [Imix]: [ImixAI][SEARCH] phase=LEARNED FAILURE -> SEARCHING ALTERNATIVE x=0.0 y=155.7 plan=502 candidate=EARLY failures=503 budget=6 checkpoint=0.0
12:59:41 WARN  [Main] [Imix]: [ImixAI][FAIL] x=1.3 y=156.8 same-region=true -> candidate=LATE plan=503 errors=504/6
12:59:41 INFO  [Main] [Imix]: [ImixAI][ROLLBACK] no safe checkpoint yet; returned to x=0
12:59:41 INFO  [Main] [Imix]: [ImixAI][SEARCH] phase=LEARNED FAILURE -> SEARCHING ALTERNATIVE x=0.0 y=156.8 plan=503 candidate=LATE failures=504 budget=6 checkpoint=0.0
12:59:41 WARN  [Main] [Imix]: [ImixAI][FAIL] x=1.3 y=157.9 same-region=true -> candidate=CENTER plan=504 errors=505/6
12:59:41 INFO  [Main] [Imix]: [ImixAI][ROLLBACK] no safe checkpoint yet; returned to x=0
12:59:41 INFO  [Main] [Imix]: [ImixAI][SEARCH] phase=LEARNED FAILURE -> SEARCHING ALTERNATIVE x=0.0 y=157.9 plan=504 candidate=CENTER failures=505 budget=6 checkpoint=0.0
12:59:41 WARN  [Main] [Imix]: [ImixAI][FAIL] x=1.3 y=158.9 same-region=true -> candidate=EARLY plan=505 errors=506/6
12:59:41 INFO  [Main] [Imix]: [ImixAI][ROLLBACK] no safe checkpoint yet; returned to x=0
12:59:41 INFO  [Main] [Imix]: [ImixAI][SEARCH] phase=LEARNED FAILURE -> SEARCHING ALTERNATIVE x=0.0 y=158.9 plan=505 candidate=EARLY failures=506 budget=6 checkpoint=0.0
12:59:41 WARN  [Main] [Imix]: [ImixAI][FAIL] x=1.3 y=159.8 same-region=true -> candidate=LATE plan=506 errors=507/6
12:59:41 INFO  [Main] [Imix]: [ImixAI][ROLLBACK] no safe checkpoint yet; returned to x=0
12:59:41 INFO  [Main] [Imix]: [ImixAI][SEARCH] phase=LEARNED FAILURE -> SEARCHING ALTERNATIVE x=0.0 y=159.8 plan=506 candidate=LATE failures=507 budget=6 checkpoint=0.0
12:59:41 WARN  [Main] [Imix]: [ImixAI][FAIL] x=1.3 y=160.7 same-region=true -> candidate=CENTER plan=507 errors=508/6
12:59:41 INFO  [Main] [Imix]: [ImixAI][ROLLBACK] no safe checkpoint yet; returned to x=0
12:59:41 INFO  [Main] [Imix]: [ImixAI][SEARCH] phase=LEARNED FAILURE -> SEARCHING ALTERNATIVE x=0.0 y=160.7 plan=507 candidate=CENTER failures=508 budget=6 checkpoint=0.0
12:59:41 WARN  [Main] [Imix]: [ImixAI][FAIL] x=1.3 y=161.6 same-region=true -> candidate=EARLY plan=508 errors=509/6
12:59:41 INFO  [Main] [Imix]: [ImixAI][ROLLBACK] no safe checkpoint yet; returned to x=0
12:59:41 INFO  [Main] [Imix]: [ImixAI][SEARCH] phase=LEARNED FAILURE -> SEARCHING ALTERNATIVE x=0.0 y=161.6 plan=508 candidate=EARLY failures=509 budget=6 checkpoint=0.0
12:59:41 WARN  [Main] [Imix]: [ImixAI][FAIL] x=1.3 y=162.4 same-region=true -> candidate=LATE plan=509 errors=510/6
12:59:41 INFO  [Main] [Imix]: [ImixAI][ROLLBACK] no safe checkpoint yet; returned to x=0
12:59:41 INFO  [Main] [Imix]: [ImixAI][SEARCH] phase=LEARNED FAILURE -> SEARCHING ALTERNATIVE x=0.0 y=162.4 plan=509 candidate=LATE failures=510 budget=6 checkpoint=0.0
12:59:41 WARN  [Main] [Imix]: [ImixAI][FAIL] x=1.3 y=163.2 same-region=true -> candidate=CENTER plan=510 errors=511/6
12:59:41 INFO  [Main] [Imix]: [ImixAI][ROLLBACK] no safe checkpoint yet; returned to x=0
12:59:41 INFO  [Main] [Imix]: [ImixAI][SEARCH] phase=LEARNED FAILURE -> SEARCHING ALTERNATIVE x=0.0 y=163.2 plan=510 candidate=CENTER failures=511 budget=6 checkpoint=0.0
12:59:41 WARN  [Main] [Imix]: [ImixAI][FAIL] x=1.3 y=163.9 same-region=true -> candidate=EARLY plan=511 errors=512/6
12:59:41 INFO  [Main] [Imix]: [ImixAI][ROLLBACK] no safe checkpoint yet; returned to x=0
12:59:41 INFO  [Main] [Imix]: [ImixAI][SEARCH] phase=LEARNED FAILURE -> SEARCHING ALTERNATIVE x=0.0 y=163.9 plan=511 candidate=EARLY failures=512 budget=6 checkpoint=0.0
12:59:41 WARN  [Main] [Imix]: [ImixAI][FAIL] x=1.3 y=164.6 same-region=true -> candidate=LATE plan=512 errors=513/6
12:59:41 INFO  [Main] [Imix]: [ImixAI][ROLLBACK] no safe checkpoint yet; returned to x=0
12:59:41 INFO  [Main] [Imix]: [ImixAI][SEARCH] phase=LEARNED FAILURE -> SEARCHING ALTERNATIVE x=0.0 y=164.6 plan=512 candidate=LATE failures=513 budget=6 checkpoint=0.0
12:59:41 WARN  [Main] [Imix]: [ImixAI][FAIL] x=1.3 y=165.2 same-region=true -> candidate=CENTER plan=513 errors=514/6
12:59:41 INFO  [Main] [Imix]: [ImixAI][ROLLBACK] no safe checkpoint yet; returned to x=0
12:59:41 INFO  [Main] [Imix]: [ImixAI][SEARCH] phase=LEARNED FAILURE -> SEARCHING ALTERNATIVE x=0.0 y=165.2 plan=513 candidate=CENTER failures=514 budget=6 checkpoint=0.0
12:59:41 WARN  [Main] [Imix]: [ImixAI][FAIL] x=1.3 y=165.8 same-region=true -> candidate=EARLY plan=514 errors=515/6
12:59:41 INFO  [Main] [Imix]: [ImixAI][ROLLBACK] no safe checkpoint yet; returned to x=0
12:59:41 INFO  [Main] [Imix]: [ImixAI][SEARCH] phase=LEARNED FAILURE -> SEARCHING ALTERNATIVE x=0.0 y=165.8 plan=514 candidate=EARLY failures=515 budget=6 checkpoint=0.0
12:59:41 WARN  [Main] [Imix]: [ImixAI][FAIL] x=1.3 y=166.3 same-region=true -> candidate=LATE plan=515 errors=516/6
12:59:41 INFO  [Main] [Imix]: [ImixAI][ROLLBACK] no safe checkpoint yet; returned to x=0
12:59:41 INFO  [Main] [Imix]: [ImixAI][SEARCH] phase=LEARNED FAILURE -> SEARCHING ALTERNATIVE x=0.0 y=166.3 plan=515 candidate=LATE failures=516 budget=6 checkpoint=0.0
12:59:41 WARN  [Main] [Imix]: [ImixAI][FAIL] x=1.3 y=166.8 same-region=true -> candidate=CENTER plan=516 errors=517/6
12:59:41 INFO  [Main] [Imix]: [ImixAI][ROLLBACK] no safe checkpoint yet; returned to x=0
12:59:41 INFO  [Main] [Imix]: [ImixAI][SEARCH] phase=LEARNED FAILURE -> SEARCHING ALTERNATIVE x=0.0 y=166.8 plan=516 candidate=CENTER failures=517 budget=6 checkpoint=0.0
12:59:41 WARN  [Main] [Imix]: [ImixAI][FAIL] x=1.3 y=167.2 same-region=true -> candidate=EARLY plan=517 errors=518/6
12:59:41 INFO  [Main] [Imix]: [ImixAI][ROLLBACK] no safe checkpoint yet; returned to x=0
12:59:41 INFO  [Main] [Imix]: [ImixAI][SEARCH] phase=LEARNED FAILURE -> SEARCHING ALTERNATIVE x=0.0 y=167.2 plan=517 candidate=EARLY failures=518 budget=6 checkpoint=0.0
12:59:41 WARN  [Main] [Imix]: [ImixAI][FAIL] x=1.3 y=167.6 same-region=true -> candidate=LATE plan=518 errors=519/6
12:59:41 INFO  [Main] [Imix]: [ImixAI][ROLLBACK] no safe checkpoint yet; returned to x=0
12:59:41 INFO  [Main] [Imix]: [ImixAI][SEARCH] phase=LEARNED FAILURE -> SEARCHING ALTERNATIVE x=0.0 y=167.6 plan=518 candidate=LATE failures=519 budget=6 checkpoint=0.0
12:59:41 WARN  [Main] [Imix]: [ImixAI][FAIL] x=1.3 y=167.9 same-region=true -> candidate=CENTER plan=519 errors=520/6
12:59:41 INFO  [Main] [Imix]: [ImixAI][ROLLBACK] no safe checkpoint yet; returned to x=0
12:59:41 INFO  [Main] [Imix]: [ImixAI][SEARCH] phase=LEARNED FAILURE -> SEARCHING ALTERNATIVE x=0.0 y=167.9 plan=519 candidate=CENTER failures=520 budget=6 checkpoint=0.0
12:59:41 WARN  [Main] [Imix]: [ImixAI][FAIL] x=1.3 y=168.2 same-region=true -> candidate=EARLY plan=520 errors=521/6
12:59:41 INFO  [Main] [Imix]: [ImixAI][ROLLBACK] no safe checkpoint yet; returned to x=0
12:59:41 INFO  [Main] [Imix]: [ImixAI][SEARCH] phase=LEARNED FAILURE -> SEARCHING ALTERNATIVE x=0.0 y=168.2 plan=520 candidate=EARLY failures=521 budget=6 checkpoint=0.0
12:59:41 WARN  [Main] [Imix]: [ImixAI][FAIL] x=1.3 y=168.4 same-region=true -> candidate=LATE plan=521 errors=522/6
12:59:41 INFO  [Main] [Imix]: [ImixAI][ROLLBACK] no safe checkpoint yet; returned to x=0
12:59:41 INFO  [Main] [Imix]: [ImixAI][SEARCH] phase=LEARNED FAILURE -> SEARCHING ALTERNATIVE x=0.0 y=168.4 plan=521 candidate=LATE failures=522 budget=6 checkpoint=0.0
12:59:41 WARN  [Main] [Imix]: [ImixAI][FAIL] x=1.3 y=168.6 same-region=true -> candidate=CENTER plan=522 errors=523/6
12:59:41 INFO  [Main] [Imix]: [ImixAI][ROLLBACK] no safe checkpoint yet; returned to x=0
12:59:41 INFO  [Main] [Imix]: [ImixAI][SEARCH] phase=LEARNED FAILURE -> SEARCHING ALTERNATIVE x=0.0 y=168.6 plan=522 candidate=CENTER failures=523 budget=6 checkpoint=0.0
12:59:41 WARN  [Main] [Imix]: [ImixAI][FAIL] x=1.3 y=168.7 same-region=true -> candidate=EARLY plan=523 errors=524/6
12:59:41 INFO  [Main] [Imix]: [ImixAI][ROLLBACK] no safe checkpoint yet; returned to x=0
12:59:41 INFO  [Main] [Imix]: [ImixAI][SEARCH] phase=LEARNED FAILURE -> SEARCHING ALTERNATIVE x=0.0 y=168.7 plan=523 candidate=EARLY failures=524 budget=6 checkpoint=0.0
12:59:41 WARN  [Main] [Imix]: [ImixAI][FAIL] x=1.3 y=168.8 same-region=true -> candidate=LATE plan=524 errors=525/6
12:59:41 INFO  [Main] [Imix]: [ImixAI][ROLLBACK] no safe checkpoint yet; returned to x=0
12:59:41 INFO  [Main] [Imix]: [ImixAI][SEARCH] phase=LEARNED FAILURE -> SEARCHING ALTERNATIVE x=0.0 y=168.8 plan=524 candidate=LATE failures=525 budget=6 checkpoint=0.0
12:59:41 WARN  [Main] [Imix]: [ImixAI][FAIL] x=1.3 y=168.8 same-region=true -> candidate=CENTER plan=525 errors=526/6
12:59:41 INFO  [Main] [Imix]: [ImixAI][ROLLBACK] no safe checkpoint yet; returned to x=0
12:59:41 INFO  [Main] [Imix]: [ImixAI][SEARCH] phase=LEARNED FAILURE -> SEARCHING ALTERNATIVE x=0.0 y=168.8 plan=525 candidate=CENTER failures=526 budget=6 checkpoint=0.0
12:59:41 WARN  [Main] [Imix]: [ImixAI][FAIL] x=1.3 y=168.8 same-region=true -> candidate=EARLY plan=526 errors=527/6
12:59:41 INFO  [Main] [Imix]: [ImixAI][ROLLBACK] no safe checkpoint yet; returned to x=0
12:59:41 INFO  [Main] [Imix]: [ImixAI][SEARCH] phase=LEARNED FAILURE -> SEARCHING ALTERNATIVE x=0.0 y=168.8 plan=526 candidate=EARLY failures=527 budget=6 checkpoint=0.0
12:59:41 WARN  [Main] [Imix]: [ImixAI][FAIL] x=1.3 y=168.8 same-region=true -> candidate=LATE plan=527 errors=528/6
12:59:41 INFO  [Main] [Imix]: [ImixAI][ROLLBACK] no safe checkpoint yet; returned to x=0
12:59:41 INFO  [Main] [Imix]: [ImixAI][SEARCH] phase=LEARNED FAILURE -> SEARCHING ALTERNATIVE x=0.0 y=168.8 plan=527 candidate=LATE failures=528 budget=6 checkpoint=0.0
12:59:41 WARN  [Main] [Imix]: [ImixAI][FAIL] x=1.3 y=168.7 same-region=true -> candidate=CENTER plan=528 errors=529/6
12:59:41 INFO  [Main] [Imix]: [ImixAI][ROLLBACK] no safe checkpoint yet; returned to x=0
12:59:41 INFO  [Main] [Imix]: [ImixAI][SEARCH] phase=LEARNED FAILURE -> SEARCHING ALTERNATIVE x=0.0 y=168.7 plan=528 candidate=CENTER failures=529 budget=6 checkpoint=0.0
12:59:41 WARN  [Main] [Imix]: [ImixAI][FAIL] x=1.3 y=168.5 same-region=true -> candidate=EARLY plan=529 errors=530/6
12:59:41 INFO  [Main] [Imix]: [ImixAI][ROLLBACK] no safe checkpoint yet; returned to x=0
12:59:41 INFO  [Main] [Imix]: [ImixAI][SEARCH] phase=LEARNED FAILURE -> SEARCHING ALTERNATIVE x=0.0 y=168.5 plan=529 candidate=EARLY failures=530 budget=6 checkpoint=0.0
12:59:41 WARN  [Main] [Imix]: [ImixAI][FAIL] x=1.3 y=168.3 same-region=true -> candidate=LATE plan=530 errors=531/6
12:59:41 INFO  [Main] [Imix]: [ImixAI][ROLLBACK] no safe checkpoint yet; returned to x=0
12:59:41 INFO  [Main] [Imix]: [ImixAI][SEARCH] phase=LEARNED FAILURE -> SEARCHING ALTERNATIVE x=0.0 y=168.3 plan=530 candidate=LATE failures=531 budget=6 checkpoint=0.0
12:59:41 WARN  [Main] [Imix]: [ImixAI][FAIL] x=1.3 y=168.0 same-region=true -> candidate=CENTER plan=531 errors=532/6
12:59:41 INFO  [Main] [Imix]: [ImixAI][ROLLBACK] no safe checkpoint yet; returned to x=0
12:59:41 INFO  [Main] [Imix]: [ImixAI][SEARCH] phase=LEARNED FAILURE -> SEARCHING ALTERNATIVE x=0.0 y=168.0 plan=531 candidate=CENTER failures=532 budget=6 checkpoint=0.0
12:59:41 WARN  [Main] [Imix]: [ImixAI][FAIL] x=1.3 y=167.7 same-region=true -> candidate=EARLY plan=532 errors=533/6
12:59:41 INFO  [Main] [Imix]: [ImixAI][ROLLBACK] no safe checkpoint yet; returned to x=0
12:59:41 INFO  [Main] [Imix]: [ImixAI][SEARCH] phase=LEARNED FAILURE -> SEARCHING ALTERNATIVE x=0.0 y=167.7 plan=532 candidate=EARLY failures=533 budget=6 checkpoint=0.0
12:59:41 WARN  [Main] [Imix]: [ImixAI][FAIL] x=1.3 y=167.4 same-region=true -> candidate=LATE plan=533 errors=534/6
12:59:41 INFO  [Main] [Imix]: [ImixAI][ROLLBACK] no safe checkpoint yet; returned to x=0
12:59:41 INFO  [Main] [Imix]: [ImixAI][SEARCH] phase=LEARNED FAILURE -> SEARCHING ALTERNATIVE x=0.0 y=167.4 plan=533 candidate=LATE failures=534 budget=6 checkpoint=0.0
12:59:41 WARN  [Main] [Imix]: [ImixAI][FAIL] x=1.3 y=167.0 same-region=true -> candidate=CENTER plan=534 errors=535/6
12:59:41 INFO  [Main] [Imix]: [ImixAI][ROLLBACK] no safe checkpoint yet; returned to x=0
12:59:41 INFO  [Main] [Imix]: [ImixAI][SEARCH] phase=LEARNED FAILURE -> SEARCHING ALTERNATIVE x=0.0 y=167.0 plan=534 candidate=CENTER failures=535 budget=6 checkpoint=0.0
12:59:41 WARN  [Main] [Imix]: [ImixAI][FAIL] x=1.3 y=166.5 same-region=true -> candidate=EARLY plan=535 errors=536/6
12:59:41 INFO  [Main] [Imix]: [ImixAI][ROLLBACK] no safe checkpoint yet; returned to x=0
12:59:41 INFO  [Main] [Imix]: [ImixAI][SEARCH] phase=LEARNED FAILURE -> SEARCHING ALTERNATIVE x=0.0 y=166.5 plan=535 candidate=EARLY failures=536 budget=6 checkpoint=0.0
12:59:41 WARN  [Main] [Imix]: [ImixAI][FAIL] x=1.3 y=166.0 same-region=true -> candidate=LATE plan=536 errors=537/6
12:59:41 INFO  [Main] [Imix]: [ImixAI][ROLLBACK] no safe checkpoint yet; returned to x=0
12:59:41 INFO  [Main] [Imix]: [ImixAI][SEARCH] phase=LEARNED FAILURE -> SEARCHING ALTERNATIVE x=0.0 y=166.0 plan=536 candidate=LATE failures=537 budget=6 checkpoint=0.0
12:59:41 WARN  [Main] [Imix]: [ImixAI][FAIL] x=1.3 y=165.5 same-region=true -> candidate=CENTER plan=537 errors=538/6
12:59:41 INFO  [Main] [Imix]: [ImixAI][ROLLBACK] no safe checkpoint yet; returned to x=0
12:59:41 INFO  [Main] [Imix]: [ImixAI][SEARCH] phase=LEARNED FAILURE -> SEARCHING ALTERNATIVE x=0.0 y=165.5 plan=537 candidate=CENTER failures=538 budget=6 checkpoint=0.0
12:59:41 WARN  [Main] [Imix]: [ImixAI][FAIL] x=1.3 y=164.9 same-region=true -> candidate=EARLY plan=538 errors=539/6
12:59:41 INFO  [Main] [Imix]: [ImixAI][ROLLBACK] no safe checkpoint yet; returned to x=0
12:59:41 INFO  [Main] [Imix]: [ImixAI][SEARCH] phase=LEARNED FAILURE -> SEARCHING ALTERNATIVE x=0.0 y=164.9 plan=538 candidate=EARLY failures=539 budget=6 checkpoint=0.0
12:59:41 WARN  [Main] [Imix]: [ImixAI][FAIL] x=1.3 y=164.3 same-region=true -> candidate=LATE plan=539 errors=540/6
12:59:41 INFO  [Main] [Imix]: [ImixAI][ROLLBACK] no safe checkpoint yet; returned to x=0
12:59:41 INFO  [Main] [Imix]: [ImixAI][SEARCH] phase=LEARNED FAILURE -> SEARCHING ALTERNATIVE x=0.0 y=164.3 plan=539 candidate=LATE failures=540 budget=6 checkpoint=0.0
12:59:41 WARN  [Main] [Imix]: [ImixAI][FAIL] x=1.3 y=163.6 same-region=true -> candidate=CENTER plan=540 errors=541/6
12:59:41 INFO  [Main] [Imix]: [ImixAI][ROLLBACK] no safe checkpoint yet; returned to x=0
12:59:41 INFO  [Main] [Imix]: [ImixAI][SEARCH] phase=LEARNED FAILURE -> SEARCHING ALTERNATIVE x=0.0 y=163.6 plan=540 candidate=CENTER failures=541 budget=6 checkpoint=0.0
12:59:41 WARN  [Main] [Imix]: [ImixAI][FAIL] x=1.3 y=162.8 same-region=true -> candidate=EARLY plan=541 errors=542/6
12:59:41 INFO  [Main] [Imix]: [ImixAI][ROLLBACK] no safe checkpoint yet; returned to x=0
12:59:41 INFO  [Main] [Imix]: [ImixAI][SEARCH] phase=LEARNED FAILURE -> SEARCHING ALTERNATIVE x=0.0 y=162.8 plan=541 candidate=EARLY failures=542 budget=6 checkpoint=0.0
12:59:41 WARN  [Main] [Imix]: [ImixAI][FAIL] x=1.3 y=162.0 same-region=true -> candidate=LATE plan=542 errors=543/6
12:59:41 INFO  [Main] [Imix]: [ImixAI][ROLLBACK] no safe checkpoint yet; returned to x=0
12:59:41 INFO  [Main] [Imix]: [ImixAI][SEARCH] phase=LEARNED FAILURE -> SEARCHING ALTERNATIVE x=0.0 y=162.0 plan=542 candidate=LATE failures=543 budget=6 checkpoint=0.0
12:59:41 WARN  [Main] [Imix]: [ImixAI][FAIL] x=1.3 y=161.2 same-region=true -> candidate=CENTER plan=543 errors=544/6
12:59:41 INFO  [Main] [Imix]: [ImixAI][ROLLBACK] no safe checkpoint yet; returned to x=0
12:59:41 INFO  [Main] [Imix]: [ImixAI][SEARCH] phase=LEARNED FAILURE -> SEARCHING ALTERNATIVE x=0.0 y=161.2 plan=543 candidate=CENTER failures=544 budget=6 checkpoint=0.0
12:59:41 WARN  [Main] [Imix]: [ImixAI][FAIL] x=1.3 y=160.3 same-region=true -> candidate=EARLY plan=544 errors=545/6
12:59:41 INFO  [Main] [Imix]: [ImixAI][ROLLBACK] no safe checkpoint yet; returned to x=0
12:59:41 INFO  [Main] [Imix]: [ImixAI][SEARCH] phase=LEARNED FAILURE -> SEARCHING ALTERNATIVE x=0.0 y=160.3 plan=544 candidate=EARLY failures=545 budget=6 checkpoint=0.0
12:59:41 WARN  [Main] [Imix]: [ImixAI][FAIL] x=1.3 y=159.4 same-region=true -> candidate=LATE plan=545 errors=546/6
12:59:41 INFO  [Main] [Imix]: [ImixAI][ROLLBACK] no safe checkpoint yet; returned to x=0
12:59:41 INFO  [Main] [Imix]: [ImixAI][SEARCH] phase=LEARNED FAILURE -> SEARCHING ALTERNATIVE x=0.0 y=159.4 plan=545 candidate=LATE failures=546 budget=6 checkpoint=0.0
12:59:41 WARN  [Main] [Imix]: [ImixAI][FAIL] x=1.3 y=158.4 same-region=true -> candidate=CENTER plan=546 errors=547/6
12:59:41 INFO  [Main] [Imix]: [ImixAI][ROLLBACK] no safe checkpoint yet; returned to x=0
12:59:41 INFO  [Main] [Imix]: [ImixAI][SEARCH] phase=LEARNED FAILURE -> SEARCHING ALTERNATIVE x=0.0 y=158.4 plan=546 candidate=CENTER failures=547 budget=6 checkpoint=0.0
12:59:41 WARN  [Main] [Imix]: [ImixAI][FAIL] x=1.3 y=157.4 same-region=true -> candidate=EARLY plan=547 errors=548/6
12:59:41 INFO  [Main] [Imix]: [ImixAI][ROLLBACK] no safe checkpoint yet; returned to x=0
12:59:41 INFO  [Main] [Imix]: [ImixAI][SEARCH] phase=LEARNED FAILURE -> SEARCHING ALTERNATIVE x=0.0 y=157.4 plan=547 candidate=EARLY failures=548 budget=6 checkpoint=0.0
12:59:41 WARN  [Main] [Imix]: [ImixAI][FAIL] x=1.3 y=156.3 same-region=true -> candidate=LATE plan=548 errors=549/6
12:59:41 INFO  [Main] [Imix]: [ImixAI][ROLLBACK] no safe checkpoint yet; returned to x=0
12:59:41 INFO  [Main] [Imix]: [ImixAI][SEARCH] phase=LEARNED FAILURE -> SEARCHING ALTERNATIVE x=0.0 y=156.3 plan=548 candidate=LATE failures=549 budget=6 checkpoint=0.0
12:59:41 WARN  [Main] [Imix]: [ImixAI][FAIL] x=1.3 y=155.2 same-region=true -> candidate=CENTER plan=549 errors=550/6
12:59:41 INFO  [Main] [Imix]: [ImixAI][ROLLBACK] no safe checkpoint yet; returned to x=0
12:59:41 INFO  [Main] [Imix]: [ImixAI][SEARCH] phase=LEARNED FAILURE -> SEARCHING ALTERNATIVE x=0.0 y=155.2 plan=549 candidate=CENTER failures=550 budget=6 checkpoint=0.0
12:59:41 WARN  [Main] [Imix]: [ImixAI][FAIL] x=1.3 y=154.0 same-region=true -> candidate=EARLY plan=550 errors=551/6
12:59:41 INFO  [Main] [Imix]: [ImixAI][ROLLBACK] no safe checkpoint yet; returned to x=0
12:59:41 INFO  [Main] [Imix]: [ImixAI][SEARCH] phase=LEARNED FAILURE -> SEARCHING ALTERNATIVE x=0.0 y=154.0 plan=550 candidate=EARLY failures=551 budget=6 checkpoint=0.0
12:59:41 WARN  [Main] [Imix]: [ImixAI][FAIL] x=1.3 y=152.7 same-region=true -> candidate=LATE plan=551 errors=552/6
12:59:41 INFO  [Main] [Imix]: [ImixAI][ROLLBACK] no safe checkpoint yet; returned to x=0
12:59:41 INFO  [Main] [Imix]: [ImixAI][SEARCH] phase=LEARNED FAILURE -> SEARCHING ALTERNATIVE x=0.0 y=152.7 plan=551 candidate=LATE failures=552 budget=6 checkpoint=0.0
12:59:41 WARN  [Main] [Imix]: [ImixAI][FAIL] x=1.3 y=151.5 same-region=true -> candidate=CENTER plan=552 errors=553/6
12:59:41 INFO  [Main] [Imix]: [ImixAI][ROLLBACK] no safe checkpoint yet; returned to x=0
12:59:41 INFO  [Main] [Imix]: [ImixAI][SEARCH] phase=LEARNED FAILURE -> SEARCHING ALTERNATIVE x=0.0 y=151.5 plan=552 candidate=CENTER failures=553 budget=6 checkpoint=0.0
12:59:41 WARN  [Main] [Imix]: [ImixAI][FAIL] x=1.3 y=150.1 same-region=true -> candidate=EARLY plan=553 errors=554/6
12:59:41 INFO  [Main] [Imix]: [ImixAI][ROLLBACK] no safe checkpoint yet; returned to x=0
12:59:41 INFO  [Main] [Imix]: [ImixAI][SEARCH] phase=LEARNED FAILURE -> SEARCHING ALTERNATIVE x=0.0 y=150.1 plan=553 candidate=EARLY failures=554 budget=6 checkpoint=0.0
12:59:41 WARN  [Main] [Imix]: [ImixAI][FAIL] x=1.3 y=148.8 same-region=true -> candidate=LATE plan=554 errors=555/6
12:59:41 INFO  [Main] [Imix]: [ImixAI][ROLLBACK] no safe checkpoint yet; returned to x=0
12:59:41 INFO  [Main] [Imix]: [ImixAI][SEARCH] phase=LEARNED FAILURE -> SEARCHING ALTERNATIVE x=0.0 y=148.8 plan=554 candidate=LATE failures=555 budget=6 checkpoint=0.0
12:59:41 WARN  [Main] [Imix]: [ImixAI][FAIL] x=1.3 y=147.4 same-region=true -> candidate=CENTER plan=555 errors=556/6
12:59:41 INFO  [Main] [Imix]: [ImixAI][ROLLBACK] no safe checkpoint yet; returned to x=0
12:59:41 INFO  [Main] [Imix]: [ImixAI][SEARCH] phase=LEARNED FAILURE -> SEARCHING ALTERNATIVE x=0.0 y=147.4 plan=555 candidate=CENTER failures=556 budget=6 checkpoint=0.0
12:59:41 WARN  [Main] [Imix]: [ImixAI][FAIL] x=1.3 y=145.9 same-region=true -> candidate=EARLY plan=556 errors=557/6
12:59:41 INFO  [Main] [Imix]: [ImixAI][ROLLBACK] no safe checkpoint yet; returned to x=0
12:59:41 INFO  [Main] [Imix]: [ImixAI][SEARCH] phase=LEARNED FAILURE -> SEARCHING ALTERNATIVE x=0.0 y=145.9 plan=556 candidate=EARLY failures=557 budget=6 checkpoint=0.0
12:59:41 WARN  [Main] [Imix]: [ImixAI][FAIL] x=1.3 y=144.4 same-region=true -> candidate=LATE plan=557 errors=558/6
12:59:41 INFO  [Main] [Imix]: [ImixAI][ROLLBACK] no safe checkpoint yet; returned to x=0
12:59:41 INFO  [Main] [Imix]: [ImixAI][SEARCH] phase=LEARNED FAILURE -> SEARCHING ALTERNATIVE x=0.0 y=144.4 plan=557 candidate=LATE failures=558 budget=6 checkpoint=0.0
12:59:41 WARN  [Main] [Imix]: [ImixAI][FAIL] x=1.3 y=142.8 same-region=true -> candidate=CENTER plan=558 errors=559/6
12:59:41 INFO  [Main] [Imix]: [ImixAI][ROLLBACK] no safe checkpoint yet; returned to x=0
12:59:41 INFO  [Main] [Imix]: [ImixAI][SEARCH] phase=LEARNED FAILURE -> SEARCHING ALTERNATIVE x=0.0 y=142.8 plan=558 candidate=CENTER failures=559 budget=6 checkpoint=0.0
12:59:41 WARN  [Main] [Imix]: [ImixAI][FAIL] x=1.3 y=141.2 same-region=true -> candidate=EARLY plan=559 errors=560/6
12:59:41 INFO  [Main] [Imix]: [ImixAI][ROLLBACK] no safe checkpoint yet; returned to x=0
12:59:41 INFO  [Main] [Imix]: [ImixAI][SEARCH] phase=LEARNED FAILURE -> SEARCHING ALTERNATIVE x=0.0 y=141.2 plan=559 candidate=EARLY failures=560 budget=6 checkpoint=0.0
12:59:41 WARN  [Main] [Imix]: [ImixAI][FAIL] x=1.3 y=139.5 same-region=true -> candidate=LATE plan=560 errors=561/6
12:59:41 INFO  [Main] [Imix]: [ImixAI][ROLLBACK] no safe checkpoint yet; returned to x=0
12:59:41 INFO  [Main] [Imix]: [ImixAI][SEARCH] phase=LEARNED FAILURE -> SEARCHING ALTERNATIVE x=0.0 y=139.5 plan=560 candidate=LATE failures=561 budget=6 checkpoint=0.0
12:59:41 WARN  [Main] [Imix]: [ImixAI][FAIL] x=1.3 y=137.8 same-region=true -> candidate=CENTER plan=561 errors=562/6
12:59:41 INFO  [Main] [Imix]: [ImixAI][ROLLBACK] no safe checkpoint yet; returned to x=0
12:59:41 INFO  [Main] [Imix]: [ImixAI][SEARCH] phase=LEARNED FAILURE -> SEARCHING ALTERNATIVE x=0.0 y=137.8 plan=561 candidate=CENTER failures=562 budget=6 checkpoint=0.0
12:59:41 WARN  [Main] [Imix]: [ImixAI][FAIL] x=1.3 y=136.0 same-region=true -> candidate=EARLY plan=562 errors=563/6
12:59:41 INFO  [Main] [Imix]: [ImixAI][ROLLBACK] no safe checkpoint yet; returned to x=0
12:59:41 INFO  [Main] [Imix]: [ImixAI][SEARCH] phase=LEARNED FAILURE -> SEARCHING ALTERNATIVE x=0.0 y=136.0 plan=562 candidate=EARLY failures=563 budget=6 checkpoint=0.0
12:59:41 WARN  [Main] [Imix]: [ImixAI][FAIL] x=1.3 y=134.2 same-region=true -> candidate=LATE plan=563 errors=564/6
12:59:41 INFO  [Main] [Imix]: [ImixAI][ROLLBACK] no safe checkpoint yet; returned to x=0
12:59:41 INFO  [Main] [Imix]: [ImixAI][SEARCH] phase=LEARNED FAILURE -> SEARCHING ALTERNATIVE x=0.0 y=134.2 plan=563 candidate=LATE failures=564 budget=6 checkpoint=0.0
12:59:41 WARN  [Main] [Imix]: [ImixAI][FAIL] x=1.3 y=132.4 same-region=true -> candidate=CENTER plan=564 errors=565/6
12:59:41 INFO  [Main] [Imix]: [ImixAI][ROLLBACK] no safe checkpoint yet; returned to x=0
12:59:41 INFO  [Main] [Imix]: [ImixAI][SEARCH] phase=LEARNED FAILURE -> SEARCHING ALTERNATIVE x=0.0 y=132.4 plan=564 candidate=CENTER failures=565 budget=6 checkpoint=0.0
12:59:41 WARN  [Main] [Imix]: [ImixAI][FAIL] x=1.3 y=130.5 same-region=true -> candidate=EARLY plan=565 errors=566/6
12:59:41 INFO  [Main] [Imix]: [ImixAI][ROLLBACK] no safe checkpoint yet; returned to x=0
12:59:41 INFO  [Main] [Imix]: [ImixAI][SEARCH] phase=LEARNED FAILURE -> SEARCHING ALTERNATIVE x=0.0 y=130.5 plan=565 candidate=EARLY failures=566 budget=6 checkpoint=0.0
12:59:41 WARN  [Main] [Imix]: [ImixAI][FAIL] x=1.3 y=128.5 same-region=true -> candidate=LATE plan=566 errors=567/6
12:59:41 INFO  [Main] [Imix]: [ImixAI][ROLLBACK] no safe checkpoint yet; returned to x=0
12:59:41 INFO  [Main] [Imix]: [ImixAI][SEARCH] phase=LEARNED FAILURE -> SEARCHING ALTERNATIVE x=0.0 y=128.5 plan=566 candidate=LATE failures=567 budget=6 checkpoint=0.0
12:59:41 WARN  [Main] [Imix]: [ImixAI][FAIL] x=1.3 y=126.5 same-region=true -> candidate=CENTER plan=567 errors=568/6
12:59:41 INFO  [Main] [Imix]: [ImixAI][ROLLBACK] no safe checkpoint yet; returned to x=0
12:59:41 INFO  [Main] [Imix]: [ImixAI][SEARCH] phase=LEARNED FAILURE -> SEARCHING ALTERNATIVE x=0.0 y=126.5 plan=567 candidate=CENTER failures=568 budget=6 checkpoint=0.0
12:59:41 WARN  [Main] [Imix]: [ImixAI][FAIL] x=1.3 y=124.5 same-region=true -> candidate=EARLY plan=568 errors=569/6
12:59:41 INFO  [Main] [Imix]: [ImixAI][ROLLBACK] no safe checkpoint yet; returned to x=0
12:59:41 INFO  [Main] [Imix]: [ImixAI][SEARCH] phase=LEARNED FAILURE -> SEARCHING ALTERNATIVE x=0.0 y=124.5 plan=568 candidate=EARLY failures=569 budget=6 checkpoint=0.0
12:59:41 WARN  [Main] [Imix]: [ImixAI][FAIL] x=1.3 y=122.4 same-region=true -> candidate=LATE plan=569 errors=570/6
12:59:41 INFO  [Main] [Imix]: [ImixAI][ROLLBACK] no safe checkpoint yet; returned to x=0
12:59:41 INFO  [Main] [Imix]: [ImixAI][SEARCH] phase=LEARNED FAILURE -> SEARCHING ALTERNATIVE x=0.0 y=122.4 plan=569 candidate=LATE failures=570 budget=6 checkpoint=0.0
12:59:41 WARN  [Main] [Imix]: [ImixAI][FAIL] x=1.3 y=120.2 same-region=true -> candidate=CENTER plan=570 errors=571/6
12:59:41 INFO  [Main] [Imix]: [ImixAI][ROLLBACK] no safe checkpoint yet; returned to x=0
12:59:41 INFO  [Main] [Imix]: [ImixAI][SEARCH] phase=LEARNED FAILURE -> SEARCHING ALTERNATIVE x=0.0 y=120.2 plan=570 candidate=CENTER failures=571 budget=6 checkpoint=0.0
12:59:41 WARN  [Main] [Imix]: [ImixAI][FAIL] x=1.3 y=118.0 same-region=true -> candidate=EARLY plan=571 errors=572/6
12:59:41 INFO  [Main] [Imix]: [ImixAI][ROLLBACK] no safe checkpoint yet; returned to x=0
12:59:41 INFO  [Main] [Imix]: [ImixAI][SEARCH] phase=LEARNED FAILURE -> SEARCHING ALTERNATIVE x=0.0 y=118.0 plan=571 candidate=EARLY failures=572 budget=6 checkpoint=0.0
12:59:41 WARN  [Main] [Imix]: [ImixAI][FAIL] x=1.3 y=115.8 same-region=true -> candidate=LATE plan=572 errors=573/6
12:59:41 INFO  [Main] [Imix]: [ImixAI][ROLLBACK] no safe checkpoint yet; returned to x=0
12:59:41 INFO  [Main] [Imix]: [ImixAI][SEARCH] phase=LEARNED FAILURE -> SEARCHING ALTERNATIVE x=0.0 y=115.8 plan=572 candidate=LATE failures=573 budget=6 checkpoint=0.0
12:59:41 WARN  [Main] [Imix]: [ImixAI][FAIL] x=1.3 y=113.5 same-region=true -> candidate=CENTER plan=573 errors=574/6
12:59:41 INFO  [Main] [Imix]: [ImixAI][ROLLBACK] no safe checkpoint yet; returned to x=0
12:59:41 INFO  [Main] [Imix]: [ImixAI][SEARCH] phase=LEARNED FAILURE -> SEARCHING ALTERNATIVE x=0.0 y=113.5 plan=573 candidate=CENTER failures=574 budget=6 checkpoint=0.0
12:59:41 WARN  [Main] [Imix]: [ImixAI][FAIL] x=1.3 y=111.1 same-region=true -> candidate=EARLY plan=574 errors=575/6
12:59:41 INFO  [Main] [Imix]: [ImixAI][ROLLBACK] no safe checkpoint yet; returned to x=0
12:59:41 INFO  [Main] [Imix]: [ImixAI][SEARCH] phase=LEARNED FAILURE -> SEARCHING ALTERNATIVE x=0.0 y=111.1 plan=574 candidate=EARLY failures=575 budget=6 checkpoint=0.0
12:59:41 WARN  [Main] [Imix]: [ImixAI][FAIL] x=1.3 y=108.7 same-region=true -> candidate=LATE plan=575 errors=576/6
12:59:41 INFO  [Main] [Imix]: [ImixAI][ROLLBACK] no safe checkpoint yet; returned to x=0
12:59:41 INFO  [Main] [Imix]: [ImixAI][SEARCH] phase=LEARNED FAILURE -> SEARCHING ALTERNATIVE x=0.0 y=108.7 plan=575 candidate=LATE failures=576 budget=6 checkpoint=0.0
12:59:41 WARN  [Main] [Imix]: [ImixAI][FAIL] x=1.3 y=106.3 same-region=true -> candidate=CENTER plan=576 errors=577/6
12:59:41 INFO  [Main] [Imix]: [ImixAI][ROLLBACK] no safe checkpoint yet; returned to x=0
12:59:41 INFO  [Main] [Imix]: [ImixAI][SEARCH] phase=LEARNED FAILURE -> SEARCHING ALTERNATIVE x=0.0 y=106.3 plan=576 candidate=CENTER failures=577 budget=6 checkpoint=0.0
12:59:41 WARN  [Main] [Imix]: [ImixAI][FAIL] x=1.3 y=105.0 same-region=true -> candidate=EARLY plan=577 errors=578/6
12:59:41 INFO  [Main] [Imix]: [ImixAI][ROLLBACK] no safe checkpoint yet; returned to x=0
12:59:41 INFO  [Main] [Imix]: [ImixAI][SEARCH] phase=LEARNED FAILURE -> SEARCHING ALTERNATIVE x=0.0 y=105.0 plan=577 candidate=EARLY failures=578 budget=6 checkpoint=0.0
12:59:41 WARN  [Main] [Imix]: [ImixAI][FAIL] x=1.3 y=105.0 same-region=true -> candidate=LATE plan=578 errors=579/6
12:59:41 INFO  [Main] [Imix]: [ImixAI][ROLLBACK] no safe checkpoint yet; returned to x=0
12:59:41 INFO  [Main] [Imix]: [ImixAI][SEARCH] phase=LEARNED FAILURE -> SEARCHING ALTERNATIVE x=0.0 y=105.0 plan=578 candidate=LATE failures=579 budget=6 checkpoint=0.0
12:59:41 WARN  [Main] [Imix]: [ImixAI][FAIL] x=1.3 y=105.0 same-region=true -> candidate=CENTER plan=579 errors=580/6
12:59:41 INFO  [Main] [Imix]: [ImixAI][ROLLBACK] no safe checkpoint yet; returned to x=0
12:59:41 INFO  [Main] [Imix]: [ImixAI][SEARCH] phase=LEARNED FAILURE -> SEARCHING ALTERNATIVE x=0.0 y=105.0 plan=579 candidate=CENTER failures=580 budget=6 checkpoint=0.0
12:59:41 WARN  [Main] [Imix]: [ImixAI][FAIL] x=1.3 y=105.0 same-region=true -> candidate=EARLY plan=580 errors=581/6
12:59:41 INFO  [Main] [Imix]: [ImixAI][ROLLBACK] no safe checkpoint yet; returned to x=0
12:59:41 INFO  [Main] [Imix]: [ImixAI][SEARCH] phase=LEARNED FAILURE -> SEARCHING ALTERNATIVE x=0.0 y=105.0 plan=580 candidate=EARLY failures=581 budget=6 checkpoint=0.0
12:59:41 WARN  [Main] [Imix]: [ImixAI][FAIL] x=1.3 y=105.0 same-region=true -> candidate=LATE plan=581 errors=582/6
12:59:41 INFO  [Main] [Imix]: [ImixAI][ROLLBACK] no safe checkpoint yet; returned to x=0
12:59:41 INFO  [Main] [Imix]: [ImixAI][SEARCH] phase=LEARNED FAILURE -> SEARCHING ALTERNATIVE x=0.0 y=105.0 plan=581 candidate=LATE failures=582 budget=6 checkpoint=0.0
12:59:41 WARN  [Main] [Imix]: [ImixAI][FAIL] x=1.3 y=105.0 same-region=true -> candidate=CENTER plan=582 errors=583/6
12:59:41 INFO  [Main] [Imix]: [ImixAI][ROLLBACK] no safe checkpoint yet; returned to x=0
12:59:41 INFO  [Main] [Imix]: [ImixAI][SEARCH] phase=LEARNED FAILURE -> SEARCHING ALTERNATIVE x=0.0 y=105.0 plan=582 candidate=CENTER failures=583 budget=6 checkpoint=0.0
12:59:41 WARN  [Main] [Imix]: [ImixAI][FAIL] x=1.3 y=105.0 same-region=true -> candidate=EARLY plan=583 errors=584/6
12:59:41 INFO  [Main] [Imix]: [ImixAI][ROLLBACK] no safe checkpoint yet; returned to x=0
12:59:41 INFO  [Main] [Imix]: [ImixAI][SEARCH] phase=LEARNED FAILURE -> SEARCHING ALTERNATIVE x=0.0 y=105.0 plan=583 candidate=EARLY failures=584 budget=6 checkpoint=0.0
12:59:41 WARN  [Main] [Imix]: [ImixAI][FAIL] x=1.3 y=105.0 same-region=true -> candidate=LATE plan=584 errors=585/6
12:59:41 INFO  [Main] [Imix]: [ImixAI][ROLLBACK] no safe checkpoint yet; returned to x=0
12:59:41 INFO  [Main] [Imix]: [ImixAI][SEARCH] phase=LEARNED FAILURE -> SEARCHING ALTERNATIVE x=0.0 y=105.0 plan=584 candidate=LATE failures=585 budget=6 checkpoint=0.0
12:59:41 WARN  [Main] [Imix]: [ImixAI][FAIL] x=1.3 y=105.0 same-region=true -> candidate=CENTER plan=585 errors=586/6
12:59:41 INFO  [Main] [Imix]: [ImixAI][ROLLBACK] no safe checkpoint yet; returned to x=0
12:59:41 INFO  [Main] [Imix]: [ImixAI][SEARCH] phase=LEARNED FAILURE -> SEARCHING ALTERNATIVE x=0.0 y=105.0 plan=585 candidate=CENTER failures=586 budget=6 checkpoint=0.0
12:59:41 WARN  [Main] [Imix]: [ImixAI][FAIL] x=1.3 y=105.0 same-region=true -> candidate=EARLY plan=586 errors=587/6
12:59:41 INFO  [Main] [Imix]: [ImixAI][ROLLBACK] no safe checkpoint yet; returned to x=0
12:59:41 INFO  [Main] [Imix]: [ImixAI][SEARCH] phase=LEARNED FAILURE -> SEARCHING ALTERNATIVE x=0.0 y=105.0 plan=586 candidate=EARLY failures=587 budget=6 checkpoint=0.0
12:59:41 WARN  [Main] [Imix]: [ImixAI][FAIL] x=1.3 y=105.0 same-region=true -> candidate=LATE plan=587 errors=588/6
12:59:41 INFO  [Main] [Imix]: [ImixAI][ROLLBACK] no safe checkpoint yet; returned to x=0
12:59:41 INFO  [Main] [Imix]: [ImixAI][SEARCH] phase=LEARNED FAILURE -> SEARCHING ALTERNATIVE x=0.0 y=105.0 plan=587 candidate=LATE failures=588 budget=6 checkpoint=0.0
12:59:41 WARN  [Main] [Imix]: [ImixAI][FAIL] x=1.3 y=105.0 same-region=true -> candidate=CENTER plan=588 errors=589/6
12:59:41 INFO  [Main] [Imix]: [ImixAI][ROLLBACK] no safe checkpoint yet; returned to x=0
12:59:41 INFO  [Main] [Imix]: [ImixAI][SEARCH] phase=LEARNED FAILURE -> SEARCHING ALTERNATIVE x=0.0 y=105.0 plan=588 candidate=CENTER failures=589 budget=6 checkpoint=0.0
12:59:41 WARN  [Main] [Imix]: [ImixAI][FAIL] x=1.3 y=105.0 same-region=true -> candidate=EARLY plan=589 errors=590/6
12:59:41 INFO  [Main] [Imix]: [ImixAI][ROLLBACK] no safe checkpoint yet; returned to x=0
12:59:41 INFO  [Main] [Imix]: [ImixAI][SEARCH] phase=LEARNED FAILURE -> SEARCHING ALTERNATIVE x=0.0 y=105.0 plan=589 candidate=EARLY failures=590 budget=6 checkpoint=0.0
12:59:41 WARN  [Main] [Imix]: [ImixAI][FAIL] x=1.3 y=105.0 same-region=true -> candidate=LATE plan=590 errors=591/6
12:59:41 INFO  [Main] [Imix]: [ImixAI][ROLLBACK] no safe checkpoint yet; returned to x=0
12:59:41 INFO  [Main] [Imix]: [ImixAI][SEARCH] phase=LEARNED FAILURE -> SEARCHING ALTERNATIVE x=0.0 y=105.0 plan=590 candidate=LATE failures=591 budget=6 checkpoint=0.0
12:59:41 WARN  [Main] [Imix]: [ImixAI][FAIL] x=1.3 y=105.0 same-region=true -> candidate=CENTER plan=591 errors=592/6
12:59:41 INFO  [Main] [Imix]: [ImixAI][ROLLBACK] no safe checkpoint yet; returned to x=0
12:59:41 INFO  [Main] [Imix]: [ImixAI][SEARCH] phase=LEARNED FAILURE -> SEARCHING ALTERNATIVE x=0.0 y=105.0 plan=591 candidate=CENTER failures=592 budget=6 checkpoint=0.0
12:59:41 WARN  [Main] [Imix]: [ImixAI][FAIL] x=1.3 y=105.0 same-region=true -> candidate=EARLY plan=592 errors=593/6
12:59:41 INFO  [Main] [Imix]: [ImixAI][ROLLBACK] no safe checkpoint yet; returned to x=0
12:59:41 INFO  [Main] [Imix]: [ImixAI][SEARCH] phase=LEARNED FAILURE -> SEARCHING ALTERNATIVE x=0.0 y=105.0 plan=592 candidate=EARLY failures=593 budget=6 checkpoint=0.0
12:59:41 WARN  [Main] [Imix]: [ImixAI][FAIL] x=1.3 y=105.0 same-region=true -> candidate=LATE plan=593 errors=594/6
12:59:41 INFO  [Main] [Imix]: [ImixAI][ROLLBACK] no safe checkpoint yet; returned to x=0
12:59:41 INFO  [Main] [Imix]: [ImixAI][SEARCH] phase=LEARNED FAILURE -> SEARCHING ALTERNATIVE x=0.0 y=105.0 plan=593 candidate=LATE failures=594 budget=6 checkpoint=0.0
12:59:41 WARN  [Main] [Imix]: [ImixAI][FAIL] x=1.3 y=105.0 same-region=true -> candidate=CENTER plan=594 errors=595/6
12:59:41 INFO  [Main] [Imix]: [ImixAI][ROLLBACK] no safe checkpoint yet; returned to x=0
12:59:41 INFO  [Main] [Imix]: [ImixAI][SEARCH] phase=LEARNED FAILURE -> SEARCHING ALTERNATIVE x=0.0 y=105.0 plan=594 candidate=CENTER failures=595 budget=6 checkpoint=0.0
12:59:41 WARN  [Main] [Imix]: [ImixAI][FAIL] x=1.3 y=105.0 same-region=true -> candidate=EARLY plan=595 errors=596/6
12:59:41 INFO  [Main] [Imix]: [ImixAI][ROLLBACK] no safe checkpoint yet; returned to x=0
12:59:41 INFO  [Main] [Imix]: [ImixAI][SEARCH] phase=LEARNED FAILURE -> SEARCHING ALTERNATIVE x=0.0 y=105.0 plan=595 candidate=EARLY failures=596 budget=6 checkpoint=0.0
12:59:41 WARN  [Main] [Imix]: [ImixAI][FAIL] x=1.3 y=105.0 same-region=true -> candidate=LATE plan=596 errors=597/6
12:59:41 INFO  [Main] [Imix]: [ImixAI][ROLLBACK] no safe checkpoint yet; returned to x=0
12:59:41 INFO  [Main] [Imix]: [ImixAI][SEARCH] phase=LEARNED FAILURE -> SEARCHING ALTERNATIVE x=0.0 y=105.0 plan=596 candidate=LATE failures=597 budget=6 checkpoint=0.0
12:59:41 WARN  [Main] [Imix]: [ImixAI][FAIL] x=1.3 y=105.0 same-region=true -> candidate=CENTER plan=597 errors=598/6
12:59:41 INFO  [Main] [Imix]: [ImixAI][ROLLBACK] no safe checkpoint yet; returned to x=0
12:59:41 INFO  [Main] [Imix]: [ImixAI][SEARCH] phase=LEARNED FAILURE -> SEARCHING ALTERNATIVE x=0.0 y=105.0 plan=597 candidate=CENTER failures=598 budget=6 checkpoint=0.0
12:59:41 WARN  [Main] [Imix]: [ImixAI][FAIL] x=1.3 y=105.0 same-region=true -> candidate=EARLY plan=598 errors=599/6
12:59:41 INFO  [Main] [Imix]: [ImixAI][ROLLBACK] no safe checkpoint yet; returned to x=0
12:59:41 INFO  [Main] [Imix]: [ImixAI][SEARCH] phase=LEARNED FAILURE -> SEARCHING ALTERNATIVE x=0.0 y=105.0 plan=598 candidate=EARLY failures=599 budget=6 checkpoint=0.0
12:59:41 WARN  [Main] [Imix]: [ImixAI][FAIL] x=1.3 y=105.0 same-region=true -> candidate=LATE plan=599 errors=600/6
12:59:41 INFO  [Main] [Imix]: [ImixAI][ROLLBACK] no safe checkpoint yet; returned to x=0
12:59:41 INFO  [Main] [Imix]: [ImixAI][SEARCH] phase=LEARNED FAILURE -> SEARCHING ALTERNATIVE x=0.0 y=105.0 plan=599 candidate=LATE failures=600 budget=6 checkpoint=0.0
12:59:41 WARN  [Main] [Imix]: [ImixAI][FAIL] x=1.3 y=105.0 same-region=true -> candidate=CENTER plan=600 errors=601/6
12:59:41 INFO  [Main] [Imix]: [ImixAI][ROLLBACK] no safe checkpoint yet; returned to x=0
12:59:41 INFO  [Main] [Imix]: [ImixAI][SEARCH] phase=LEARNED FAILURE -> SEARCHING ALTERNATIVE x=0.0 y=105.0 plan=600 candidate=CENTER failures=601 budget=6 checkpoint=0.0
12:59:41 WARN  [Main] [Imix]: [ImixAI][FAIL] x=1.3 y=105.0 same-region=true -> candidate=EARLY plan=601 errors=602/6
12:59:41 INFO  [Main] [Imix]: [ImixAI][ROLLBACK] no safe checkpoint yet; returned to x=0
12:59:41 INFO  [Main] [Imix]: [ImixAI][SEARCH] phase=LEARNED FAILURE -> SEARCHING ALTERNATIVE x=0.0 y=105.0 plan=601 candidate=EARLY failures=602 budget=6 checkpoint=0.0
12:59:41 WARN  [Main] [Imix]: [ImixAI][FAIL] x=1.3 y=105.0 same-region=true -> candidate=LATE plan=602 errors=603/6
12:59:41 INFO  [Main] [Imix]: [ImixAI][ROLLBACK] no safe checkpoint yet; returned to x=0
12:59:41 INFO  [Main] [Imix]: [ImixAI][SEARCH] phase=LEARNED FAILURE -> SEARCHING ALTERNATIVE x=0.0 y=105.0 plan=602 candidate=LATE failures=603 budget=6 checkpoint=0.0
12:59:41 WARN  [Main] [Imix]: [ImixAI][FAIL] x=1.3 y=105.0 same-region=true -> candidate=CENTER plan=603 errors=604/6
12:59:41 INFO  [Main] [Imix]: [ImixAI][ROLLBACK] no safe checkpoint yet; returned to x=0
12:59:41 INFO  [Main] [Imix]: [ImixAI][SEARCH] phase=LEARNED FAILURE -> SEARCHING ALTERNATIVE x=0.0 y=105.0 plan=603 candidate=CENTER failures=604 budget=6 checkpoint=0.0
12:59:41 WARN  [Main] [Imix]: [ImixAI][FAIL] x=1.3 y=105.0 same-region=true -> candidate=EARLY plan=604 errors=605/6
12:59:41 INFO  [Main] [Imix]: [ImixAI][ROLLBACK] no safe checkpoint yet; returned to x=0
12:59:41 INFO  [Main] [Imix]: [ImixAI][SEARCH] phase=LEARNED FAILURE -> SEARCHING ALTERNATIVE x=0.0 y=105.0 plan=604 candidate=EARLY failures=605 budget=6 checkpoint=0.0
12:59:41 WARN  [Main] [Imix]: [ImixAI][FAIL] x=1.3 y=105.0 same-region=true -> candidate=LATE plan=605 errors=606/6
12:59:41 INFO  [Main] [Imix]: [ImixAI][ROLLBACK] no safe checkpoint yet; returned to x=0
12:59:41 INFO  [Main] [Imix]: [ImixAI][SEARCH] phase=LEARNED FAILURE -> SEARCHING ALTERNATIVE x=0.0 y=105.0 plan=605 candidate=LATE failures=606 budget=6 checkpoint=0.0
12:59:41 WARN  [Main] [Imix]: [ImixAI][FAIL] x=1.3 y=105.0 same-region=true -> candidate=CENTER plan=606 errors=607/6
12:59:41 INFO  [Main] [Imix]: [ImixAI][ROLLBACK] no safe checkpoint yet; returned to x=0
12:59:41 INFO  [Main] [Imix]: [ImixAI][SEARCH] phase=LEARNED FAILURE -> SEARCHING ALTERNATIVE x=0.0 y=105.0 plan=606 candidate=CENTER failures=607 budget=6 checkpoint=0.0
12:59:41 WARN  [Main] [Imix]: [ImixAI][FAIL] x=1.3 y=105.0 same-region=true -> candidate=EARLY plan=607 errors=608/6
12:59:41 INFO  [Main] [Imix]: [ImixAI][ROLLBACK] no safe checkpoint yet; returned to x=0
12:59:41 INFO  [Main] [Imix]: [ImixAI][SEARCH] phase=LEARNED FAILURE -> SEARCHING ALTERNATIVE x=0.0 y=105.0 plan=607 candidate=EARLY failures=608 budget=6 checkpoint=0.0
12:59:41 WARN  [Main] [Imix]: [ImixAI][FAIL] x=1.3 y=105.0 same-region=true -> candidate=LATE plan=608 errors=609/6
12:59:41 INFO  [Main] [Imix]: [ImixAI][ROLLBACK] no safe checkpoint yet; returned to x=0
12:59:41 INFO  [Main] [Imix]: [ImixAI][SEARCH] phase=LEARNED FAILURE -> SEARCHING ALTERNATIVE x=0.0 y=105.0 plan=608 candidate=LATE failures=609 budget=6 checkpoint=0.0
12:59:41 WARN  [Main] [Imix]: [ImixAI][FAIL] x=1.3 y=105.0 same-region=true -> candidate=CENTER plan=609 errors=610/6
12:59:41 INFO  [Main] [Imix]: [ImixAI][ROLLBACK] no safe checkpoint yet; returned to x=0
12:59:41 INFO  [Main] [Imix]: [ImixAI][SEARCH] phase=LEARNED FAILURE -> SEARCHING ALTERNATIVE x=0.0 y=105.0 plan=609 candidate=CENTER failures=610 budget=6 checkpoint=0.0
12:59:41 WARN  [Main] [Imix]: [ImixAI][FAIL] x=1.3 y=105.0 same-region=true -> candidate=EARLY plan=610 errors=611/6
12:59:41 INFO  [Main] [Imix]: [ImixAI][ROLLBACK] no safe checkpoint yet; returned to x=0
12:59:41 INFO  [Main] [Imix]: [ImixAI][SEARCH] phase=LEARNED FAILURE -> SEARCHING ALTERNATIVE x=0.0 y=105.0 plan=610 candidate=EARLY failures=611 budget=6 checkpoint=0.0
12:59:41 WARN  [Main] [Imix]: [ImixAI][FAIL] x=1.3 y=105.0 same-region=true -> candidate=LATE plan=611 errors=612/6
12:59:41 INFO  [Main] [Imix]: [ImixAI][ROLLBACK] no safe checkpoint yet; returned to x=0
12:59:41 INFO  [Main] [Imix]: [ImixAI][SEARCH] phase=LEARNED FAILURE -> SEARCHING ALTERNATIVE x=0.0 y=105.0 plan=611 candidate=LATE failures=612 budget=6 checkpoint=0.0
12:59:41 WARN  [Main] [Imix]: [ImixAI][FAIL] x=1.3 y=107.5 same-region=true -> candidate=CENTER plan=612 errors=613/6
12:59:41 INFO  [Main] [Imix]: [ImixAI][ROLLBACK] no safe checkpoint yet; returned to x=0
12:59:41 INFO  [Main] [Imix]: [ImixAI][SEARCH] phase=LEARNED FAILURE -> SEARCHING ALTERNATIVE x=0.0 y=107.5 plan=612 candidate=CENTER failures=613 budget=6 checkpoint=0.0
12:59:41 WARN  [Main] [Imix]: [ImixAI][FAIL] x=1.3 y=109.9 same-region=true -> candidate=EARLY plan=613 errors=614/6
12:59:41 INFO  [Main] [Imix]: [ImixAI][ROLLBACK] no safe checkpoint yet; returned to x=0
12:59:41 INFO  [Main] [Imix]: [ImixAI][SEARCH] phase=LEARNED FAILURE -> SEARCHING ALTERNATIVE x=0.0 y=109.9 plan=613 candidate=EARLY failures=614 budget=6 checkpoint=0.0
12:59:41 WARN  [Main] [Imix]: [ImixAI][FAIL] x=1.3 y=112.3 same-region=true -> candidate=LATE plan=614 errors=615/6
12:59:41 INFO  [Main] [Imix]: [ImixAI][ROLLBACK] no safe checkpoint yet; returned to x=0
12:59:41 INFO  [Main] [Imix]: [ImixAI][SEARCH] phase=LEARNED FAILURE -> SEARCHING ALTERNATIVE x=0.0 y=112.3 plan=614 candidate=LATE failures=615 budget=6 checkpoint=0.0
12:59:41 WARN  [Main] [Imix]: [ImixAI][FAIL] x=1.3 y=114.6 same-region=true -> candidate=CENTER plan=615 errors=616/6
12:59:41 INFO  [Main] [Imix]: [ImixAI][ROLLBACK] no safe checkpoint yet; returned to x=0
12:59:41 INFO  [Main] [Imix]: [ImixAI][SEARCH] phase=LEARNED FAILURE -> SEARCHING ALTERNATIVE x=0.0 y=114.6 plan=615 candidate=CENTER failures=616 budget=6 checkpoint=0.0
12:59:41 WARN  [Main] [Imix]: [ImixAI][FAIL] x=1.3 y=116.8 same-region=true -> candidate=EARLY plan=616 errors=617/6
12:59:41 INFO  [Main] [Imix]: [ImixAI][ROLLBACK] no safe checkpoint yet; returned to x=0
12:59:41 INFO  [Main] [Imix]: [ImixAI][SEARCH] phase=LEARNED FAILURE -> SEARCHING ALTERNATIVE x=0.0 y=116.8 plan=616 candidate=EARLY failures=617 budget=6 checkpoint=0.0
12:59:41 WARN  [Main] [Imix]: [ImixAI][FAIL] x=1.3 y=119.1 same-region=true -> candidate=LATE plan=617 errors=618/6
12:59:41 INFO  [Main] [Imix]: [ImixAI][ROLLBACK] no safe checkpoint yet; returned to x=0
12:59:41 INFO  [Main] [Imix]: [ImixAI][SEARCH] phase=LEARNED FAILURE -> SEARCHING ALTERNATIVE x=0.0 y=119.1 plan=617 candidate=LATE failures=618 budget=6 checkpoint=0.0
12:59:41 WARN  [Main] [Imix]: [ImixAI][FAIL] x=1.3 y=121.2 same-region=true -> candidate=CENTER plan=618 errors=619/6
12:59:41 INFO  [Main] [Imix]: [ImixAI][ROLLBACK] no safe checkpoint yet; returned to x=0
12:59:41 INFO  [Main] [Imix]: [ImixAI][SEARCH] phase=LEARNED FAILURE -> SEARCHING ALTERNATIVE x=0.0 y=121.2 plan=618 candidate=CENTER failures=619 budget=6 checkpoint=0.0
12:59:41 WARN  [Main] [Imix]: [ImixAI][FAIL] x=1.3 y=123.4 same-region=true -> candidate=EARLY plan=619 errors=620/6
12:59:41 INFO  [Main] [Imix]: [ImixAI][ROLLBACK] no safe checkpoint yet; returned to x=0
12:59:41 INFO  [Main] [Imix]: [ImixAI][SEARCH] phase=LEARNED FAILURE -> SEARCHING ALTERNATIVE x=0.0 y=123.4 plan=619 candidate=EARLY failures=620 budget=6 checkpoint=0.0
12:59:41 WARN  [Main] [Imix]: [ImixAI][FAIL] x=1.3 y=125.5 same-region=true -> candidate=LATE plan=620 errors=621/6
12:59:41 INFO  [Main] [Imix]: [ImixAI][ROLLBACK] no safe checkpoint yet; returned to x=0
12:59:41 INFO  [Main] [Imix]: [ImixAI][SEARCH] phase=LEARNED FAILURE -> SEARCHING ALTERNATIVE x=0.0 y=125.5 plan=620 candidate=LATE failures=621 budget=6 checkpoint=0.0
12:59:41 WARN  [Main] [Imix]: [ImixAI][FAIL] x=1.3 y=127.5 same-region=true -> candidate=CENTER plan=621 errors=622/6
12:59:41 INFO  [Main] [Imix]: [ImixAI][ROLLBACK] no safe checkpoint yet; returned to x=0
12:59:41 INFO  [Main] [Imix]: [ImixAI][SEARCH] phase=LEARNED FAILURE -> SEARCHING ALTERNATIVE x=0.0 y=127.5 plan=621 candidate=CENTER failures=622 budget=6 checkpoint=0.0
12:59:41 WARN  [Main] [Imix]: [ImixAI][FAIL] x=1.3 y=129.5 same-region=true -> candidate=EARLY plan=622 errors=623/6
12:59:41 INFO  [Main] [Imix]: [ImixAI][ROLLBACK] no safe checkpoint yet; returned to x=0
12:59:41 INFO  [Main] [Imix]: [ImixAI][SEARCH] phase=LEARNED FAILURE -> SEARCHING ALTERNATIVE x=0.0 y=129.5 plan=622 candidate=EARLY failures=623 budget=6 checkpoint=0.0
12:59:41 WARN  [Main] [Imix]: [ImixAI][FAIL] x=1.3 y=131.4 same-region=true -> candidate=LATE plan=623 errors=624/6
12:59:41 INFO  [Main] [Imix]: [ImixAI][ROLLBACK] no safe checkpoint yet; returned to x=0
12:59:41 INFO  [Main] [Imix]: [ImixAI][SEARCH] phase=LEARNED FAILURE -> SEARCHING ALTERNATIVE x=0.0 y=131.4 plan=623 candidate=LATE failures=624 budget=6 checkpoint=0.0
12:59:41 WARN  [Main] [Imix]: [ImixAI][FAIL] x=1.3 y=133.3 same-region=true -> candidate=CENTER plan=624 errors=625/6
12:59:41 INFO  [Main] [Imix]: [ImixAI][ROLLBACK] no safe checkpoint yet; returned to x=0
12:59:41 INFO  [Main] [Imix]: [ImixAI][SEARCH] phase=LEARNED FAILURE -> SEARCHING ALTERNATIVE x=0.0 y=133.3 plan=624 candidate=CENTER failures=625 budget=6 checkpoint=0.0
12:59:41 WARN  [Main] [Imix]: [ImixAI][FAIL] x=1.3 y=135.1 same-region=true -> candidate=EARLY plan=625 errors=626/6
12:59:41 INFO  [Main] [Imix]: [ImixAI][ROLLBACK] no safe checkpoint yet; returned to x=0
12:59:41 INFO  [Main] [Imix]: [ImixAI][SEARCH] phase=LEARNED FAILURE -> SEARCHING ALTERNATIVE x=0.0 y=135.1 plan=625 candidate=EARLY failures=626 budget=6 checkpoint=0.0
12:59:41 WARN  [Main] [Imix]: [ImixAI][FAIL] x=1.3 y=136.9 same-region=true -> candidate=LATE plan=626 errors=627/6
12:59:41 INFO  [Main] [Imix]: [ImixAI][ROLLBACK] no safe checkpoint yet; returned to x=0
12:59:41 INFO  [Main] [Imix]: [ImixAI][SEARCH] phase=LEARNED FAILURE -> SEARCHING ALTERNATIVE x=0.0 y=136.9 plan=626 candidate=LATE failures=627 budget=6 checkpoint=0.0
12:59:41 WARN  [Main] [Imix]: [ImixAI][FAIL] x=1.3 y=138.6 same-region=true -> candidate=CENTER plan=627 errors=628/6
12:59:41 INFO  [Main] [Imix]: [ImixAI][ROLLBACK] no safe checkpoint yet; returned to x=0
12:59:41 INFO  [Main] [Imix]: [ImixAI][SEARCH] phase=LEARNED FAILURE -> SEARCHING ALTERNATIVE x=0.0 y=138.6 plan=627 candidate=CENTER failures=628 budget=6 checkpoint=0.0
12:59:41 WARN  [Main] [Imix]: [ImixAI][FAIL] x=1.3 y=140.3 same-region=true -> candidate=EARLY plan=628 errors=629/6
12:59:41 INFO  [Main] [Imix]: [ImixAI][ROLLBACK] no safe checkpoint yet; returned to x=0
12:59:41 INFO  [Main] [Imix]: [ImixAI][SEARCH] phase=LEARNED FAILURE -> SEARCHING ALTERNATIVE x=0.0 y=140.3 plan=628 candidate=EARLY failures=629 budget=6 checkpoint=0.0
12:59:41 WARN  [Main] [Imix]: [ImixAI][FAIL] x=1.3 y=142.0 same-region=true -> candidate=LATE plan=629 errors=630/6
12:59:41 INFO  [Main] [Imix]: [ImixAI][ROLLBACK] no safe checkpoint yet; returned to x=0
12:59:41 INFO  [Main] [Imix]: [ImixAI][SEARCH] phase=LEARNED FAILURE -> SEARCHING ALTERNATIVE x=0.0 y=142.0 plan=629 candidate=LATE failures=630 budget=6 checkpoint=0.0
12:59:41 WARN  [Main] [Imix]: [ImixAI][FAIL] x=1.3 y=143.6 same-region=true -> candidate=CENTER plan=630 errors=631/6
12:59:41 INFO  [Main] [Imix]: [ImixAI][ROLLBACK] no safe checkpoint yet; returned to x=0
12:59:41 INFO  [Main] [Imix]: [ImixAI][SEARCH] phase=LEARNED FAILURE -> SEARCHING ALTERNATIVE x=0.0 y=143.6 plan=630 candidate=CENTER failures=631 budget=6 checkpoint=0.0
12:59:41 WARN  [Main] [Imix]: [ImixAI][FAIL] x=1.3 y=145.1 same-region=true -> candidate=EARLY plan=631 errors=632/6
12:59:41 INFO  [Main] [Imix]: [ImixAI][ROLLBACK] no safe checkpoint yet; returned to x=0
12:59:41 INFO  [Main] [Imix]: [ImixAI][SEARCH] phase=LEARNED FAILURE -> SEARCHING ALTERNATIVE x=0.0 y=145.1 plan=631 candidate=EARLY failures=632 budget=6 checkpoint=0.0
12:59:41 WARN  [Main] [Imix]: [ImixAI][FAIL] x=1.3 y=146.6 same-region=true -> candidate=LATE plan=632 errors=633/6
12:59:41 INFO  [Main] [Imix]: [ImixAI][ROLLBACK] no safe checkpoint yet; returned to x=0
12:59:41 INFO  [Main] [Imix]: [ImixAI][SEARCH] phase=LEARNED FAILURE -> SEARCHING ALTERNATIVE x=0.0 y=146.6 plan=632 candidate=LATE failures=633 budget=6 checkpoint=0.0
12:59:41 WARN  [Main] [Imix]: [ImixAI][FAIL] x=1.3 y=148.0 same-region=true -> candidate=CENTER plan=633 errors=634/6
12:59:41 INFO  [Main] [Imix]: [ImixAI][ROLLBACK] no safe checkpoint yet; returned to x=0
12:59:41 INFO  [Main] [Imix]: [ImixAI][SEARCH] phase=LEARNED FAILURE -> SEARCHING ALTERNATIVE x=0.0 y=148.0 plan=633 candidate=CENTER failures=634 budget=6 checkpoint=0.0
12:59:41 WARN  [Main] [Imix]: [ImixAI][FAIL] x=1.3 y=149.4 same-region=true -> candidate=EARLY plan=634 errors=635/6
12:59:41 INFO  [Main] [Imix]: [ImixAI][ROLLBACK] no safe checkpoint yet; returned to x=0
12:59:41 INFO  [Main] [Imix]: [ImixAI][SEARCH] phase=LEARNED FAILURE -> SEARCHING ALTERNATIVE x=0.0 y=149.4 plan=634 candidate=EARLY failures=635 budget=6 checkpoint=0.0
12:59:41 WARN  [Main] [Imix]: [ImixAI][FAIL] x=1.3 y=150.8 same-region=true -> candidate=LATE plan=635 errors=636/6
12:59:41 INFO  [Main] [Imix]: [ImixAI][ROLLBACK] no safe checkpoint yet; returned to x=0
12:59:41 INFO  [Main] [Imix]: [ImixAI][SEARCH] phase=LEARNED FAILURE -> SEARCHING ALTERNATIVE x=0.0 y=150.8 plan=635 candidate=LATE failures=636 budget=6 checkpoint=0.0
12:59:41 WARN  [Main] [Imix]: [ImixAI][FAIL] x=1.3 y=152.1 same-region=true -> candidate=CENTER plan=636 errors=637/6
12:59:41 INFO  [Main] [Imix]: [ImixAI][ROLLBACK] no safe checkpoint yet; returned to x=0
12:59:41 INFO  [Main] [Imix]: [ImixAI][SEARCH] phase=LEARNED FAILURE -> SEARCHING ALTERNATIVE x=0.0 y=152.1 plan=636 candidate=CENTER failures=637 budget=6 checkpoint=0.0
12:59:41 WARN  [Main] [Imix]: [ImixAI][FAIL] x=1.3 y=153.3 same-region=true -> candidate=EARLY plan=637 errors=638/6
12:59:41 INFO  [Main] [Imix]: [ImixAI][ROLLBACK] no safe checkpoint yet; returned to x=0
12:59:41 INFO  [Main] [Imix]: [ImixAI][SEARCH] phase=LEARNED FAILURE -> SEARCHING ALTERNATIVE x=0.0 y=153.3 plan=637 candidate=EARLY failures=638 budget=6 checkpoint=0.0
12:59:41 WARN  [Main] [Imix]: [ImixAI][FAIL] x=1.3 y=154.5 same-region=true -> candidate=LATE plan=638 errors=639/6
12:59:41 INFO  [Main] [Imix]: [ImixAI][ROLLBACK] no safe checkpoint yet; returned to x=0
12:59:41 INFO  [Main] [Imix]: [ImixAI][SEARCH] phase=LEARNED FAILURE -> SEARCHING ALTERNATIVE x=0.0 y=154.5 plan=638 candidate=LATE failures=639 budget=6 checkpoint=0.0
12:59:41 WARN  [Main] [Imix]: [ImixAI][FAIL] x=1.3 y=155.7 same-region=true -> candidate=CENTER plan=639 errors=640/6
12:59:41 INFO  [Main] [Imix]: [ImixAI][ROLLBACK] no safe checkpoint yet; returned to x=0
12:59:41 INFO  [Main] [Imix]: [ImixAI][SEARCH] phase=LEARNED FAILURE -> SEARCHING ALTERNATIVE x=0.0 y=155.7 plan=639 candidate=CENTER failures=640 budget=6 checkpoint=0.0
12:59:41 WARN  [Main] [Imix]: [ImixAI][FAIL] x=1.3 y=156.8 same-region=true -> candidate=EARLY plan=640 errors=641/6
12:59:41 INFO  [Main] [Imix]: [ImixAI][ROLLBACK] no safe checkpoint yet; returned to x=0
12:59:41 INFO  [Main] [Imix]: [ImixAI][SEARCH] phase=LEARNED FAILURE -> SEARCHING ALTERNATIVE x=0.0 y=156.8 plan=640 candidate=EARLY failures=641 budget=6 checkpoint=0.0
12:59:41 WARN  [Main] [Imix]: [ImixAI][FAIL] x=1.3 y=157.9 same-region=true -> candidate=LATE plan=641 errors=642/6
12:59:41 INFO  [Main] [Imix]: [ImixAI][ROLLBACK] no safe checkpoint yet; returned to x=0
12:59:41 INFO  [Main] [Imix]: [ImixAI][SEARCH] phase=LEARNED FAILURE -> SEARCHING ALTERNATIVE x=0.0 y=157.9 plan=641 candidate=LATE failures=642 budget=6 checkpoint=0.0
12:59:41 WARN  [Main] [Imix]: [ImixAI][FAIL] x=1.3 y=158.9 same-region=true -> candidate=CENTER plan=642 errors=643/6
12:59:41 INFO  [Main] [Imix]: [ImixAI][ROLLBACK] no safe checkpoint yet; returned to x=0
12:59:41 INFO  [Main] [Imix]: [ImixAI][SEARCH] phase=LEARNED FAILURE -> SEARCHING ALTERNATIVE x=0.0 y=158.9 plan=642 candidate=CENTER failures=643 budget=6 checkpoint=0.0
12:59:41 WARN  [Main] [Imix]: [ImixAI][FAIL] x=1.3 y=159.8 same-region=true -> candidate=EARLY plan=643 errors=644/6
12:59:41 INFO  [Main] [Imix]: [ImixAI][ROLLBACK] no safe checkpoint yet; returned to x=0
12:59:41 INFO  [Main] [Imix]: [ImixAI][SEARCH] phase=LEARNED FAILURE -> SEARCHING ALTERNATIVE x=0.0 y=159.8 plan=643 candidate=EARLY failures=644 budget=6 checkpoint=0.0
12:59:41 WARN  [Main] [Imix]: [ImixAI][FAIL] x=1.3 y=160.7 same-region=true -> candidate=LATE plan=644 errors=645/6
12:59:41 INFO  [Main] [Imix]: [ImixAI][ROLLBACK] no safe checkpoint yet; returned to x=0
12:59:41 INFO  [Main] [Imix]: [ImixAI][SEARCH] phase=LEARNED FAILURE -> SEARCHING ALTERNATIVE x=0.0 y=160.7 plan=644 candidate=LATE failures=645 budget=6 checkpoint=0.0
12:59:41 WARN  [Main] [Imix]: [ImixAI][FAIL] x=1.3 y=161.6 same-region=true -> candidate=CENTER plan=645 errors=646/6
12:59:41 INFO  [Main] [Imix]: [ImixAI][ROLLBACK] no safe checkpoint yet; returned to x=0
12:59:41 INFO  [Main] [Imix]: [ImixAI][SEARCH] phase=LEARNED FAILURE -> SEARCHING ALTERNATIVE x=0.0 y=161.6 plan=645 candidate=CENTER failures=646 budget=6 checkpoint=0.0
12:59:41 WARN  [Main] [Imix]: [ImixAI][FAIL] x=1.3 y=162.4 same-region=true -> candidate=EARLY plan=646 errors=647/6
12:59:41 INFO  [Main] [Imix]: [ImixAI][ROLLBACK] no safe checkpoint yet; returned to x=0
12:59:41 INFO  [Main] [Imix]: [ImixAI][SEARCH] phase=LEARNED FAILURE -> SEARCHING ALTERNATIVE x=0.0 y=162.4 plan=646 candidate=EARLY failures=647 budget=6 checkpoint=0.0
12:59:41 WARN  [Main] [Imix]: [ImixAI][FAIL] x=1.3 y=163.2 same-region=true -> candidate=LATE plan=647 errors=648/6
12:59:41 INFO  [Main] [Imix]: [ImixAI][ROLLBACK] no safe checkpoint yet; returned to x=0
12:59:41 INFO  [Main] [Imix]: [ImixAI][SEARCH] phase=LEARNED FAILURE -> SEARCHING ALTERNATIVE x=0.0 y=163.2 plan=647 candidate=LATE failures=648 budget=6 checkpoint=0.0
12:59:41 WARN  [Main] [Imix]: [ImixAI][FAIL] x=1.3 y=163.9 same-region=true -> candidate=CENTER plan=648 errors=649/6
12:59:41 INFO  [Main] [Imix]: [ImixAI][ROLLBACK] no safe checkpoint yet; returned to x=0
12:59:41 INFO  [Main] [Imix]: [ImixAI][SEARCH] phase=LEARNED FAILURE -> SEARCHING ALTERNATIVE x=0.0 y=163.9 plan=648 candidate=CENTER failures=649 budget=6 checkpoint=0.0
12:59:41 WARN  [Main] [Imix]: [ImixAI][FAIL] x=1.3 y=164.6 same-region=true -> candidate=EARLY plan=649 errors=650/6
12:59:41 INFO  [Main] [Imix]: [ImixAI][ROLLBACK] no safe checkpoint yet; returned to x=0
12:59:41 INFO  [Main] [Imix]: [ImixAI][SEARCH] phase=LEARNED FAILURE -> SEARCHING ALTERNATIVE x=0.0 y=164.6 plan=649 candidate=EARLY failures=650 budget=6 checkpoint=0.0
12:59:41 WARN  [Main] [Imix]: [ImixAI][FAIL] x=1.3 y=165.2 same-region=true -> candidate=LATE plan=650 errors=651/6
12:59:41 INFO  [Main] [Imix]: [ImixAI][ROLLBACK] no safe checkpoint yet; returned to x=0
12:59:41 INFO  [Main] [Imix]: [ImixAI][SEARCH] phase=LEARNED FAILURE -> SEARCHING ALTERNATIVE x=0.0 y=165.2 plan=650 candidate=LATE failures=651 budget=6 checkpoint=0.0
12:59:41 WARN  [Main] [Imix]: [ImixAI][FAIL] x=1.3 y=165.8 same-region=true -> candidate=CENTER plan=651 errors=652/6
12:59:41 INFO  [Main] [Imix]: [ImixAI][ROLLBACK] no safe checkpoint yet; returned to x=0
12:59:41 INFO  [Main] [Imix]: [ImixAI][SEARCH] phase=LEARNED FAILURE -> SEARCHING ALTERNATIVE x=0.0 y=165.8 plan=651 candidate=CENTER failures=652 budget=6 checkpoint=0.0
12:59:41 WARN  [Main] [Imix]: [ImixAI][FAIL] x=1.3 y=166.3 same-region=true -> candidate=EARLY plan=652 errors=653/6
12:59:41 INFO  [Main] [Imix]: [ImixAI][ROLLBACK] no safe checkpoint yet; returned to x=0
12:59:41 INFO  [Main] [Imix]: [ImixAI][SEARCH] phase=LEARNED FAILURE -> SEARCHING ALTERNATIVE x=0.0 y=166.3 plan=652 candidate=EARLY failures=653 budget=6 checkpoint=0.0
12:59:41 WARN  [Main] [Imix]: [ImixAI][FAIL] x=1.3 y=166.8 same-region=true -> candidate=LATE plan=653 errors=654/6
12:59:41 INFO  [Main] [Imix]: [ImixAI][ROLLBACK] no safe checkpoint yet; returned to x=0
12:59:41 INFO  [Main] [Imix]: [ImixAI][SEARCH] phase=LEARNED FAILURE -> SEARCHING ALTERNATIVE x=0.0 y=166.8 plan=653 candidate=LATE failures=654 budget=6 checkpoint=0.0
12:59:41 WARN  [Main] [Imix]: [ImixAI][FAIL] x=1.3 y=167.2 same-region=true -> candidate=CENTER plan=654 errors=655/6
12:59:41 INFO  [Main] [Imix]: [ImixAI][ROLLBACK] no safe checkpoint yet; returned to x=0
12:59:41 INFO  [Main] [Imix]: [ImixAI][SEARCH] phase=LEARNED FAILURE -> SEARCHING ALTERNATIVE x=0.0 y=167.2 plan=654 candidate=CENTER failures=655 budget=6 checkpoint=0.0
12:59:41 WARN  [Main] [Imix]: [ImixAI][FAIL] x=1.3 y=167.6 same-region=true -> candidate=EARLY plan=655 errors=656/6
12:59:41 INFO  [Main] [Imix]: [ImixAI][ROLLBACK] no safe checkpoint yet; returned to x=0
12:59:41 INFO  [Main] [Imix]: [ImixAI][SEARCH] phase=LEARNED FAILURE -> SEARCHING ALTERNATIVE x=0.0 y=167.6 plan=655 candidate=EARLY failures=656 budget=6 checkpoint=0.0
12:59:41 WARN  [Main] [Imix]: [ImixAI][FAIL] x=1.3 y=167.9 same-region=true -> candidate=LATE plan=656 errors=657/6
12:59:41 INFO  [Main] [Imix]: [ImixAI][ROLLBACK] no safe checkpoint yet; returned to x=0
12:59:41 INFO  [Main] [Imix]: [ImixAI][SEARCH] phase=LEARNED FAILURE -> SEARCHING ALTERNATIVE x=0.0 y=167.9 plan=656 candidate=LATE failures=657 budget=6 checkpoint=0.0
12:59:41 WARN  [Main] [Imix]: [ImixAI][FAIL] x=1.3 y=168.2 same-region=true -> candidate=CENTER plan=657 errors=658/6
12:59:41 INFO  [Main] [Imix]: [ImixAI][ROLLBACK] no safe checkpoint yet; returned to x=0
12:59:41 INFO  [Main] [Imix]: [ImixAI][SEARCH] phase=LEARNED FAILURE -> SEARCHING ALTERNATIVE x=0.0 y=168.2 plan=657 candidate=CENTER failures=658 budget=6 checkpoint=0.0
12:59:41 WARN  [Main] [Imix]: [ImixAI][FAIL] x=1.3 y=168.4 same-region=true -> candidate=EARLY plan=658 errors=659/6
12:59:41 INFO  [Main] [Imix]: [ImixAI][ROLLBACK] no safe checkpoint yet; returned to x=0
12:59:41 INFO  [Main] [Imix]: [ImixAI][SEARCH] phase=LEARNED FAILURE -> SEARCHING ALTERNATIVE x=0.0 y=168.4 plan=658 candidate=EARLY failures=659 budget=6 checkpoint=0.0
12:59:41 WARN  [Main] [Imix]: [ImixAI][FAIL] x=1.3 y=168.6 same-region=true -> candidate=LATE plan=659 errors=660/6
12:59:41 INFO  [Main] [Imix]: [ImixAI][ROLLBACK] no safe checkpoint yet; returned to x=0
12:59:41 INFO  [Main] [Imix]: [ImixAI][SEARCH] phase=LEARNED FAILURE -> SEARCHING ALTERNATIVE x=0.0 y=168.6 plan=659 candidate=LATE failures=660 budget=6 checkpoint=0.0
12:59:41 WARN  [Main] [Imix]: [ImixAI][FAIL] x=1.3 y=168.7 same-region=true -> candidate=CENTER plan=660 errors=661/6
12:59:41 INFO  [Main] [Imix]: [ImixAI][ROLLBACK] no safe checkpoint yet; returned to x=0
12:59:41 INFO  [Main] [Imix]: [ImixAI][SEARCH] phase=LEARNED FAILURE -> SEARCHING ALTERNATIVE x=0.0 y=168.7 plan=660 candidate=CENTER failures=661 budget=6 checkpoint=0.0
12:59:41 WARN  [Main] [Imix]: [ImixAI][FAIL] x=1.3 y=168.8 same-region=true -> candidate=EARLY plan=661 errors=662/6
12:59:41 INFO  [Main] [Imix]: [ImixAI][ROLLBACK] no safe checkpoint yet; returned to x=0
12:59:41 INFO  [Main] [Imix]: [ImixAI][SEARCH] phase=LEARNED FAILURE -> SEARCHING ALTERNATIVE x=0.0 y=168.8 plan=661 candidate=EARLY failures=662 budget=6 checkpoint=0.0
12:59:41 WARN  [Main] [Imix]: [ImixAI][FAIL] x=1.3 y=168.8 same-region=true -> candidate=LATE plan=662 errors=663/6
12:59:41 INFO  [Main] [Imix]: [ImixAI][ROLLBACK] no safe checkpoint yet; returned to x=0
12:59:41 INFO  [Main] [Imix]: [ImixAI][SEARCH] phase=LEARNED FAILURE -> SEARCHING ALTERNATIVE x=0.0 y=168.8 plan=662 candidate=LATE failures=663 budget=6 checkpoint=0.0
12:59:41 WARN  [Main] [Imix]: [ImixAI][FAIL] x=1.3 y=168.8 same-region=true -> candidate=CENTER plan=663 errors=664/6
12:59:41 INFO  [Main] [Imix]: [ImixAI][ROLLBACK] no safe checkpoint yet; returned to x=0
12:59:41 INFO  [Main] [Imix]: [ImixAI][SEARCH] phase=LEARNED FAILURE -> SEARCHING ALTERNATIVE x=0.0 y=168.8 plan=663 candidate=CENTER failures=664 budget=6 checkpoint=0.0
12:59:41 WARN  [Main] [Imix]: [ImixAI][FAIL] x=1.3 y=168.8 same-region=true -> candidate=EARLY plan=664 errors=665/6
12:59:41 INFO  [Main] [Imix]: [ImixAI][ROLLBACK] no safe checkpoint yet; returned to x=0
12:59:41 INFO  [Main] [Imix]: [ImixAI][SEARCH] phase=LEARNED FAILURE -> SEARCHING ALTERNATIVE x=0.0 y=168.8 plan=664 candidate=EARLY failures=665 budget=6 checkpoint=0.0
12:59:41 WARN  [Main] [Imix]: [ImixAI][FAIL] x=1.3 y=168.7 same-region=true -> candidate=LATE plan=665 errors=666/6
12:59:41 INFO  [Main] [Imix]: [ImixAI][ROLLBACK] no safe checkpoint yet; returned to x=0
12:59:41 INFO  [Main] [Imix]: [ImixAI][SEARCH] phase=LEARNED FAILURE -> SEARCHING ALTERNATIVE x=0.0 y=168.7 plan=665 candidate=LATE failures=666 budget=6 checkpoint=0.0
12:59:41 WARN  [Main] [Imix]: [ImixAI][FAIL] x=1.3 y=168.5 same-region=true -> candidate=CENTER plan=666 errors=667/6
12:59:41 INFO  [Main] [Imix]: [ImixAI][ROLLBACK] no safe checkpoint yet; returned to x=0
12:59:41 INFO  [Main] [Imix]: [ImixAI][SEARCH] phase=LEARNED FAILURE -> SEARCHING ALTERNATIVE x=0.0 y=168.5 plan=666 candidate=CENTER failures=667 budget=6 checkpoint=0.0
12:59:41 WARN  [Main] [Imix]: [ImixAI][FAIL] x=1.3 y=168.3 same-region=true -> candidate=EARLY plan=667 errors=668/6
12:59:41 INFO  [Main] [Imix]: [ImixAI][ROLLBACK] no safe checkpoint yet; returned to x=0
12:59:41 INFO  [Main] [Imix]: [ImixAI][SEARCH] phase=LEARNED FAILURE -> SEARCHING ALTERNATIVE x=0.0 y=168.3 plan=667 candidate=EARLY failures=668 budget=6 checkpoint=0.0
12:59:41 WARN  [Main] [Imix]: [ImixAI][FAIL] x=1.3 y=168.0 same-region=true -> candidate=LATE plan=668 errors=669/6
12:59:41 INFO  [Main] [Imix]: [ImixAI][ROLLBACK] no safe checkpoint yet; returned to x=0
12:59:41 INFO  [Main] [Imix]: [ImixAI][SEARCH] phase=LEARNED FAILURE -> SEARCHING ALTERNATIVE x=0.0 y=168.0 plan=668 candidate=LATE failures=669 budget=6 checkpoint=0.0
12:59:41 WARN  [Main] [Imix]: [ImixAI][FAIL] x=1.3 y=167.7 same-region=true -> candidate=CENTER plan=669 errors=670/6
12:59:41 INFO  [Main] [Imix]: [ImixAI][ROLLBACK] no safe checkpoint yet; returned to x=0
12:59:41 INFO  [Main] [Imix]: [ImixAI][SEARCH] phase=LEARNED FAILURE -> SEARCHING ALTERNATIVE x=0.0 y=167.7 plan=669 candidate=CENTER failures=670 budget=6 checkpoint=0.0
12:59:41 WARN  [Main] [Imix]: [ImixAI][FAIL] x=1.3 y=167.4 same-region=true -> candidate=EARLY plan=670 errors=671/6
12:59:41 INFO  [Main] [Imix]: [ImixAI][ROLLBACK] no safe checkpoint yet; returned to x=0
12:59:41 INFO  [Main] [Imix]: [ImixAI][SEARCH] phase=LEARNED FAILURE -> SEARCHING ALTERNATIVE x=0.0 y=167.4 plan=670 candidate=EARLY failures=671 budget=6 checkpoint=0.0
12:59:41 WARN  [Main] [Imix]: [ImixAI][FAIL] x=1.3 y=167.0 same-region=true -> candidate=LATE plan=671 errors=672/6
12:59:41 INFO  [Main] [Imix]: [ImixAI][ROLLBACK] no safe checkpoint yet; returned to x=0
12:59:41 INFO  [Main] [Imix]: [ImixAI][SEARCH] phase=LEARNED FAILURE -> SEARCHING ALTERNATIVE x=0.0 y=167.0 plan=671 candidate=LATE failures=672 budget=6 checkpoint=0.0
12:59:41 WARN  [Main] [Imix]: [ImixAI][FAIL] x=1.3 y=166.5 same-region=true -> candidate=CENTER plan=672 errors=673/6
12:59:41 INFO  [Main] [Imix]: [ImixAI][ROLLBACK] no safe checkpoint yet; returned to x=0
12:59:41 INFO  [Main] [Imix]: [ImixAI][SEARCH] phase=LEARNED FAILURE -> SEARCHING ALTERNATIVE x=0.0 y=166.5 plan=672 candidate=CENTER failures=673 budget=6 checkpoint=0.0
12:59:41 WARN  [Main] [Imix]: [ImixAI][FAIL] x=1.3 y=166.0 same-region=true -> candidate=EARLY plan=673 errors=674/6
12:59:41 INFO  [Main] [Imix]: [ImixAI][ROLLBACK] no safe checkpoint yet; returned to x=0
12:59:41 INFO  [Main] [Imix]: [ImixAI][SEARCH] phase=LEARNED FAILURE -> SEARCHING ALTERNATIVE x=0.0 y=166.0 plan=673 candidate=EARLY failures=674 budget=6 checkpoint=0.0
12:59:41 WARN  [Main] [Imix]: [ImixAI][FAIL] x=1.3 y=165.5 same-region=true -> candidate=LATE plan=674 errors=675/6
12:59:41 INFO  [Main] [Imix]: [ImixAI][ROLLBACK] no safe checkpoint yet; returned to x=0
12:59:41 INFO  [Main] [Imix]: [ImixAI][SEARCH] phase=LEARNED FAILURE -> SEARCHING ALTERNATIVE x=0.0 y=165.5 plan=674 candidate=LATE failures=675 budget=6 checkpoint=0.0
12:59:41 WARN  [Main] [Imix]: [ImixAI][FAIL] x=1.3 y=164.9 same-region=true -> candidate=CENTER plan=675 errors=676/6
12:59:41 INFO  [Main] [Imix]: [ImixAI][ROLLBACK] no safe checkpoint yet; returned to x=0
12:59:41 INFO  [Main] [Imix]: [ImixAI][SEARCH] phase=LEARNED FAILURE -> SEARCHING ALTERNATIVE x=0.0 y=164.9 plan=675 candidate=CENTER failures=676 budget=6 checkpoint=0.0
12:59:41 WARN  [Main] [Imix]: [ImixAI][FAIL] x=1.3 y=164.3 same-region=true -> candidate=EARLY plan=676 errors=677/6
12:59:41 INFO  [Main] [Imix]: [ImixAI][ROLLBACK] no safe checkpoint yet; returned to x=0
12:59:41 INFO  [Main] [Imix]: [ImixAI][SEARCH] phase=LEARNED FAILURE -> SEARCHING ALTERNATIVE x=0.0 y=164.3 plan=676 candidate=EARLY failures=677 budget=6 checkpoint=0.0
12:59:41 WARN  [Main] [Imix]: [ImixAI][FAIL] x=1.3 y=163.6 same-region=true -> candidate=LATE plan=677 errors=678/6
12:59:41 INFO  [Main] [Imix]: [ImixAI][ROLLBACK] no safe checkpoint yet; returned to x=0
12:59:41 INFO  [Main] [Imix]: [ImixAI][SEARCH] phase=LEARNED FAILURE -> SEARCHING ALTERNATIVE x=0.0 y=163.6 plan=677 candidate=LATE failures=678 budget=6 checkpoint=0.0
12:59:41 WARN  [Main] [Imix]: [ImixAI][FAIL] x=1.3 y=162.8 same-region=true -> candidate=CENTER plan=678 errors=679/6
12:59:41 INFO  [Main] [Imix]: [ImixAI][ROLLBACK] no safe checkpoint yet; returned to x=0
12:59:41 INFO  [Main] [Imix]: [ImixAI][SEARCH] phase=LEARNED FAILURE -> SEARCHING ALTERNATIVE x=0.0 y=162.8 plan=678 candidate=CENTER failures=679 budget=6 checkpoint=0.0
12:59:41 WARN  [Main] [Imix]: [ImixAI][FAIL] x=1.3 y=162.0 same-region=true -> candidate=EARLY plan=679 errors=680/6
12:59:41 INFO  [Main] [Imix]: [ImixAI][ROLLBACK] no safe checkpoint yet; returned to x=0
12:59:41 INFO  [Main] [Imix]: [ImixAI][SEARCH] phase=LEARNED FAILURE -> SEARCHING ALTERNATIVE x=0.0 y=162.0 plan=679 candidate=EARLY failures=680 budget=6 checkpoint=0.0
12:59:41 WARN  [Main] [Imix]: [ImixAI][FAIL] x=1.3 y=161.2 same-region=true -> candidate=LATE plan=680 errors=681/6
12:59:41 INFO  [Main] [Imix]: [ImixAI][ROLLBACK] no safe checkpoint yet; returned to x=0
12:59:41 INFO  [Main] [Imix]: [ImixAI][SEARCH] phase=LEARNED FAILURE -> SEARCHING ALTERNATIVE x=0.0 y=161.2 plan=680 candidate=LATE failures=681 budget=6 checkpoint=0.0
12:59:42 WARN  [Main] [Imix]: [ImixAI][FAIL] x=1.3 y=160.3 same-region=true -> candidate=CENTER plan=681 errors=682/6
12:59:42 INFO  [Main] [Imix]: [ImixAI][ROLLBACK] no safe checkpoint yet; returned to x=0
12:59:42 INFO  [Main] [Imix]: [ImixAI][SEARCH] phase=LEARNED FAILURE -> SEARCHING ALTERNATIVE x=0.0 y=160.3 plan=681 candidate=CENTER failures=682 budget=6 checkpoint=0.0
12:59:42 WARN  [Main] [Imix]: [ImixAI][FAIL] x=1.3 y=159.4 same-region=true -> candidate=EARLY plan=682 errors=683/6
12:59:42 INFO  [Main] [Imix]: [ImixAI][ROLLBACK] no safe checkpoint yet; returned to x=0
12:59:42 INFO  [Main] [Imix]: [ImixAI][SEARCH] phase=LEARNED FAILURE -> SEARCHING ALTERNATIVE x=0.0 y=159.4 plan=682 candidate=EARLY failures=683 budget=6 checkpoint=0.0
12:59:42 WARN  [Main] [Imix]: [ImixAI][FAIL] x=1.3 y=158.4 same-region=true -> candidate=LATE plan=683 errors=684/6
12:59:42 INFO  [Main] [Imix]: [ImixAI][ROLLBACK] no safe checkpoint yet; returned to x=0
12:59:42 INFO  [Main] [Imix]: [ImixAI][SEARCH] phase=LEARNED FAILURE -> SEARCHING ALTERNATIVE x=0.0 y=158.4 plan=683 candidate=LATE failures=684 budget=6 checkpoint=0.0
12:59:42 WARN  [Main] [Imix]: [ImixAI][FAIL] x=1.3 y=157.4 same-region=true -> candidate=CENTER plan=684 errors=685/6
12:59:42 INFO  [Main] [Imix]: [ImixAI][ROLLBACK] no safe checkpoint yet; returned to x=0
12:59:42 INFO  [Main] [Imix]: [ImixAI][SEARCH] phase=LEARNED FAILURE -> SEARCHING ALTERNATIVE x=0.0 y=157.4 plan=684 candidate=CENTER failures=685 budget=6 checkpoint=0.0
12:59:42 WARN  [Main] [Imix]: [ImixAI][FAIL] x=1.3 y=156.3 same-region=true -> candidate=EARLY plan=685 errors=686/6
12:59:42 INFO  [Main] [Imix]: [ImixAI][ROLLBACK] no safe checkpoint yet; returned to x=0
12:59:42 INFO  [Main] [Imix]: [ImixAI][SEARCH] phase=LEARNED FAILURE -> SEARCHING ALTERNATIVE x=0.0 y=156.3 plan=685 candidate=EARLY failures=686 budget=6 checkpoint=0.0
12:59:42 WARN  [Main] [Imix]: [ImixAI][FAIL] x=1.3 y=155.2 same-region=true -> candidate=LATE plan=686 errors=687/6
12:59:42 INFO  [Main] [Imix]: [ImixAI][ROLLBACK] no safe checkpoint yet; returned to x=0
12:59:42 INFO  [Main] [Imix]: [ImixAI][SEARCH] phase=LEARNED FAILURE -> SEARCHING ALTERNATIVE x=0.0 y=155.2 plan=686 candidate=LATE failures=687 budget=6 checkpoint=0.0
12:59:42 WARN  [Main] [Imix]: [ImixAI][FAIL] x=1.3 y=154.0 same-region=true -> candidate=CENTER plan=687 errors=688/6
12:59:42 INFO  [Main] [Imix]: [ImixAI][ROLLBACK] no safe checkpoint yet; returned to x=0
12:59:42 INFO  [Main] [Imix]: [ImixAI][SEARCH] phase=LEARNED FAILURE -> SEARCHING ALTERNATIVE x=0.0 y=154.0 plan=687 candidate=CENTER failures=688 budget=6 checkpoint=0.0
12:59:42 WARN  [Main] [Imix]: [ImixAI][FAIL] x=1.3 y=152.7 same-region=true -> candidate=EARLY plan=688 errors=689/6
12:59:42 INFO  [Main] [Imix]: [ImixAI][ROLLBACK] no safe checkpoint yet; returned to x=0
12:59:42 INFO  [Main] [Imix]: [ImixAI][SEARCH] phase=LEARNED FAILURE -> SEARCHING ALTERNATIVE x=0.0 y=152.7 plan=688 candidate=EARLY failures=689 budget=6 checkpoint=0.0
12:59:42 WARN  [Main] [Imix]: [ImixAI][FAIL] x=1.3 y=151.5 same-region=true -> candidate=LATE plan=689 errors=690/6
12:59:42 INFO  [Main] [Imix]: [ImixAI][ROLLBACK] no safe checkpoint yet; returned to x=0
12:59:42 INFO  [Main] [Imix]: [ImixAI][SEARCH] phase=LEARNED FAILURE -> SEARCHING ALTERNATIVE x=0.0 y=151.5 plan=689 candidate=LATE failures=690 budget=6 checkpoint=0.0
12:59:42 WARN  [Main] [Imix]: [ImixAI][FAIL] x=1.3 y=150.1 same-region=true -> candidate=CENTER plan=690 errors=691/6
12:59:42 INFO  [Main] [Imix]: [ImixAI][ROLLBACK] no safe checkpoint yet; returned to x=0
12:59:42 INFO  [Main] [Imix]: [ImixAI][SEARCH] phase=LEARNED FAILURE -> SEARCHING ALTERNATIVE x=0.0 y=150.1 plan=690 candidate=CENTER failures=691 budget=6 checkpoint=0.0
12:59:42 WARN  [Main] [Imix]: [ImixAI][FAIL] x=1.3 y=148.8 same-region=true -> candidate=EARLY plan=691 errors=692/6
12:59:42 INFO  [Main] [Imix]: [ImixAI][ROLLBACK] no safe checkpoint yet; returned to x=0
12:59:42 INFO  [Main] [Imix]: [ImixAI][SEARCH] phase=LEARNED FAILURE -> SEARCHING ALTERNATIVE x=0.0 y=148.8 plan=691 candidate=EARLY failures=692 budget=6 checkpoint=0.0
12:59:45 WARN  [Main] [Imix]: [ImixAI][FAIL] x=1.3 y=105.0 same-region=true -> candidate=LATE plan=692 errors=693/6
12:59:45 INFO  [Main] [Imix]: [ImixAI][ROLLBACK] no safe checkpoint yet; returned to x=0
12:59:45 INFO  [Main] [Imix]: [ImixAI][SEARCH] phase=LEARNED FAILURE -> SEARCHING ALTERNATIVE x=0.0 y=105.0 plan=692 candidate=LATE failures=693 budget=6 checkpoint=0.0
12:59:45 WARN  [Main] [Imix]: [ImixAI][FAIL] x=1.3 y=105.0 same-region=true -> candidate=CENTER plan=693 errors=694/6
12:59:45 INFO  [Main] [Imix]: [ImixAI][ROLLBACK] no safe checkpoint yet; returned to x=0
12:59:45 INFO  [Main] [Imix]: [ImixAI][SEARCH] phase=LEARNED FAILURE -> SEARCHING ALTERNATIVE x=0.0 y=105.0 plan=693 candidate=CENTER failures=694 budget=6 checkpoint=0.0
12:59:45 WARN  [Main] [Imix]: [ImixAI][FAIL] x=1.3 y=105.0 same-region=true -> candidate=EARLY plan=694 errors=695/6
12:59:45 INFO  [Main] [Imix]: [ImixAI][ROLLBACK] no safe checkpoint yet; returned to x=0
12:59:45 INFO  [Main] [Imix]: [ImixAI][SEARCH] phase=LEARNED FAILURE -> SEARCHING ALTERNATIVE x=0.0 y=105.0 plan=694 candidate=EARLY failures=695 budget=6 checkpoint=0.0
12:59:45 WARN  [Main] [Imix]: [ImixAI][FAIL] x=1.3 y=105.0 same-region=true -> candidate=LATE plan=695 errors=696/6
12:59:45 INFO  [Main] [Imix]: [ImixAI][ROLLBACK] no safe checkpoint yet; returned to x=0
12:59:45 INFO  [Main] [Imix]: [ImixAI][SEARCH] phase=LEARNED FAILURE -> SEARCHING ALTERNATIVE x=0.0 y=105.0 plan=695 candidate=LATE failures=696 budget=6 checkpoint=0.0
12:59:45 WARN  [Main] [Imix]: [ImixAI][FAIL] x=1.3 y=105.0 same-region=true -> candidate=CENTER plan=696 errors=697/6
12:59:45 INFO  [Main] [Imix]: [ImixAI][ROLLBACK] no safe checkpoint yet; returned to x=0
12:59:45 INFO  [Main] [Imix]: [ImixAI][SEARCH] phase=LEARNED FAILURE -> SEARCHING ALTERNATIVE x=0.0 y=105.0 plan=696 candidate=CENTER failures=697 budget=6 checkpoint=0.0
12:59:45 WARN  [Main] [Imix]: [ImixAI][FAIL] x=1.3 y=105.0 same-region=true -> candidate=EARLY plan=697 errors=698/6
12:59:45 INFO  [Main] [Imix]: [ImixAI][ROLLBACK] no safe checkpoint yet; returned to x=0
12:59:45 INFO  [Main] [Imix]: [ImixAI][SEARCH] phase=LEARNED FAILURE -> SEARCHING ALTERNATIVE x=0.0 y=105.0 plan=697 candidate=EARLY failures=698 budget=6 checkpoint=0.0
12:59:45 WARN  [Main] [Imix]: [ImixAI][FAIL] x=1.3 y=105.0 same-region=true -> candidate=LATE plan=698 errors=699/6
12:59:45 INFO  [Main] [Imix]: [ImixAI][ROLLBACK] no safe checkpoint yet; returned to x=0
12:59:45 INFO  [Main] [Imix]: [ImixAI][SEARCH] phase=LEARNED FAILURE -> SEARCHING ALTERNATIVE x=0.0 y=105.0 plan=698 candidate=LATE failures=699 budget=6 checkpoint=0.0
12:59:45 WARN  [Main] [Imix]: [ImixAI][FAIL] x=1.3 y=105.0 same-region=true -> candidate=CENTER plan=699 errors=700/6
12:59:45 INFO  [Main] [Imix]: [ImixAI][ROLLBACK] no safe checkpoint yet; returned to x=0
12:59:45 INFO  [Main] [Imix]: [ImixAI][SEARCH] phase=LEARNED FAILURE -> SEARCHING ALTERNATIVE x=0.0 y=105.0 plan=699 candidate=CENTER failures=700 budget=6 checkpoint=0.0
12:59:45 WARN  [Main] [Imix]: [ImixAI][FAIL] x=1.3 y=105.0 same-region=true -> candidate=EARLY plan=700 errors=701/6
12:59:45 INFO  [Main] [Imix]: [ImixAI][ROLLBACK] no safe checkpoint yet; returned to x=0
12:59:45 INFO  [Main] [Imix]: [ImixAI][SEARCH] phase=LEARNED FAILURE -> SEARCHING ALTERNATIVE x=0.0 y=105.0 plan=700 candidate=EARLY failures=701 budget=6 checkpoint=0.0
12:59:45 WARN  [Main] [Imix]: [ImixAI][FAIL] x=1.3 y=105.0 same-region=true -> candidate=LATE plan=701 errors=702/6
12:59:45 INFO  [Main] [Imix]: [ImixAI][ROLLBACK] no safe checkpoint yet; returned to x=0
12:59:45 INFO  [Main] [Imix]: [ImixAI][SEARCH] phase=LEARNED FAILURE -> SEARCHING ALTERNATIVE x=0.0 y=105.0 plan=701 candidate=LATE failures=702 budget=6 checkpoint=0.0
12:59:45 WARN  [Main] [Imix]: [ImixAI][FAIL] x=1.3 y=105.0 same-region=true -> candidate=CENTER plan=702 errors=703/6
12:59:45 INFO  [Main] [Imix]: [ImixAI][ROLLBACK] no safe checkpoint yet; returned to x=0
12:59:45 INFO  [Main] [Imix]: [ImixAI][SEARCH] phase=LEARNED FAILURE -> SEARCHING ALTERNATIVE x=0.0 y=105.0 plan=702 candidate=CENTER failures=703 budget=6 checkpoint=0.0
12:59:45 WARN  [Main] [Imix]: [ImixAI][FAIL] x=1.3 y=105.0 same-region=true -> candidate=EARLY plan=703 errors=704/6
12:59:45 INFO  [Main] [Imix]: [ImixAI][ROLLBACK] no safe checkpoint yet; returned to x=0
12:59:45 INFO  [Main] [Imix]: [ImixAI][SEARCH] phase=LEARNED FAILURE -> SEARCHING ALTERNATIVE x=0.0 y=105.0 plan=703 candidate=EARLY failures=704 budget=6 checkpoint=0.0
12:59:45 WARN  [Main] [Imix]: [ImixAI][FAIL] x=1.3 y=105.0 same-region=true -> candidate=LATE plan=704 errors=705/6
12:59:45 INFO  [Main] [Imix]: [ImixAI][ROLLBACK] no safe checkpoint yet; returned to x=0
12:59:45 INFO  [Main] [Imix]: [ImixAI][SEARCH] phase=LEARNED FAILURE -> SEARCHING ALTERNATIVE x=0.0 y=105.0 plan=704 candidate=LATE failures=705 budget=6 checkpoint=0.0
12:59:45 WARN  [Main] [Imix]: [ImixAI][FAIL] x=1.3 y=105.0 same-region=true -> candidate=CENTER plan=705 errors=706/6
12:59:45 INFO  [Main] [Imix]: [ImixAI][ROLLBACK] no safe checkpoint yet; returned to x=0
12:59:45 INFO  [Main] [Imix]: [ImixAI][SEARCH] phase=LEARNED FAILURE -> SEARCHING ALTERNATIVE x=0.0 y=105.0 plan=705 candidate=CENTER failures=706 budget=6 checkpoint=0.0
12:59:45 WARN  [Main] [Imix]: [ImixAI][FAIL] x=1.3 y=105.0 same-region=true -> candidate=EARLY plan=706 errors=707/6
12:59:45 INFO  [Main] [Imix]: [ImixAI][ROLLBACK] no safe checkpoint yet; returned to x=0
12:59:45 INFO  [Main] [Imix]: [ImixAI][SEARCH] phase=LEARNED FAILURE -> SEARCHING ALTERNATIVE x=0.0 y=105.0 plan=706 candidate=EARLY failures=707 budget=6 checkpoint=0.0
12:59:45 WARN  [Main] [Imix]: [ImixAI][FAIL] x=1.3 y=105.0 same-region=true -> candidate=LATE plan=707 errors=708/6
12:59:45 INFO  [Main] [Imix]: [ImixAI][ROLLBACK] no safe checkpoint yet; returned to x=0
12:59:45 INFO  [Main] [Imix]: [ImixAI][SEARCH] phase=LEARNED FAILURE -> SEARCHING ALTERNATIVE x=0.0 y=105.0 plan=707 candidate=LATE failures=708 budget=6 checkpoint=0.0
12:59:45 WARN  [Main] [Imix]: [ImixAI][FAIL] x=1.3 y=105.0 same-region=true -> candidate=CENTER plan=708 errors=709/6
12:59:45 INFO  [Main] [Imix]: [ImixAI][ROLLBACK] no safe checkpoint yet; returned to x=0
12:59:45 INFO  [Main] [Imix]: [ImixAI][SEARCH] phase=LEARNED FAILURE -> SEARCHING ALTERNATIVE x=0.0 y=105.0 plan=708 candidate=CENTER failures=709 budget=6 checkpoint=0.0
12:59:45 WARN  [Main] [Imix]: [ImixAI][FAIL] x=1.3 y=105.0 same-region=true -> candidate=EARLY plan=709 errors=710/6
12:59:45 INFO  [Main] [Imix]: [ImixAI][ROLLBACK] no safe checkpoint yet; returned to x=0
12:59:45 INFO  [Main] [Imix]: [ImixAI][SEARCH] phase=LEARNED FAILURE -> SEARCHING ALTERNATIVE x=0.0 y=105.0 plan=709 candidate=EARLY failures=710 budget=6 checkpoint=0.0
12:59:45 WARN  [Main] [Imix]: [ImixAI][FAIL] x=1.3 y=105.0 same-region=true -> candidate=LATE plan=710 errors=711/6
12:59:45 INFO  [Main] [Imix]: [ImixAI][ROLLBACK] no safe checkpoint yet; returned to x=0
12:59:45 INFO  [Main] [Imix]: [ImixAI][SEARCH] phase=LEARNED FAILURE -> SEARCHING ALTERNATIVE x=0.0 y=105.0 plan=710 candidate=LATE failures=711 budget=6 checkpoint=0.0
12:59:45 WARN  [Main] [Imix]: [ImixAI][FAIL] x=1.3 y=105.0 same-region=true -> candidate=CENTER plan=711 errors=712/6
12:59:45 INFO  [Main] [Imix]: [ImixAI][ROLLBACK] no safe checkpoint yet; returned to x=0
12:59:45 INFO  [Main] [Imix]: [ImixAI][SEARCH] phase=LEARNED FAILURE -> SEARCHING ALTERNATIVE x=0.0 y=105.0 plan=711 candidate=CENTER failures=712 budget=6 checkpoint=0.0
12:59:45 WARN  [Main] [Imix]: [ImixAI][FAIL] x=1.3 y=105.0 same-region=true -> candidate=EARLY plan=712 errors=713/6
12:59:45 INFO  [Main] [Imix]: [ImixAI][ROLLBACK] no safe checkpoint yet; returned to x=0
12:59:45 INFO  [Main] [Imix]: [ImixAI][SEARCH] phase=LEARNED FAILURE -> SEARCHING ALTERNATIVE x=0.0 y=105.0 plan=712 candidate=EARLY failures=713 budget=6 checkpoint=0.0
12:59:45 WARN  [Main] [Imix]: [ImixAI][FAIL] x=1.3 y=105.0 same-region=true -> candidate=LATE plan=713 errors=714/6
12:59:45 INFO  [Main] [Imix]: [ImixAI][ROLLBACK] no safe checkpoint yet; returned to x=0
12:59:45 INFO  [Main] [Imix]: [ImixAI][SEARCH] phase=LEARNED FAILURE -> SEARCHING ALTERNATIVE x=0.0 y=105.0 plan=713 candidate=LATE failures=714 budget=6 checkpoint=0.0
12:59:45 WARN  [Main] [Imix]: [ImixAI][FAIL] x=1.3 y=105.0 same-region=true -> candidate=CENTER plan=714 errors=715/6
12:59:45 INFO  [Main] [Imix]: [ImixAI][ROLLBACK] no safe checkpoint yet; returned to x=0
12:59:45 INFO  [Main] [Imix]: [ImixAI][SEARCH] phase=LEARNED FAILURE -> SEARCHING ALTERNATIVE x=0.0 y=105.0 plan=714 candidate=CENTER failures=715 budget=6 checkpoint=0.0
12:59:45 WARN  [Main] [Imix]: [ImixAI][FAIL] x=1.3 y=105.0 same-region=true -> candidate=EARLY plan=715 errors=716/6
12:59:45 INFO  [Main] [Imix]: [ImixAI][ROLLBACK] no safe checkpoint yet; returned to x=0
12:59:45 INFO  [Main] [Imix]: [ImixAI][SEARCH] phase=LEARNED FAILURE -> SEARCHING ALTERNATIVE x=0.0 y=105.0 plan=715 candidate=EARLY failures=716 budget=6 checkpoint=0.0
12:59:45 WARN  [Main] [Imix]: [ImixAI][FAIL] x=1.3 y=105.0 same-region=true -> candidate=LATE plan=716 errors=717/6
12:59:45 INFO  [Main] [Imix]: [ImixAI][ROLLBACK] no safe checkpoint yet; returned to x=0
12:59:45 INFO  [Main] [Imix]: [ImixAI][SEARCH] phase=LEARNED FAILURE -> SEARCHING ALTERNATIVE x=0.0 y=105.0 plan=716 candidate=LATE failures=717 budget=6 checkpoint=0.0
12:59:45 WARN  [Main] [Imix]: [ImixAI][FAIL] x=1.3 y=105.0 same-region=true -> candidate=CENTER plan=717 errors=718/6
12:59:45 INFO  [Main] [Imix]: [ImixAI][ROLLBACK] no safe checkpoint yet; returned to x=0
12:59:45 INFO  [Main] [Imix]: [ImixAI][SEARCH] phase=LEARNED FAILURE -> SEARCHING ALTERNATIVE x=0.0 y=105.0 plan=717 candidate=CENTER failures=718 budget=6 checkpoint=0.0
12:59:45 WARN  [Main] [Imix]: [ImixAI][FAIL] x=1.3 y=105.0 same-region=true -> candidate=EARLY plan=718 errors=719/6
12:59:45 INFO  [Main] [Imix]: [ImixAI][ROLLBACK] no safe checkpoint yet; returned to x=0
12:59:45 INFO  [Main] [Imix]: [ImixAI][SEARCH] phase=LEARNED FAILURE -> SEARCHING ALTERNATIVE x=0.0 y=105.0 plan=718 candidate=EARLY failures=719 budget=6 checkpoint=0.0
12:59:45 WARN  [Main] [Imix]: [ImixAI][FAIL] x=1.3 y=105.0 same-region=true -> candidate=LATE plan=719 errors=720/6
12:59:45 INFO  [Main] [Imix]: [ImixAI][ROLLBACK] no safe checkpoint yet; returned to x=0
12:59:45 INFO  [Main] [Imix]: [ImixAI][SEARCH] phase=LEARNED FAILURE -> SEARCHING ALTERNATIVE x=0.0 y=105.0 plan=719 candidate=LATE failures=720 budget=6 checkpoint=0.0
12:59:45 WARN  [Main] [Imix]: [ImixAI][FAIL] x=1.3 y=105.0 same-region=true -> candidate=CENTER plan=720 errors=721/6
12:59:45 INFO  [Main] [Imix]: [ImixAI][ROLLBACK] no safe checkpoint yet; returned to x=0
12:59:45 INFO  [Main] [Imix]: [ImixAI][SEARCH] phase=LEARNED FAILURE -> SEARCHING ALTERNATIVE x=0.0 y=105.0 plan=720 candidate=CENTER failures=721 budget=6 checkpoint=0.0
12:59:45 WARN  [Main] [Imix]: [ImixAI][FAIL] x=1.3 y=105.0 same-region=true -> candidate=EARLY plan=721 errors=722/6
12:59:45 INFO  [Main] [Imix]: [ImixAI][ROLLBACK] no safe checkpoint yet; returned to x=0
12:59:45 INFO  [Main] [Imix]: [ImixAI][SEARCH] phase=LEARNED FAILURE -> SEARCHING ALTERNATIVE x=0.0 y=105.0 plan=721 candidate=EARLY failures=722 budget=6 checkpoint=0.0
12:59:45 WARN  [Main] [Imix]: [ImixAI][FAIL] x=1.3 y=105.0 same-region=true -> candidate=LATE plan=722 errors=723/6
12:59:45 INFO  [Main] [Imix]: [ImixAI][ROLLBACK] no safe checkpoint yet; returned to x=0
12:59:45 INFO  [Main] [Imix]: [ImixAI][SEARCH] phase=LEARNED FAILURE -> SEARCHING ALTERNATIVE x=0.0 y=105.0 plan=722 candidate=LATE failures=723 budget=6 checkpoint=0.0
12:59:45 WARN  [Main] [Imix]: [ImixAI][FAIL] x=1.3 y=105.0 same-region=true -> candidate=CENTER plan=723 errors=724/6
12:59:45 INFO  [Main] [Imix]: [ImixAI][ROLLBACK] no safe checkpoint yet; returned to x=0
12:59:45 INFO  [Main] [Imix]: [ImixAI][SEARCH] phase=LEARNED FAILURE -> SEARCHING ALTERNATIVE x=0.0 y=105.0 plan=723 candidate=CENTER failures=724 budget=6 checkpoint=0.0
12:59:45 WARN  [Main] [Imix]: [ImixAI][FAIL] x=1.3 y=105.0 same-region=true -> candidate=EARLY plan=724 errors=725/6
12:59:45 INFO  [Main] [Imix]: [ImixAI][ROLLBACK] no safe checkpoint yet; returned to x=0
12:59:45 INFO  [Main] [Imix]: [ImixAI][SEARCH] phase=LEARNED FAILURE -> SEARCHING ALTERNATIVE x=0.0 y=105.0 plan=724 candidate=EARLY failures=725 budget=6 checkpoint=0.0
12:59:45 WARN  [Main] [Imix]: [ImixAI][FAIL] x=1.3 y=105.0 same-region=true -> candidate=LATE plan=725 errors=726/6
12:59:45 INFO  [Main] [Imix]: [ImixAI][ROLLBACK] no safe checkpoint yet; returned to x=0
12:59:45 INFO  [Main] [Imix]: [ImixAI][SEARCH] phase=LEARNED FAILURE -> SEARCHING ALTERNATIVE x=0.0 y=105.0 plan=725 candidate=LATE failures=726 budget=6 checkpoint=0.0
12:59:45 WARN  [Main] [Imix]: [ImixAI][FAIL] x=1.3 y=105.0 same-region=true -> candidate=CENTER plan=726 errors=727/6
12:59:45 INFO  [Main] [Imix]: [ImixAI][ROLLBACK] no safe checkpoint yet; returned to x=0
12:59:45 INFO  [Main] [Imix]: [ImixAI][SEARCH] phase=LEARNED FAILURE -> SEARCHING ALTERNATIVE x=0.0 y=105.0 plan=726 candidate=CENTER failures=727 budget=6 checkpoint=0.0
12:59:45 WARN  [Main] [Imix]: [ImixAI][FAIL] x=1.3 y=105.0 same-region=true -> candidate=EARLY plan=727 errors=728/6
12:59:45 INFO  [Main] [Imix]: [ImixAI][ROLLBACK] no safe checkpoint yet; returned to x=0
12:59:45 INFO  [Main] [Imix]: [ImixAI][SEARCH] phase=LEARNED FAILURE -> SEARCHING ALTERNATIVE x=0.0 y=105.0 plan=727 candidate=EARLY failures=728 budget=6 checkpoint=0.0
12:59:45 WARN  [Main] [Imix]: [ImixAI][FAIL] x=1.3 y=105.0 same-region=true -> candidate=LATE plan=728 errors=729/6
12:59:45 INFO  [Main] [Imix]: [ImixAI][ROLLBACK] no safe checkpoint yet; returned to x=0
12:59:45 INFO  [Main] [Imix]: [ImixAI][SEARCH] phase=LEARNED FAILURE -> SEARCHING ALTERNATIVE x=0.0 y=105.0 plan=728 candidate=LATE failures=729 budget=6 checkpoint=0.0
12:59:45 WARN  [Main] [Imix]: [ImixAI][FAIL] x=1.3 y=105.0 same-region=true -> candidate=CENTER plan=729 errors=730/6
12:59:45 INFO  [Main] [Imix]: [ImixAI][ROLLBACK] no safe checkpoint yet; returned to x=0
12:59:45 INFO  [Main] [Imix]: [ImixAI][SEARCH] phase=LEARNED FAILURE -> SEARCHING ALTERNATIVE x=0.0 y=105.0 plan=729 candidate=CENTER failures=730 budget=6 checkpoint=0.0
12:59:45 WARN  [Main] [Imix]: [ImixAI][FAIL] x=1.3 y=105.0 same-region=true -> candidate=EARLY plan=730 errors=731/6
12:59:45 INFO  [Main] [Imix]: [ImixAI][ROLLBACK] no safe checkpoint yet; returned to x=0
12:59:45 INFO  [Main] [Imix]: [ImixAI][SEARCH] phase=LEARNED FAILURE -> SEARCHING ALTERNATIVE x=0.0 y=105.0 plan=730 candidate=EARLY failures=731 budget=6 checkpoint=0.0
12:59:45 WARN  [Main] [Imix]: [ImixAI][FAIL] x=1.3 y=105.0 same-region=true -> candidate=LATE plan=731 errors=732/6
12:59:45 INFO  [Main] [Imix]: [ImixAI][ROLLBACK] no safe checkpoint yet; returned to x=0
12:59:45 INFO  [Main] [Imix]: [ImixAI][SEARCH] phase=LEARNED FAILURE -> SEARCHING ALTERNATIVE x=0.0 y=105.0 plan=731 candidate=LATE failures=732 budget=6 checkpoint=0.0
12:59:45 WARN  [Main] [Imix]: [ImixAI][FAIL] x=1.3 y=105.0 same-region=true -> candidate=CENTER plan=732 errors=733/6
12:59:45 INFO  [Main] [Imix]: [ImixAI][ROLLBACK] no safe checkpoint yet; returned to x=0
12:59:45 INFO  [Main] [Imix]: [ImixAI][SEARCH] phase=LEARNED FAILURE -> SEARCHING ALTERNATIVE x=0.0 y=105.0 plan=732 candidate=CENTER failures=733 budget=6 checkpoint=0.0
12:59:45 WARN  [Main] [Imix]: [ImixAI][FAIL] x=1.3 y=105.0 same-region=true -> candidate=EARLY plan=733 errors=734/6
12:59:45 INFO  [Main] [Imix]: [ImixAI][ROLLBACK] no safe checkpoint yet; returned to x=0
12:59:45 INFO  [Main] [Imix]: [ImixAI][SEARCH] phase=LEARNED FAILURE -> SEARCHING ALTERNATIVE x=0.0 y=105.0 plan=733 candidate=EARLY failures=734 budget=6 checkpoint=0.0
12:59:45 WARN  [Main] [Imix]: [ImixAI][FAIL] x=1.3 y=105.0 same-region=true -> candidate=LATE plan=734 errors=735/6
12:59:45 INFO  [Main] [Imix]: [ImixAI][ROLLBACK] no safe checkpoint yet; returned to x=0
12:59:45 INFO  [Main] [Imix]: [ImixAI][SEARCH] phase=LEARNED FAILURE -> SEARCHING ALTERNATIVE x=0.0 y=105.0 plan=734 candidate=LATE failures=735 budget=6 checkpoint=0.0
12:59:45 WARN  [Main] [Imix]: [ImixAI][FAIL] x=1.3 y=105.0 same-region=true -> candidate=CENTER plan=735 errors=736/6
12:59:45 INFO  [Main] [Imix]: [ImixAI][ROLLBACK] no safe checkpoint yet; returned to x=0
12:59:45 INFO  [Main] [Imix]: [ImixAI][SEARCH] phase=LEARNED FAILURE -> SEARCHING ALTERNATIVE x=0.0 y=105.0 plan=735 candidate=CENTER failures=736 budget=6 checkpoint=0.0
12:59:45 WARN  [Main] [Imix]: [ImixAI][FAIL] x=1.3 y=105.0 same-region=true -> candidate=EARLY plan=736 errors=737/6
12:59:45 INFO  [Main] [Imix]: [ImixAI][ROLLBACK] no safe checkpoint yet; returned to x=0
12:59:45 INFO  [Main] [Imix]: [ImixAI][SEARCH] phase=LEARNED FAILURE -> SEARCHING ALTERNATIVE x=0.0 y=105.0 plan=736 candidate=EARLY failures=737 budget=6 checkpoint=0.0
12:59:45 WARN  [Main] [Imix]: [ImixAI][FAIL] x=1.3 y=105.0 same-region=true -> candidate=LATE plan=737 errors=738/6
12:59:45 INFO  [Main] [Imix]: [ImixAI][ROLLBACK] no safe checkpoint yet; returned to x=0
12:59:45 INFO  [Main] [Imix]: [ImixAI][SEARCH] phase=LEARNED FAILURE -> SEARCHING ALTERNATIVE x=0.0 y=105.0 plan=737 candidate=LATE failures=738 budget=6 checkpoint=0.0
12:59:46 WARN  [Main] [Imix]: [ImixAI][FAIL] x=1.3 y=105.0 same-region=true -> candidate=CENTER plan=738 errors=739/6
12:59:46 INFO  [Main] [Imix]: [ImixAI][ROLLBACK] no safe checkpoint yet; returned to x=0
12:59:46 INFO  [Main] [Imix]: [ImixAI][SEARCH] phase=LEARNED FAILURE -> SEARCHING ALTERNATIVE x=0.0 y=105.0 plan=738 candidate=CENTER failures=739 budget=6 checkpoint=0.0
12:59:46 WARN  [Main] [Imix]: [ImixAI][FAIL] x=1.3 y=105.0 same-region=true -> candidate=EARLY plan=739 errors=740/6
12:59:46 INFO  [Main] [Imix]: [ImixAI][ROLLBACK] no safe checkpoint yet; returned to x=0
12:59:46 INFO  [Main] [Imix]: [ImixAI][SEARCH] phase=LEARNED FAILURE -> SEARCHING ALTERNATIVE x=0.0 y=105.0 plan=739 candidate=EARLY failures=740 budget=6 checkpoint=0.0
12:59:46 WARN  [Main] [Imix]: [ImixAI][FAIL] x=1.3 y=105.0 same-region=true -> candidate=LATE plan=740 errors=741/6
12:59:46 INFO  [Main] [Imix]: [ImixAI][ROLLBACK] no safe checkpoint yet; returned to x=0
12:59:46 INFO  [Main] [Imix]: [ImixAI][SEARCH] phase=LEARNED FAILURE -> SEARCHING ALTERNATIVE x=0.0 y=105.0 plan=740 candidate=LATE failures=741 budget=6 checkpoint=0.0
12:59:46 WARN  [Main] [Imix]: [ImixAI][FAIL] x=1.3 y=105.0 same-region=true -> candidate=CENTER plan=741 errors=742/6
12:59:46 INFO  [Main] [Imix]: [ImixAI][ROLLBACK] no safe checkpoint yet; returned to x=0
12:59:46 INFO  [Main] [Imix]: [ImixAI][SEARCH] phase=LEARNED FAILURE -> SEARCHING ALTERNATIVE x=0.0 y=105.0 plan=741 candidate=CENTER failures=742 budget=6 checkpoint=0.0
12:59:46 WARN  [Main] [Imix]: [ImixAI][FAIL] x=1.3 y=105.0 same-region=true -> candidate=EARLY plan=742 errors=743/6
12:59:46 INFO  [Main] [Imix]: [ImixAI][ROLLBACK] no safe checkpoint yet; returned to x=0
12:59:46 INFO  [Main] [Imix]: [ImixAI][SEARCH] phase=LEARNED FAILURE -> SEARCHING ALTERNATIVE x=0.0 y=105.0 plan=742 candidate=EARLY failures=743 budget=6 checkpoint=0.0
12:59:46 WARN  [Main] [Imix]: [ImixAI][FAIL] x=1.3 y=105.0 same-region=true -> candidate=LATE plan=743 errors=744/6
12:59:46 INFO  [Main] [Imix]: [ImixAI][ROLLBACK] no safe checkpoint yet; returned to x=0
12:59:46 INFO  [Main] [Imix]: [ImixAI][SEARCH] phase=LEARNED FAILURE -> SEARCHING ALTERNATIVE x=0.0 y=105.0 plan=743 candidate=LATE failures=744 budget=6 checkpoint=0.0
12:59:46 WARN  [Main] [Imix]: [ImixAI][FAIL] x=1.3 y=105.0 same-region=true -> candidate=CENTER plan=744 errors=745/6
12:59:46 INFO  [Main] [Imix]: [ImixAI][ROLLBACK] no safe checkpoint yet; returned to x=0
12:59:46 INFO  [Main] [Imix]: [ImixAI][SEARCH] phase=LEARNED FAILURE -> SEARCHING ALTERNATIVE x=0.0 y=105.0 plan=744 candidate=CENTER failures=745 budget=6 checkpoint=0.0
12:59:46 WARN  [Main] [Imix]: [ImixAI][FAIL] x=1.3 y=105.0 same-region=true -> candidate=EARLY plan=745 errors=746/6
12:59:46 INFO  [Main] [Imix]: [ImixAI][ROLLBACK] no safe checkpoint yet; returned to x=0
12:59:46 INFO  [Main] [Imix]: [ImixAI][SEARCH] phase=LEARNED FAILURE -> SEARCHING ALTERNATIVE x=0.0 y=105.0 plan=745 candidate=EARLY failures=746 budget=6 checkpoint=0.0
12:59:46 WARN  [Main] [Imix]: [ImixAI][FAIL] x=1.3 y=105.0 same-region=true -> candidate=LATE plan=746 errors=747/6
12:59:46 INFO  [Main] [Imix]: [ImixAI][ROLLBACK] no safe checkpoint yet; returned to x=0
12:59:46 INFO  [Main] [Imix]: [ImixAI][SEARCH] phase=LEARNED FAILURE -> SEARCHING ALTERNATIVE x=0.0 y=105.0 plan=746 candidate=LATE failures=747 budget=6 checkpoint=0.0
12:59:46 WARN  [Main] [Imix]: [ImixAI][FAIL] x=1.3 y=105.0 same-region=true -> candidate=CENTER plan=747 errors=748/6
12:59:46 INFO  [Main] [Imix]: [ImixAI][ROLLBACK] no safe checkpoint yet; returned to x=0
12:59:46 INFO  [Main] [Imix]: [ImixAI][SEARCH] phase=LEARNED FAILURE -> SEARCHING ALTERNATIVE x=0.0 y=105.0 plan=747 candidate=CENTER failures=748 budget=6 checkpoint=0.0
12:59:46 WARN  [Main] [Imix]: [ImixAI][FAIL] x=1.3 y=105.0 same-region=true -> candidate=EARLY plan=748 errors=749/6
12:59:46 INFO  [Main] [Imix]: [ImixAI][ROLLBACK] no safe checkpoint yet; returned to x=0
12:59:46 INFO  [Main] [Imix]: [ImixAI][SEARCH] phase=LEARNED FAILURE -> SEARCHING ALTERNATIVE x=0.0 y=105.0 plan=748 candidate=EARLY failures=749 budget=6 checkpoint=0.0
12:59:46 WARN  [Main] [Imix]: [ImixAI][FAIL] x=1.3 y=105.0 same-region=true -> candidate=LATE plan=749 errors=750/6
12:59:46 INFO  [Main] [Imix]: [ImixAI][ROLLBACK] no safe checkpoint yet; returned to x=0
12:59:46 INFO  [Main] [Imix]: [ImixAI][SEARCH] phase=LEARNED FAILURE -> SEARCHING ALTERNATIVE x=0.0 y=105.0 plan=749 candidate=LATE failures=750 budget=6 checkpoint=0.0
12:59:46 WARN  [Main] [Imix]: [ImixAI][FAIL] x=1.3 y=105.0 same-region=true -> candidate=CENTER plan=750 errors=751/6
12:59:46 INFO  [Main] [Imix]: [ImixAI][ROLLBACK] no safe checkpoint yet; returned to x=0
12:59:46 INFO  [Main] [Imix]: [ImixAI][SEARCH] phase=LEARNED FAILURE -> SEARCHING ALTERNATIVE x=0.0 y=105.0 plan=750 candidate=CENTER failures=751 budget=6 checkpoint=0.0
12:59:46 WARN  [Main] [Imix]: [ImixAI][FAIL] x=1.3 y=105.0 same-region=true -> candidate=EARLY plan=751 errors=752/6
12:59:46 INFO  [Main] [Imix]: [ImixAI][ROLLBACK] no safe checkpoint yet; returned to x=0
12:59:46 INFO  [Main] [Imix]: [ImixAI][SEARCH] phase=LEARNED FAILURE -> SEARCHING ALTERNATIVE x=0.0 y=105.0 plan=751 candidate=EARLY failures=752 budget=6 checkpoint=0.0
12:59:46 WARN  [Main] [Imix]: [ImixAI][FAIL] x=1.3 y=105.0 same-region=true -> candidate=LATE plan=752 errors=753/6
12:59:46 INFO  [Main] [Imix]: [ImixAI][ROLLBACK] no safe checkpoint yet; returned to x=0
12:59:46 INFO  [Main] [Imix]: [ImixAI][SEARCH] phase=LEARNED FAILURE -> SEARCHING ALTERNATIVE x=0.0 y=105.0 plan=752 candidate=LATE failures=753 budget=6 checkpoint=0.0
12:59:46 WARN  [Main] [Imix]: [ImixAI][FAIL] x=1.3 y=105.0 same-region=true -> candidate=CENTER plan=753 errors=754/6
12:59:46 INFO  [Main] [Imix]: [ImixAI][ROLLBACK] no safe checkpoint yet; returned to x=0
12:59:46 INFO  [Main] [Imix]: [ImixAI][SEARCH] phase=LEARNED FAILURE -> SEARCHING ALTERNATIVE x=0.0 y=105.0 plan=753 candidate=CENTER failures=754 budget=6 checkpoint=0.0
12:59:46 WARN  [Main] [Imix]: [ImixAI][FAIL] x=1.3 y=105.0 same-region=true -> candidate=EARLY plan=754 errors=755/6
12:59:46 INFO  [Main] [Imix]: [ImixAI][ROLLBACK] no safe checkpoint yet; returned to x=0
12:59:46 INFO  [Main] [Imix]: [ImixAI][SEARCH] phase=LEARNED FAILURE -> SEARCHING ALTERNATIVE x=0.0 y=105.0 plan=754 candidate=EARLY failures=755 budget=6 checkpoint=0.0
12:59:46 WARN  [Main] [Imix]: [ImixAI][FAIL] x=1.3 y=105.0 same-region=true -> candidate=LATE plan=755 errors=756/6
12:59:46 INFO  [Main] [Imix]: [ImixAI][ROLLBACK] no safe checkpoint yet; returned to x=0
12:59:46 INFO  [Main] [Imix]: [ImixAI][SEARCH] phase=LEARNED FAILURE -> SEARCHING ALTERNATIVE x=0.0 y=105.0 plan=755 candidate=LATE failures=756 budget=6 checkpoint=0.0
12:59:46 WARN  [Main] [Imix]: [ImixAI][FAIL] x=1.3 y=105.0 same-region=true -> candidate=CENTER plan=756 errors=757/6
12:59:46 INFO  [Main] [Imix]: [ImixAI][ROLLBACK] no safe checkpoint yet; returned to x=0
12:59:46 INFO  [Main] [Imix]: [ImixAI][SEARCH] phase=LEARNED FAILURE -> SEARCHING ALTERNATIVE x=0.0 y=105.0 plan=756 candidate=CENTER failures=757 budget=6 checkpoint=0.0
12:59:46 WARN  [Main] [Imix]: [ImixAI][FAIL] x=1.3 y=105.0 same-region=true -> candidate=EARLY plan=757 errors=758/6
12:59:46 INFO  [Main] [Imix]: [ImixAI][ROLLBACK] no safe checkpoint yet; returned to x=0
12:59:46 INFO  [Main] [Imix]: [ImixAI][SEARCH] phase=LEARNED FAILURE -> SEARCHING ALTERNATIVE x=0.0 y=105.0 plan=757 candidate=EARLY failures=758 budget=6 checkpoint=0.0
12:59:46 WARN  [Main] [Imix]: [ImixAI][FAIL] x=1.3 y=105.0 same-region=true -> candidate=LATE plan=758 errors=759/6
12:59:46 INFO  [Main] [Imix]: [ImixAI][ROLLBACK] no safe checkpoint yet; returned to x=0
12:59:46 INFO  [Main] [Imix]: [ImixAI][SEARCH] phase=LEARNED FAILURE -> SEARCHING ALTERNATIVE x=0.0 y=105.0 plan=758 candidate=LATE failures=759 budget=6 checkpoint=0.0
12:59:46 WARN  [Main] [Imix]: [ImixAI][FAIL] x=1.3 y=105.0 same-region=true -> candidate=CENTER plan=759 errors=760/6
12:59:46 INFO  [Main] [Imix]: [ImixAI][ROLLBACK] no safe checkpoint yet; returned to x=0
12:59:46 INFO  [Main] [Imix]: [ImixAI][SEARCH] phase=LEARNED FAILURE -> SEARCHING ALTERNATIVE x=0.0 y=105.0 plan=759 candidate=CENTER failures=760 budget=6 checkpoint=0.0
12:59:46 WARN  [Main] [Imix]: [ImixAI][FAIL] x=1.3 y=105.0 same-region=true -> candidate=EARLY plan=760 errors=761/6
12:59:46 INFO  [Main] [Imix]: [ImixAI][ROLLBACK] no safe checkpoint yet; returned to x=0
12:59:46 INFO  [Main] [Imix]: [ImixAI][SEARCH] phase=LEARNED FAILURE -> SEARCHING ALTERNATIVE x=0.0 y=105.0 plan=760 candidate=EARLY failures=761 budget=6 checkpoint=0.0
12:59:46 WARN  [Main] [Imix]: [ImixAI][FAIL] x=1.3 y=105.0 same-region=true -> candidate=LATE plan=761 errors=762/6
12:59:46 INFO  [Main] [Imix]: [ImixAI][ROLLBACK] no safe checkpoint yet; returned to x=0
12:59:46 INFO  [Main] [Imix]: [ImixAI][SEARCH] phase=LEARNED FAILURE -> SEARCHING ALTERNATIVE x=0.0 y=105.0 plan=761 candidate=LATE failures=762 budget=6 checkpoint=0.0
12:59:46 WARN  [Main] [Imix]: [ImixAI][FAIL] x=1.3 y=105.0 same-region=true -> candidate=CENTER plan=762 errors=763/6
12:59:46 INFO  [Main] [Imix]: [ImixAI][ROLLBACK] no safe checkpoint yet; returned to x=0
12:59:46 INFO  [Main] [Imix]: [ImixAI][SEARCH] phase=LEARNED FAILURE -> SEARCHING ALTERNATIVE x=0.0 y=105.0 plan=762 candidate=CENTER failures=763 budget=6 checkpoint=0.0
12:59:46 WARN  [Main] [Imix]: [ImixAI][FAIL] x=1.3 y=105.0 same-region=true -> candidate=EARLY plan=763 errors=764/6
12:59:46 INFO  [Main] [Imix]: [ImixAI][ROLLBACK] no safe checkpoint yet; returned to x=0
12:59:46 INFO  [Main] [Imix]: [ImixAI][SEARCH] phase=LEARNED FAILURE -> SEARCHING ALTERNATIVE x=0.0 y=105.0 plan=763 candidate=EARLY failures=764 budget=6 checkpoint=0.0
12:59:46 WARN  [Main] [Imix]: [ImixAI][FAIL] x=1.3 y=105.0 same-region=true -> candidate=LATE plan=764 errors=765/6
12:59:46 INFO  [Main] [Imix]: [ImixAI][ROLLBACK] no safe checkpoint yet; returned to x=0
12:59:46 INFO  [Main] [Imix]: [ImixAI][SEARCH] phase=LEARNED FAILURE -> SEARCHING ALTERNATIVE x=0.0 y=105.0 plan=764 candidate=LATE failures=765 budget=6 checkpoint=0.0
12:59:46 WARN  [Main] [Imix]: [ImixAI][FAIL] x=1.3 y=105.0 same-region=true -> candidate=CENTER plan=765 errors=766/6
12:59:46 INFO  [Main] [Imix]: [ImixAI][ROLLBACK] no safe checkpoint yet; returned to x=0
12:59:46 INFO  [Main] [Imix]: [ImixAI][SEARCH] phase=LEARNED FAILURE -> SEARCHING ALTERNATIVE x=0.0 y=105.0 plan=765 candidate=CENTER failures=766 budget=6 checkpoint=0.0
12:59:46 WARN  [Main] [Imix]: [ImixAI][FAIL] x=1.3 y=105.0 same-region=true -> candidate=EARLY plan=766 errors=767/6
12:59:46 INFO  [Main] [Imix]: [ImixAI][ROLLBACK] no safe checkpoint yet; returned to x=0
12:59:46 INFO  [Main] [Imix]: [ImixAI][SEARCH] phase=LEARNED FAILURE -> SEARCHING ALTERNATIVE x=0.0 y=105.0 plan=766 candidate=EARLY failures=767 budget=6 checkpoint=0.0
12:59:46 WARN  [Main] [Imix]: [ImixAI][FAIL] x=1.3 y=105.0 same-region=true -> candidate=LATE plan=767 errors=768/6
12:59:46 INFO  [Main] [Imix]: [ImixAI][ROLLBACK] no safe checkpoint yet; returned to x=0
12:59:46 INFO  [Main] [Imix]: [ImixAI][SEARCH] phase=LEARNED FAILURE -> SEARCHING ALTERNATIVE x=0.0 y=105.0 plan=767 candidate=LATE failures=768 budget=6 checkpoint=0.0
12:59:46 WARN  [Main] [Imix]: [ImixAI][FAIL] x=1.3 y=105.0 same-region=true -> candidate=CENTER plan=768 errors=769/6
12:59:46 INFO  [Main] [Imix]: [ImixAI][ROLLBACK] no safe checkpoint yet; returned to x=0
12:59:46 INFO  [Main] [Imix]: [ImixAI][SEARCH] phase=LEARNED FAILURE -> SEARCHING ALTERNATIVE x=0.0 y=105.0 plan=768 candidate=CENTER failures=769 budget=6 checkpoint=0.0
12:59:46 WARN  [Main] [Imix]: [ImixAI][FAIL] x=1.3 y=105.0 same-region=true -> candidate=EARLY plan=769 errors=770/6
12:59:46 INFO  [Main] [Imix]: [ImixAI][ROLLBACK] no safe checkpoint yet; returned to x=0
12:59:46 INFO  [Main] [Imix]: [ImixAI][SEARCH] phase=LEARNED FAILURE -> SEARCHING ALTERNATIVE x=0.0 y=105.0 plan=769 candidate=EARLY failures=770 budget=6 checkpoint=0.0
12:59:46 WARN  [Main] [Imix]: [ImixAI][FAIL] x=1.3 y=105.0 same-region=true -> candidate=LATE plan=770 errors=771/6
12:59:46 INFO  [Main] [Imix]: [ImixAI][ROLLBACK] no safe checkpoint yet; returned to x=0
12:59:46 INFO  [Main] [Imix]: [ImixAI][SEARCH] phase=LEARNED FAILURE -> SEARCHING ALTERNATIVE x=0.0 y=105.0 plan=770 candidate=LATE failures=771 budget=6 checkpoint=0.0
12:59:46 WARN  [Main] [Imix]: [ImixAI][FAIL] x=1.3 y=105.0 same-region=true -> candidate=CENTER plan=771 errors=772/6
12:59:46 INFO  [Main] [Imix]: [ImixAI][ROLLBACK] no safe checkpoint yet; returned to x=0
12:59:46 INFO  [Main] [Imix]: [ImixAI][SEARCH] phase=LEARNED FAILURE -> SEARCHING ALTERNATIVE x=0.0 y=105.0 plan=771 candidate=CENTER failures=772 budget=6 checkpoint=0.0
12:59:46 WARN  [Main] [Imix]: [ImixAI][FAIL] x=1.3 y=105.0 same-region=true -> candidate=EARLY plan=772 errors=773/6
12:59:46 INFO  [Main] [Imix]: [ImixAI][ROLLBACK] no safe checkpoint yet; returned to x=0
12:59:46 INFO  [Main] [Imix]: [ImixAI][SEARCH] phase=LEARNED FAILURE -> SEARCHING ALTERNATIVE x=0.0 y=105.0 plan=772 candidate=EARLY failures=773 budget=6 checkpoint=0.0
12:59:46 WARN  [Main] [Imix]: [ImixAI][FAIL] x=1.3 y=105.0 same-region=true -> candidate=LATE plan=773 errors=774/6
12:59:46 INFO  [Main] [Imix]: [ImixAI][ROLLBACK] no safe checkpoint yet; returned to x=0
12:59:46 INFO  [Main] [Imix]: [ImixAI][SEARCH] phase=LEARNED FAILURE -> SEARCHING ALTERNATIVE x=0.0 y=105.0 plan=773 candidate=LATE failures=774 budget=6 checkpoint=0.0
12:59:46 WARN  [Main] [Imix]: [ImixAI][FAIL] x=1.3 y=105.0 same-region=true -> candidate=CENTER plan=774 errors=775/6
12:59:46 INFO  [Main] [Imix]: [ImixAI][ROLLBACK] no safe checkpoint yet; returned to x=0
12:59:46 INFO  [Main] [Imix]: [ImixAI][SEARCH] phase=LEARNED FAILURE -> SEARCHING ALTERNATIVE x=0.0 y=105.0 plan=774 candidate=CENTER failures=775 budget=6 checkpoint=0.0
12:59:46 WARN  [Main] [Imix]: [ImixAI][FAIL] x=1.3 y=105.0 same-region=true -> candidate=EARLY plan=775 errors=776/6
12:59:46 INFO  [Main] [Imix]: [ImixAI][ROLLBACK] no safe checkpoint yet; returned to x=0
12:59:46 INFO  [Main] [Imix]: [ImixAI][SEARCH] phase=LEARNED FAILURE -> SEARCHING ALTERNATIVE x=0.0 y=105.0 plan=775 candidate=EARLY failures=776 budget=6 checkpoint=0.0
12:59:46 WARN  [Main] [Imix]: [ImixAI][FAIL] x=1.3 y=105.0 same-region=true -> candidate=LATE plan=776 errors=777/6
12:59:46 INFO  [Main] [Imix]: [ImixAI][ROLLBACK] no safe checkpoint yet; returned to x=0
12:59:46 INFO  [Main] [Imix]: [ImixAI][SEARCH] phase=LEARNED FAILURE -> SEARCHING ALTERNATIVE x=0.0 y=105.0 plan=776 candidate=LATE failures=777 budget=6 checkpoint=0.0
12:59:46 WARN  [Main] [Imix]: [ImixAI][FAIL] x=1.3 y=105.0 same-region=true -> candidate=CENTER plan=777 errors=778/6
12:59:46 INFO  [Main] [Imix]: [ImixAI][ROLLBACK] no safe checkpoint yet; returned to x=0
12:59:46 INFO  [Main] [Imix]: [ImixAI][SEARCH] phase=LEARNED FAILURE -> SEARCHING ALTERNATIVE x=0.0 y=105.0 plan=777 candidate=CENTER failures=778 budget=6 checkpoint=0.0
12:59:46 WARN  [Main] [Imix]: [ImixAI][FAIL] x=1.3 y=105.0 same-region=true -> candidate=EARLY plan=778 errors=779/6
12:59:46 INFO  [Main] [Imix]: [ImixAI][ROLLBACK] no safe checkpoint yet; returned to x=0
12:59:46 INFO  [Main] [Imix]: [ImixAI][SEARCH] phase=LEARNED FAILURE -> SEARCHING ALTERNATIVE x=0.0 y=105.0 plan=778 candidate=EARLY failures=779 budget=6 checkpoint=0.0
12:59:46 WARN  [Main] [Imix]: [ImixAI][FAIL] x=1.3 y=105.0 same-region=true -> candidate=LATE plan=779 errors=780/6
12:59:46 INFO  [Main] [Imix]: [ImixAI][ROLLBACK] no safe checkpoint yet; returned to x=0
12:59:46 INFO  [Main] [Imix]: [ImixAI][SEARCH] phase=LEARNED FAILURE -> SEARCHING ALTERNATIVE x=0.0 y=105.0 plan=779 candidate=LATE failures=780 budget=6 checkpoint=0.0
12:59:46 WARN  [Main] [Imix]: [ImixAI][FAIL] x=1.3 y=105.0 same-region=true -> candidate=CENTER plan=780 errors=781/6
12:59:46 INFO  [Main] [Imix]: [ImixAI][ROLLBACK] no safe checkpoint yet; returned to x=0
12:59:46 INFO  [Main] [Imix]: [ImixAI][SEARCH] phase=LEARNED FAILURE -> SEARCHING ALTERNATIVE x=0.0 y=105.0 plan=780 candidate=CENTER failures=781 budget=6 checkpoint=0.0
12:59:46 WARN  [Main] [Imix]: [ImixAI][FAIL] x=1.3 y=105.0 same-region=true -> candidate=EARLY plan=781 errors=782/6
12:59:46 INFO  [Main] [Imix]: [ImixAI][ROLLBACK] no safe checkpoint yet; returned to x=0
12:59:46 INFO  [Main] [Imix]: [ImixAI][SEARCH] phase=LEARNED FAILURE -> SEARCHING ALTERNATIVE x=0.0 y=105.0 plan=781 candidate=EARLY failures=782 budget=6 checkpoint=0.0
12:59:46 WARN  [Main] [Imix]: [ImixAI][FAIL] x=1.3 y=105.0 same-region=true -> candidate=LATE plan=782 errors=783/6
12:59:46 INFO  [Main] [Imix]: [ImixAI][ROLLBACK] no safe checkpoint yet; returned to x=0
12:59:46 INFO  [Main] [Imix]: [ImixAI][SEARCH] phase=LEARNED FAILURE -> SEARCHING ALTERNATIVE x=0.0 y=105.0 plan=782 candidate=LATE failures=783 budget=6 checkpoint=0.0
12:59:46 WARN  [Main] [Imix]: [ImixAI][FAIL] x=1.3 y=105.0 same-region=true -> candidate=CENTER plan=783 errors=784/6
12:59:46 INFO  [Main] [Imix]: [ImixAI][ROLLBACK] no safe checkpoint yet; returned to x=0
12:59:46 INFO  [Main] [Imix]: [ImixAI][SEARCH] phase=LEARNED FAILURE -> SEARCHING ALTERNATIVE x=0.0 y=105.0 plan=783 candidate=CENTER failures=784 budget=6 checkpoint=0.0
12:59:46 WARN  [Main] [Imix]: [ImixAI][FAIL] x=1.3 y=105.0 same-region=true -> candidate=EARLY plan=784 errors=785/6
12:59:46 INFO  [Main] [Imix]: [ImixAI][ROLLBACK] no safe checkpoint yet; returned to x=0
12:59:46 INFO  [Main] [Imix]: [ImixAI][SEARCH] phase=LEARNED FAILURE -> SEARCHING ALTERNATIVE x=0.0 y=105.0 plan=784 candidate=EARLY failures=785 budget=6 checkpoint=0.0
12:59:46 WARN  [Main] [Imix]: [ImixAI][FAIL] x=1.3 y=105.0 same-region=true -> candidate=LATE plan=785 errors=786/6
12:59:46 INFO  [Main] [Imix]: [ImixAI][ROLLBACK] no safe checkpoint yet; returned to x=0
12:59:46 INFO  [Main] [Imix]: [ImixAI][SEARCH] phase=LEARNED FAILURE -> SEARCHING ALTERNATIVE x=0.0 y=105.0 plan=785 candidate=LATE failures=786 budget=6 checkpoint=0.0
12:59:46 WARN  [Main] [Imix]: [ImixAI][FAIL] x=1.3 y=105.0 same-region=true -> candidate=CENTER plan=786 errors=787/6
12:59:46 INFO  [Main] [Imix]: [ImixAI][ROLLBACK] no safe checkpoint yet; returned to x=0
12:59:46 INFO  [Main] [Imix]: [ImixAI][SEARCH] phase=LEARNED FAILURE -> SEARCHING ALTERNATIVE x=0.0 y=105.0 plan=786 candidate=CENTER failures=787 budget=6 checkpoint=0.0
12:59:46 WARN  [Main] [Imix]: [ImixAI][FAIL] x=1.3 y=105.0 same-region=true -> candidate=EARLY plan=787 errors=788/6
12:59:46 INFO  [Main] [Imix]: [ImixAI][ROLLBACK] no safe checkpoint yet; returned to x=0
12:59:46 INFO  [Main] [Imix]: [ImixAI][SEARCH] phase=LEARNED FAILURE -> SEARCHING ALTERNATIVE x=0.0 y=105.0 plan=787 candidate=EARLY failures=788 budget=6 checkpoint=0.0
12:59:46 WARN  [Main] [Imix]: [ImixAI][FAIL] x=1.3 y=105.0 same-region=true -> candidate=LATE plan=788 errors=789/6
12:59:46 INFO  [Main] [Imix]: [ImixAI][ROLLBACK] no safe checkpoint yet; returned to x=0
12:59:46 INFO  [Main] [Imix]: [ImixAI][SEARCH] phase=LEARNED FAILURE -> SEARCHING ALTERNATIVE x=0.0 y=105.0 plan=788 candidate=LATE failures=789 budget=6 checkpoint=0.0
12:59:46 WARN  [Main] [Imix]: [ImixAI][FAIL] x=1.3 y=105.0 same-region=true -> candidate=CENTER plan=789 errors=790/6
12:59:46 INFO  [Main] [Imix]: [ImixAI][ROLLBACK] no safe checkpoint yet; returned to x=0
12:59:46 INFO  [Main] [Imix]: [ImixAI][SEARCH] phase=LEARNED FAILURE -> SEARCHING ALTERNATIVE x=0.0 y=105.0 plan=789 candidate=CENTER failures=790 budget=6 checkpoint=0.0
12:59:46 WARN  [Main] [Imix]: [ImixAI][FAIL] x=1.3 y=105.0 same-region=true -> candidate=EARLY plan=790 errors=791/6
12:59:46 INFO  [Main] [Imix]: [ImixAI][ROLLBACK] no safe checkpoint yet; returned to x=0
12:59:46 INFO  [Main] [Imix]: [ImixAI][SEARCH] phase=LEARNED FAILURE -> SEARCHING ALTERNATIVE x=0.0 y=105.0 plan=790 candidate=EARLY failures=791 budget=6 checkpoint=0.0
12:59:46 WARN  [Main] [Imix]: [ImixAI][FAIL] x=1.3 y=105.0 same-region=true -> candidate=LATE plan=791 errors=792/6
12:59:46 INFO  [Main] [Imix]: [ImixAI][ROLLBACK] no safe checkpoint yet; returned to x=0
12:59:46 INFO  [Main] [Imix]: [ImixAI][SEARCH] phase=LEARNED FAILURE -> SEARCHING ALTERNATIVE x=0.0 y=105.0 plan=791 candidate=LATE failures=792 budget=6 checkpoint=0.0
12:59:46 WARN  [Main] [Imix]: [ImixAI][FAIL] x=1.3 y=105.0 same-region=true -> candidate=CENTER plan=792 errors=793/6
12:59:46 INFO  [Main] [Imix]: [ImixAI][ROLLBACK] no safe checkpoint yet; returned to x=0
12:59:46 INFO  [Main] [Imix]: [ImixAI][SEARCH] phase=LEARNED FAILURE -> SEARCHING ALTERNATIVE x=0.0 y=105.0 plan=792 candidate=CENTER failures=793 budget=6 checkpoint=0.0
12:59:46 WARN  [Main] [Imix]: [ImixAI][FAIL] x=1.3 y=105.0 same-region=true -> candidate=EARLY plan=793 errors=794/6
12:59:46 INFO  [Main] [Imix]: [ImixAI][ROLLBACK] no safe checkpoint yet; returned to x=0
12:59:46 INFO  [Main] [Imix]: [ImixAI][SEARCH] phase=LEARNED FAILURE -> SEARCHING ALTERNATIVE x=0.0 y=105.0 plan=793 candidate=EARLY failures=794 budget=6 checkpoint=0.0
12:59:46 WARN  [Main] [Imix]: [ImixAI][FAIL] x=1.3 y=105.0 same-region=true -> candidate=LATE plan=794 errors=795/6
12:59:46 INFO  [Main] [Imix]: [ImixAI][ROLLBACK] no safe checkpoint yet; returned to x=0
12:59:46 INFO  [Main] [Imix]: [ImixAI][SEARCH] phase=LEARNED FAILURE -> SEARCHING ALTERNATIVE x=0.0 y=105.0 plan=794 candidate=LATE failures=795 budget=6 checkpoint=0.0
12:59:46 WARN  [Main] [Imix]: [ImixAI][FAIL] x=1.3 y=105.0 same-region=true -> candidate=CENTER plan=795 errors=796/6
12:59:46 INFO  [Main] [Imix]: [ImixAI][ROLLBACK] no safe checkpoint yet; returned to x=0
12:59:46 INFO  [Main] [Imix]: [ImixAI][SEARCH] phase=LEARNED FAILURE -> SEARCHING ALTERNATIVE x=0.0 y=105.0 plan=795 candidate=CENTER failures=796 budget=6 checkpoint=0.0
12:59:46 WARN  [Main] [Imix]: [ImixAI][FAIL] x=1.3 y=105.0 same-region=true -> candidate=EARLY plan=796 errors=797/6
12:59:46 INFO  [Main] [Imix]: [ImixAI][ROLLBACK] no safe checkpoint yet; returned to x=0
12:59:46 INFO  [Main] [Imix]: [ImixAI][SEARCH] phase=LEARNED FAILURE -> SEARCHING ALTERNATIVE x=0.0 y=105.0 plan=796 candidate=EARLY failures=797 budget=6 checkpoint=0.0
12:59:46 WARN  [Main] [Imix]: [ImixAI][FAIL] x=1.3 y=105.0 same-region=true -> candidate=LATE plan=797 errors=798/6
12:59:46 INFO  [Main] [Imix]: [ImixAI][ROLLBACK] no safe checkpoint yet; returned to x=0
12:59:46 INFO  [Main] [Imix]: [ImixAI][SEARCH] phase=LEARNED FAILURE -> SEARCHING ALTERNATIVE x=0.0 y=105.0 plan=797 candidate=LATE failures=798 budget=6 checkpoint=0.0
12:59:46 WARN  [Main] [Imix]: [ImixAI][FAIL] x=1.3 y=105.0 same-region=true -> candidate=CENTER plan=798 errors=799/6
12:59:46 INFO  [Main] [Imix]: [ImixAI][ROLLBACK] no safe checkpoint yet; returned to x=0
12:59:46 INFO  [Main] [Imix]: [ImixAI][SEARCH] phase=LEARNED FAILURE -> SEARCHING ALTERNATIVE x=0.0 y=105.0 plan=798 candidate=CENTER failures=799 budget=6 checkpoint=0.0
12:59:46 WARN  [Main] [Imix]: [ImixAI][FAIL] x=1.3 y=105.0 same-region=true -> candidate=EARLY plan=799 errors=800/6
12:59:46 INFO  [Main] [Imix]: [ImixAI][ROLLBACK] no safe checkpoint yet; returned to x=0
12:59:46 INFO  [Main] [Imix]: [ImixAI][SEARCH] phase=LEARNED FAILURE -> SEARCHING ALTERNATIVE x=0.0 y=105.0 plan=799 candidate=EARLY failures=800 budget=6 checkpoint=0.0
12:59:46 WARN  [Main] [Imix]: [ImixAI][FAIL] x=1.3 y=105.0 same-region=true -> candidate=LATE plan=800 errors=801/6
12:59:46 INFO  [Main] [Imix]: [ImixAI][ROLLBACK] no safe checkpoint yet; returned to x=0
12:59:46 INFO  [Main] [Imix]: [ImixAI][SEARCH] phase=LEARNED FAILURE -> SEARCHING ALTERNATIVE x=0.0 y=105.0 plan=800 candidate=LATE failures=801 budget=6 checkpoint=0.0
12:59:46 WARN  [Main] [Imix]: [ImixAI][FAIL] x=1.3 y=105.0 same-region=true -> candidate=CENTER plan=801 errors=802/6
12:59:46 INFO  [Main] [Imix]: [ImixAI][ROLLBACK] no safe checkpoint yet; returned to x=0
12:59:46 INFO  [Main] [Imix]: [ImixAI][SEARCH] phase=LEARNED FAILURE -> SEARCHING ALTERNATIVE x=0.0 y=105.0 plan=801 candidate=CENTER failures=802 budget=6 checkpoint=0.0
12:59:46 WARN  [Main] [Imix]: [ImixAI][FAIL] x=1.3 y=105.0 same-region=true -> candidate=EARLY plan=802 errors=803/6
12:59:46 INFO  [Main] [Imix]: [ImixAI][ROLLBACK] no safe checkpoint yet; returned to x=0
12:59:46 INFO  [Main] [Imix]: [ImixAI][SEARCH] phase=LEARNED FAILURE -> SEARCHING ALTERNATIVE x=0.0 y=105.0 plan=802 candidate=EARLY failures=803 budget=6 checkpoint=0.0
12:59:46 WARN  [Main] [Imix]: [ImixAI][FAIL] x=1.3 y=105.0 same-region=true -> candidate=LATE plan=803 errors=804/6
12:59:46 INFO  [Main] [Imix]: [ImixAI][ROLLBACK] no safe checkpoint yet; returned to x=0
12:59:46 INFO  [Main] [Imix]: [ImixAI][SEARCH] phase=LEARNED FAILURE -> SEARCHING ALTERNATIVE x=0.0 y=105.0 plan=803 candidate=LATE failures=804 budget=6 checkpoint=0.0
12:59:46 WARN  [Main] [Imix]: [ImixAI][FAIL] x=1.3 y=105.0 same-region=true -> candidate=CENTER plan=804 errors=805/6
12:59:46 INFO  [Main] [Imix]: [ImixAI][ROLLBACK] no safe checkpoint yet; returned to x=0
12:59:46 INFO  [Main] [Imix]: [ImixAI][SEARCH] phase=LEARNED FAILURE -> SEARCHING ALTERNATIVE x=0.0 y=105.0 plan=804 candidate=CENTER failures=805 budget=6 checkpoint=0.0
12:59:46 WARN  [Main] [Imix]: [ImixAI][FAIL] x=1.3 y=105.0 same-region=true -> candidate=EARLY plan=805 errors=806/6
12:59:46 INFO  [Main] [Imix]: [ImixAI][ROLLBACK] no safe checkpoint yet; returned to x=0
12:59:46 INFO  [Main] [Imix]: [ImixAI][SEARCH] phase=LEARNED FAILURE -> SEARCHING ALTERNATIVE x=0.0 y=105.0 plan=805 candidate=EARLY failures=806 budget=6 checkpoint=0.0
12:59:46 WARN  [Main] [Imix]: [ImixAI][FAIL] x=1.3 y=105.0 same-region=true -> candidate=LATE plan=806 errors=807/6
12:59:46 INFO  [Main] [Imix]: [ImixAI][ROLLBACK] no safe checkpoint yet; returned to x=0
12:59:46 INFO  [Main] [Imix]: [ImixAI][SEARCH] phase=LEARNED FAILURE -> SEARCHING ALTERNATIVE x=0.0 y=105.0 plan=806 candidate=LATE failures=807 budget=6 checkpoint=0.0
12:59:46 WARN  [Main] [Imix]: [ImixAI][FAIL] x=1.3 y=105.0 same-region=true -> candidate=CENTER plan=807 errors=808/6
12:59:46 INFO  [Main] [Imix]: [ImixAI][ROLLBACK] no safe checkpoint yet; returned to x=0
12:59:46 INFO  [Main] [Imix]: [ImixAI][SEARCH] phase=LEARNED FAILURE -> SEARCHING ALTERNATIVE x=0.0 y=105.0 plan=807 candidate=CENTER failures=808 budget=6 checkpoint=0.0
12:59:46 WARN  [Main] [Imix]: [ImixAI][FAIL] x=1.3 y=105.0 same-region=true -> candidate=EARLY plan=808 errors=809/6
12:59:46 INFO  [Main] [Imix]: [ImixAI][ROLLBACK] no safe checkpoint yet; returned to x=0
12:59:46 INFO  [Main] [Imix]: [ImixAI][SEARCH] phase=LEARNED FAILURE -> SEARCHING ALTERNATIVE x=0.0 y=105.0 plan=808 candidate=EARLY failures=809 budget=6 checkpoint=0.0
12:59:46 WARN  [Main] [Imix]: [ImixAI][FAIL] x=1.3 y=105.0 same-region=true -> candidate=LATE plan=809 errors=810/6
12:59:46 INFO  [Main] [Imix]: [ImixAI][ROLLBACK] no safe checkpoint yet; returned to x=0
12:59:46 INFO  [Main] [Imix]: [ImixAI][SEARCH] phase=LEARNED FAILURE -> SEARCHING ALTERNATIVE x=0.0 y=105.0 plan=809 candidate=LATE failures=810 budget=6 checkpoint=0.0
12:59:46 WARN  [Main] [Imix]: [ImixAI][FAIL] x=1.3 y=105.0 same-region=true -> candidate=CENTER plan=810 errors=811/6
12:59:46 INFO  [Main] [Imix]: [ImixAI][ROLLBACK] no safe checkpoint yet; returned to x=0
12:59:46 INFO  [Main] [Imix]: [ImixAI][SEARCH] phase=LEARNED FAILURE -> SEARCHING ALTERNATIVE x=0.0 y=105.0 plan=810 candidate=CENTER failures=811 budget=6 checkpoint=0.0
12:59:46 WARN  [Main] [Imix]: [ImixAI][FAIL] x=1.3 y=105.0 same-region=true -> candidate=EARLY plan=811 errors=812/6
12:59:46 INFO  [Main] [Imix]: [ImixAI][ROLLBACK] no safe checkpoint yet; returned to x=0
12:59:46 INFO  [Main] [Imix]: [ImixAI][SEARCH] phase=LEARNED FAILURE -> SEARCHING ALTERNATIVE x=0.0 y=105.0 plan=811 candidate=EARLY failures=812 budget=6 checkpoint=0.0
12:59:46 WARN  [Main] [Imix]: [ImixAI][FAIL] x=1.3 y=105.0 same-region=true -> candidate=LATE plan=812 errors=813/6
12:59:46 INFO  [Main] [Imix]: [ImixAI][ROLLBACK] no safe checkpoint yet; returned to x=0
12:59:46 INFO  [Main] [Imix]: [ImixAI][SEARCH] phase=LEARNED FAILURE -> SEARCHING ALTERNATIVE x=0.0 y=105.0 plan=812 candidate=LATE failures=813 budget=6 checkpoint=0.0
12:59:46 WARN  [Main] [Imix]: [ImixAI][FAIL] x=1.3 y=105.0 same-region=true -> candidate=CENTER plan=813 errors=814/6
12:59:46 INFO  [Main] [Imix]: [ImixAI][ROLLBACK] no safe checkpoint yet; returned to x=0
12:59:46 INFO  [Main] [Imix]: [ImixAI][SEARCH] phase=LEARNED FAILURE -> SEARCHING ALTERNATIVE x=0.0 y=105.0 plan=813 candidate=CENTER failures=814 budget=6 checkpoint=0.0
12:59:46 WARN  [Main] [Imix]: [ImixAI][FAIL] x=1.3 y=105.0 same-region=true -> candidate=EARLY plan=814 errors=815/6
12:59:46 INFO  [Main] [Imix]: [ImixAI][ROLLBACK] no safe checkpoint yet; returned to x=0
12:59:46 INFO  [Main] [Imix]: [ImixAI][SEARCH] phase=LEARNED FAILURE -> SEARCHING ALTERNATIVE x=0.0 y=105.0 plan=814 candidate=EARLY failures=815 budget=6 checkpoint=0.0
12:59:46 WARN  [Main] [Imix]: [ImixAI][FAIL] x=1.3 y=105.0 same-region=true -> candidate=LATE plan=815 errors=816/6
12:59:46 INFO  [Main] [Imix]: [ImixAI][ROLLBACK] no safe checkpoint yet; returned to x=0
12:59:46 INFO  [Main] [Imix]: [ImixAI][SEARCH] phase=LEARNED FAILURE -> SEARCHING ALTERNATIVE x=0.0 y=105.0 plan=815 candidate=LATE failures=816 budget=6 checkpoint=0.0
12:59:46 WARN  [Main] [Imix]: [ImixAI][FAIL] x=1.3 y=105.0 same-region=true -> candidate=CENTER plan=816 errors=817/6
12:59:46 INFO  [Main] [Imix]: [ImixAI][ROLLBACK] no safe checkpoint yet; returned to x=0
12:59:46 INFO  [Main] [Imix]: [ImixAI][SEARCH] phase=LEARNED FAILURE -> SEARCHING ALTERNATIVE x=0.0 y=105.0 plan=816 candidate=CENTER failures=817 budget=6 checkpoint=0.0
12:59:46 WARN  [Main] [Imix]: [ImixAI][FAIL] x=1.3 y=105.0 same-region=true -> candidate=EARLY plan=817 errors=818/6
12:59:46 INFO  [Main] [Imix]: [ImixAI][ROLLBACK] no safe checkpoint yet; returned to x=0
12:59:46 INFO  [Main] [Imix]: [ImixAI][SEARCH] phase=LEARNED FAILURE -> SEARCHING ALTERNATIVE x=0.0 y=105.0 plan=817 candidate=EARLY failures=818 budget=6 checkpoint=0.0
12:59:46 WARN  [Main] [Imix]: [ImixAI][FAIL] x=1.3 y=105.0 same-region=true -> candidate=LATE plan=818 errors=819/6
12:59:46 INFO  [Main] [Imix]: [ImixAI][ROLLBACK] no safe checkpoint yet; returned to x=0
12:59:46 INFO  [Main] [Imix]: [ImixAI][SEARCH] phase=LEARNED FAILURE -> SEARCHING ALTERNATIVE x=0.0 y=105.0 plan=818 candidate=LATE failures=819 budget=6 checkpoint=0.0
12:59:46 WARN  [Main] [Imix]: [ImixAI][FAIL] x=1.3 y=105.0 same-region=true -> candidate=CENTER plan=819 errors=820/6
12:59:46 INFO  [Main] [Imix]: [ImixAI][ROLLBACK] no safe checkpoint yet; returned to x=0
12:59:46 INFO  [Main] [Imix]: [ImixAI][SEARCH] phase=LEARNED FAILURE -> SEARCHING ALTERNATIVE x=0.0 y=105.0 plan=819 candidate=CENTER failures=820 budget=6 checkpoint=0.0
12:59:46 WARN  [Main] [Imix]: [ImixAI][FAIL] x=1.3 y=105.0 same-region=true -> candidate=EARLY plan=820 errors=821/6
12:59:46 INFO  [Main] [Imix]: [ImixAI][ROLLBACK] no safe checkpoint yet; returned to x=0
12:59:46 INFO  [Main] [Imix]: [ImixAI][SEARCH] phase=LEARNED FAILURE -> SEARCHING ALTERNATIVE x=0.0 y=105.0 plan=820 candidate=EARLY failures=821 budget=6 checkpoint=0.0
12:59:46 WARN  [Main] [Imix]: [ImixAI][FAIL] x=1.3 y=105.0 same-region=true -> candidate=LATE plan=821 errors=822/6
12:59:46 INFO  [Main] [Imix]: [ImixAI][ROLLBACK] no safe checkpoint yet; returned to x=0
12:59:46 INFO  [Main] [Imix]: [ImixAI][SEARCH] phase=LEARNED FAILURE -> SEARCHING ALTERNATIVE x=0.0 y=105.0 plan=821 candidate=LATE failures=822 budget=6 checkpoint=0.0
12:59:46 WARN  [Main] [Imix]: [ImixAI][FAIL] x=1.3 y=105.0 same-region=true -> candidate=CENTER plan=822 errors=823/6
12:59:46 INFO  [Main] [Imix]: [ImixAI][ROLLBACK] no safe checkpoint yet; returned to x=0
12:59:46 INFO  [Main] [Imix]: [ImixAI][SEARCH] phase=LEARNED FAILURE -> SEARCHING ALTERNATIVE x=0.0 y=105.0 plan=822 candidate=CENTER failures=823 budget=6 checkpoint=0.0
12:59:46 WARN  [Main] [Imix]: [ImixAI][FAIL] x=1.3 y=105.0 same-region=true -> candidate=EARLY plan=823 errors=824/6
12:59:46 INFO  [Main] [Imix]: [ImixAI][ROLLBACK] no safe checkpoint yet; returned to x=0
12:59:46 INFO  [Main] [Imix]: [ImixAI][SEARCH] phase=LEARNED FAILURE -> SEARCHING ALTERNATIVE x=0.0 y=105.0 plan=823 candidate=EARLY failures=824 budget=6 checkpoint=0.0
12:59:46 WARN  [Main] [Imix]: [ImixAI][FAIL] x=1.3 y=105.0 same-region=true -> candidate=LATE plan=824 errors=825/6
12:59:46 INFO  [Main] [Imix]: [ImixAI][ROLLBACK] no safe checkpoint yet; returned to x=0
12:59:46 INFO  [Main] [Imix]: [ImixAI][SEARCH] phase=LEARNED FAILURE -> SEARCHING ALTERNATIVE x=0.0 y=105.0 plan=824 candidate=LATE failures=825 budget=6 checkpoint=0.0
12:59:46 WARN  [Main] [Imix]: [ImixAI][FAIL] x=1.3 y=105.0 same-region=true -> candidate=CENTER plan=825 errors=826/6
12:59:46 INFO  [Main] [Imix]: [ImixAI][ROLLBACK] no safe checkpoint yet; returned to x=0
12:59:46 INFO  [Main] [Imix]: [ImixAI][SEARCH] phase=LEARNED FAILURE -> SEARCHING ALTERNATIVE x=0.0 y=105.0 plan=825 candidate=CENTER failures=826 budget=6 checkpoint=0.0
12:59:46 WARN  [Main] [Imix]: [ImixAI][FAIL] x=1.3 y=105.0 same-region=true -> candidate=EARLY plan=826 errors=827/6
12:59:46 INFO  [Main] [Imix]: [ImixAI][ROLLBACK] no safe checkpoint yet; returned to x=0
12:59:46 INFO  [Main] [Imix]: [ImixAI][SEARCH] phase=LEARNED FAILURE -> SEARCHING ALTERNATIVE x=0.0 y=105.0 plan=826 candidate=EARLY failures=827 budget=6 checkpoint=0.0
12:59:46 WARN  [Main] [Imix]: [ImixAI][FAIL] x=1.3 y=105.0 same-region=true -> candidate=LATE plan=827 errors=828/6
12:59:46 INFO  [Main] [Imix]: [ImixAI][ROLLBACK] no safe checkpoint yet; returned to x=0
12:59:46 INFO  [Main] [Imix]: [ImixAI][SEARCH] phase=LEARNED FAILURE -> SEARCHING ALTERNATIVE x=0.0 y=105.0 plan=827 candidate=LATE failures=828 budget=6 checkpoint=0.0
12:59:46 WARN  [Main] [Imix]: [ImixAI][FAIL] x=1.3 y=105.0 same-region=true -> candidate=CENTER plan=828 errors=829/6
12:59:46 INFO  [Main] [Imix]: [ImixAI][ROLLBACK] no safe checkpoint yet; returned to x=0
12:59:46 INFO  [Main] [Imix]: [ImixAI][SEARCH] phase=LEARNED FAILURE -> SEARCHING ALTERNATIVE x=0.0 y=105.0 plan=828 candidate=CENTER failures=829 budget=6 checkpoint=0.0
12:59:46 WARN  [Main] [Imix]: [ImixAI][FAIL] x=1.3 y=105.0 same-region=true -> candidate=EARLY plan=829 errors=830/6
12:59:46 INFO  [Main] [Imix]: [ImixAI][ROLLBACK] no safe checkpoint yet; returned to x=0
12:59:46 INFO  [Main] [Imix]: [ImixAI][SEARCH] phase=LEARNED FAILURE -> SEARCHING ALTERNATIVE x=0.0 y=105.0 plan=829 candidate=EARLY failures=830 budget=6 checkpoint=0.0
12:59:46 WARN  [Main] [Imix]: [ImixAI][FAIL] x=1.3 y=105.0 same-region=true -> candidate=LATE plan=830 errors=831/6
12:59:46 INFO  [Main] [Imix]: [ImixAI][ROLLBACK] no safe checkpoint yet; returned to x=0
12:59:46 INFO  [Main] [Imix]: [ImixAI][SEARCH] phase=LEARNED FAILURE -> SEARCHING ALTERNATIVE x=0.0 y=105.0 plan=830 candidate=LATE failures=831 budget=6 checkpoint=0.0
12:59:46 WARN  [Main] [Imix]: [ImixAI][FAIL] x=1.3 y=105.0 same-region=true -> candidate=CENTER plan=831 errors=832/6
12:59:46 INFO  [Main] [Imix]: [ImixAI][ROLLBACK] no safe checkpoint yet; returned to x=0
12:59:46 INFO  [Main] [Imix]: [ImixAI][SEARCH] phase=LEARNED FAILURE -> SEARCHING ALTERNATIVE x=0.0 y=105.0 plan=831 candidate=CENTER failures=832 budget=6 checkpoint=0.0
12:59:46 WARN  [Main] [Imix]: [ImixAI][FAIL] x=1.3 y=105.0 same-region=true -> candidate=EARLY plan=832 errors=833/6
12:59:46 INFO  [Main] [Imix]: [ImixAI][ROLLBACK] no safe checkpoint yet; returned to x=0
12:59:46 INFO  [Main] [Imix]: [ImixAI][SEARCH] phase=LEARNED FAILURE -> SEARCHING ALTERNATIVE x=0.0 y=105.0 plan=832 candidate=EARLY failures=833 budget=6 checkpoint=0.0
12:59:46 WARN  [Main] [Imix]: [ImixAI][FAIL] x=1.3 y=105.0 same-region=true -> candidate=LATE plan=833 errors=834/6
12:59:46 INFO  [Main] [Imix]: [ImixAI][ROLLBACK] no safe checkpoint yet; returned to x=0
12:59:46 INFO  [Main] [Imix]: [ImixAI][SEARCH] phase=LEARNED FAILURE -> SEARCHING ALTERNATIVE x=0.0 y=105.0 plan=833 candidate=LATE failures=834 budget=6 checkpoint=0.0
12:59:46 WARN  [Main] [Imix]: [ImixAI][FAIL] x=1.3 y=105.0 same-region=true -> candidate=CENTER plan=834 errors=835/6
12:59:46 INFO  [Main] [Imix]: [ImixAI][ROLLBACK] no safe checkpoint yet; returned to x=0
12:59:46 INFO  [Main] [Imix]: [ImixAI][SEARCH] phase=LEARNED FAILURE -> SEARCHING ALTERNATIVE x=0.0 y=105.0 plan=834 candidate=CENTER failures=835 budget=6 checkpoint=0.0
12:59:46 WARN  [Main] [Imix]: [ImixAI][FAIL] x=1.3 y=105.0 same-region=true -> candidate=EARLY plan=835 errors=836/6
12:59:46 INFO  [Main] [Imix]: [ImixAI][ROLLBACK] no safe checkpoint yet; returned to x=0
12:59:46 INFO  [Main] [Imix]: [ImixAI][SEARCH] phase=LEARNED FAILURE -> SEARCHING ALTERNATIVE x=0.0 y=105.0 plan=835 candidate=EARLY failures=836 budget=6 checkpoint=0.0
12:59:46 WARN  [Main] [Imix]: [ImixAI][FAIL] x=1.3 y=105.0 same-region=true -> candidate=LATE plan=836 errors=837/6
12:59:46 INFO  [Main] [Imix]: [ImixAI][ROLLBACK] no safe checkpoint yet; returned to x=0
12:59:46 INFO  [Main] [Imix]: [ImixAI][SEARCH] phase=LEARNED FAILURE -> SEARCHING ALTERNATIVE x=0.0 y=105.0 plan=836 candidate=LATE failures=837 budget=6 checkpoint=0.0
12:59:46 WARN  [Main] [Imix]: [ImixAI][FAIL] x=1.3 y=105.0 same-region=true -> candidate=CENTER plan=837 errors=838/6
12:59:46 INFO  [Main] [Imix]: [ImixAI][ROLLBACK] no safe checkpoint yet; returned to x=0
12:59:46 INFO  [Main] [Imix]: [ImixAI][SEARCH] phase=LEARNED FAILURE -> SEARCHING ALTERNATIVE x=0.0 y=105.0 plan=837 candidate=CENTER failures=838 budget=6 checkpoint=0.0
12:59:46 WARN  [Main] [Imix]: [ImixAI][FAIL] x=1.3 y=105.0 same-region=true -> candidate=EARLY plan=838 errors=839/6
12:59:46 INFO  [Main] [Imix]: [ImixAI][ROLLBACK] no safe checkpoint yet; returned to x=0
12:59:46 INFO  [Main] [Imix]: [ImixAI][SEARCH] phase=LEARNED FAILURE -> SEARCHING ALTERNATIVE x=0.0 y=105.0 plan=838 candidate=EARLY failures=839 budget=6 checkpoint=0.0
12:59:46 WARN  [Main] [Imix]: [ImixAI][FAIL] x=1.3 y=105.0 same-region=true -> candidate=LATE plan=839 errors=840/6
12:59:46 INFO  [Main] [Imix]: [ImixAI][ROLLBACK] no safe checkpoint yet; returned to x=0
12:59:46 INFO  [Main] [Imix]: [ImixAI][SEARCH] phase=LEARNED FAILURE -> SEARCHING ALTERNATIVE x=0.0 y=105.0 plan=839 candidate=LATE failures=840 budget=6 checkpoint=0.0
12:59:46 WARN  [Main] [Imix]: [ImixAI][FAIL] x=1.3 y=105.0 same-region=true -> candidate=CENTER plan=840 errors=841/6
12:59:46 INFO  [Main] [Imix]: [ImixAI][ROLLBACK] no safe checkpoint yet; returned to x=0
12:59:46 INFO  [Main] [Imix]: [ImixAI][SEARCH] phase=LEARNED FAILURE -> SEARCHING ALTERNATIVE x=0.0 y=105.0 plan=840 candidate=CENTER failures=841 budget=6 checkpoint=0.0
12:59:46 WARN  [Main] [Imix]: [ImixAI][FAIL] x=1.3 y=105.0 same-region=true -> candidate=EARLY plan=841 errors=842/6
12:59:46 INFO  [Main] [Imix]: [ImixAI][ROLLBACK] no safe checkpoint yet; returned to x=0
12:59:46 INFO  [Main] [Imix]: [ImixAI][SEARCH] phase=LEARNED FAILURE -> SEARCHING ALTERNATIVE x=0.0 y=105.0 plan=841 candidate=EARLY failures=842 budget=6 checkpoint=0.0
12:59:46 WARN  [Main] [Imix]: [ImixAI][FAIL] x=1.3 y=105.0 same-region=true -> candidate=LATE plan=842 errors=843/6
12:59:46 INFO  [Main] [Imix]: [ImixAI][ROLLBACK] no safe checkpoint yet; returned to x=0
12:59:46 INFO  [Main] [Imix]: [ImixAI][SEARCH] phase=LEARNED FAILURE -> SEARCHING ALTERNATIVE x=0.0 y=105.0 plan=842 candidate=LATE failures=843 budget=6 checkpoint=0.0
12:59:46 WARN  [Main] [Imix]: [ImixAI][FAIL] x=1.3 y=105.0 same-region=true -> candidate=CENTER plan=843 errors=844/6
12:59:46 INFO  [Main] [Imix]: [ImixAI][ROLLBACK] no safe checkpoint yet; returned to x=0
12:59:46 INFO  [Main] [Imix]: [ImixAI][SEARCH] phase=LEARNED FAILURE -> SEARCHING ALTERNATIVE x=0.0 y=105.0 plan=843 candidate=CENTER failures=844 budget=6 checkpoint=0.0
12:59:46 WARN  [Main] [Imix]: [ImixAI][FAIL] x=1.3 y=105.0 same-region=true -> candidate=EARLY plan=844 errors=845/6
12:59:46 INFO  [Main] [Imix]: [ImixAI][ROLLBACK] no safe checkpoint yet; returned to x=0
12:59:46 INFO  [Main] [Imix]: [ImixAI][SEARCH] phase=LEARNED FAILURE -> SEARCHING ALTERNATIVE x=0.0 y=105.0 plan=844 candidate=EARLY failures=845 budget=6 checkpoint=0.0
12:59:46 WARN  [Main] [Imix]: [ImixAI][FAIL] x=1.3 y=105.0 same-region=true -> candidate=LATE plan=845 errors=846/6
12:59:46 INFO  [Main] [Imix]: [ImixAI][ROLLBACK] no safe checkpoint yet; returned to x=0
12:59:46 INFO  [Main] [Imix]: [ImixAI][SEARCH] phase=LEARNED FAILURE -> SEARCHING ALTERNATIVE x=0.0 y=105.0 plan=845 candidate=LATE failures=846 budget=6 checkpoint=0.0
12:59:46 WARN  [Main] [Imix]: [ImixAI][FAIL] x=1.3 y=105.0 same-region=true -> candidate=CENTER plan=846 errors=847/6
12:59:46 INFO  [Main] [Imix]: [ImixAI][ROLLBACK] no safe checkpoint yet; returned to x=0
12:59:46 INFO  [Main] [Imix]: [ImixAI][SEARCH] phase=LEARNED FAILURE -> SEARCHING ALTERNATIVE x=0.0 y=105.0 plan=846 candidate=CENTER failures=847 budget=6 checkpoint=0.0
12:59:46 WARN  [Main] [Imix]: [ImixAI][FAIL] x=1.3 y=105.0 same-region=true -> candidate=EARLY plan=847 errors=848/6
12:59:46 INFO  [Main] [Imix]: [ImixAI][ROLLBACK] no safe checkpoint yet; returned to x=0
12:59:46 INFO  [Main] [Imix]: [ImixAI][SEARCH] phase=LEARNED FAILURE -> SEARCHING ALTERNATIVE x=0.0 y=105.0 plan=847 candidate=EARLY failures=848 budget=6 checkpoint=0.0
12:59:46 WARN  [Main] [Imix]: [ImixAI][FAIL] x=1.3 y=105.0 same-region=true -> candidate=LATE plan=848 errors=849/6
12:59:46 INFO  [Main] [Imix]: [ImixAI][ROLLBACK] no safe checkpoint yet; returned to x=0
12:59:46 INFO  [Main] [Imix]: [ImixAI][SEARCH] phase=LEARNED FAILURE -> SEARCHING ALTERNATIVE x=0.0 y=105.0 plan=848 candidate=LATE failures=849 budget=6 checkpoint=0.0
12:59:46 WARN  [Main] [Imix]: [ImixAI][FAIL] x=1.3 y=105.0 same-region=true -> candidate=CENTER plan=849 errors=850/6
12:59:46 INFO  [Main] [Imix]: [ImixAI][ROLLBACK] no safe checkpoint yet; returned to x=0
12:59:46 INFO  [Main] [Imix]: [ImixAI][SEARCH] phase=LEARNED FAILURE -> SEARCHING ALTERNATIVE x=0.0 y=105.0 plan=849 candidate=CENTER failures=850 budget=6 checkpoint=0.0
12:59:46 WARN  [Main] [Imix]: [ImixAI][FAIL] x=1.3 y=105.0 same-region=true -> candidate=EARLY plan=850 errors=851/6
12:59:46 INFO  [Main] [Imix]: [ImixAI][ROLLBACK] no safe checkpoint yet; returned to x=0
12:59:46 INFO  [Main] [Imix]: [ImixAI][SEARCH] phase=LEARNED FAILURE -> SEARCHING ALTERNATIVE x=0.0 y=105.0 plan=850 candidate=EARLY failures=851 budget=6 checkpoint=0.0
12:59:46 WARN  [Main] [Imix]: [ImixAI][FAIL] x=1.3 y=105.0 same-region=true -> candidate=LATE plan=851 errors=852/6
12:59:46 INFO  [Main] [Imix]: [ImixAI][ROLLBACK] no safe checkpoint yet; returned to x=0
12:59:46 INFO  [Main] [Imix]: [ImixAI][SEARCH] phase=LEARNED FAILURE -> SEARCHING ALTERNATIVE x=0.0 y=105.0 plan=851 candidate=LATE failures=852 budget=6 checkpoint=0.0
12:59:46 WARN  [Main] [Imix]: [ImixAI][FAIL] x=1.3 y=105.0 same-region=true -> candidate=CENTER plan=852 errors=853/6
12:59:46 INFO  [Main] [Imix]: [ImixAI][ROLLBACK] no safe checkpoint yet; returned to x=0
12:59:46 INFO  [Main] [Imix]: [ImixAI][SEARCH] phase=LEARNED FAILURE -> SEARCHING ALTERNATIVE x=0.0 y=105.0 plan=852 candidate=CENTER failures=853 budget=6 checkpoint=0.0
12:59:46 WARN  [Main] [Imix]: [ImixAI][FAIL] x=1.3 y=105.0 same-region=true -> candidate=EARLY plan=853 errors=854/6
12:59:46 INFO  [Main] [Imix]: [ImixAI][ROLLBACK] no safe checkpoint yet; returned to x=0
12:59:46 INFO  [Main] [Imix]: [ImixAI][SEARCH] phase=LEARNED FAILURE -> SEARCHING ALTERNATIVE x=0.0 y=105.0 plan=853 candidate=EARLY failures=854 budget=6 checkpoint=0.0
12:59:46 WARN  [Main] [Imix]: [ImixAI][FAIL] x=1.3 y=105.0 same-region=true -> candidate=LATE plan=854 errors=855/6
12:59:46 INFO  [Main] [Imix]: [ImixAI][ROLLBACK] no safe checkpoint yet; returned to x=0
12:59:46 INFO  [Main] [Imix]: [ImixAI][SEARCH] phase=LEARNED FAILURE -> SEARCHING ALTERNATIVE x=0.0 y=105.0 plan=854 candidate=LATE failures=855 budget=6 checkpoint=0.0
12:59:46 WARN  [Main] [Imix]: [ImixAI][FAIL] x=1.3 y=105.0 same-region=true -> candidate=CENTER plan=855 errors=856/6
12:59:46 INFO  [Main] [Imix]: [ImixAI][ROLLBACK] no safe checkpoint yet; returned to x=0
12:59:46 INFO  [Main] [Imix]: [ImixAI][SEARCH] phase=LEARNED FAILURE -> SEARCHING ALTERNATIVE x=0.0 y=105.0 plan=855 candidate=CENTER failures=856 budget=6 checkpoint=0.0
12:59:46 WARN  [Main] [Imix]: [ImixAI][FAIL] x=1.3 y=105.0 same-region=true -> candidate=EARLY plan=856 errors=857/6
12:59:46 INFO  [Main] [Imix]: [ImixAI][ROLLBACK] no safe checkpoint yet; returned to x=0
12:59:46 INFO  [Main] [Imix]: [ImixAI][SEARCH] phase=LEARNED FAILURE -> SEARCHING ALTERNATIVE x=0.0 y=105.0 plan=856 candidate=EARLY failures=857 budget=6 checkpoint=0.0
12:59:46 WARN  [Main] [Imix]: [ImixAI][FAIL] x=1.3 y=105.0 same-region=true -> candidate=LATE plan=857 errors=858/6
12:59:46 INFO  [Main] [Imix]: [ImixAI][ROLLBACK] no safe checkpoint yet; returned to x=0
12:59:46 INFO  [Main] [Imix]: [ImixAI][SEARCH] phase=LEARNED FAILURE -> SEARCHING ALTERNATIVE x=0.0 y=105.0 plan=857 candidate=LATE failures=858 budget=6 checkpoint=0.0
12:59:46 WARN  [Main] [Imix]: [ImixAI][FAIL] x=1.3 y=105.0 same-region=true -> candidate=CENTER plan=858 errors=859/6
12:59:46 INFO  [Main] [Imix]: [ImixAI][ROLLBACK] no safe checkpoint yet; returned to x=0
12:59:46 INFO  [Main] [Imix]: [ImixAI][SEARCH] phase=LEARNED FAILURE -> SEARCHING ALTERNATIVE x=0.0 y=105.0 plan=858 candidate=CENTER failures=859 budget=6 checkpoint=0.0
12:59:46 WARN  [Main] [Imix]: [ImixAI][FAIL] x=1.3 y=105.0 same-region=true -> candidate=EARLY plan=859 errors=860/6
12:59:46 INFO  [Main] [Imix]: [ImixAI][ROLLBACK] no safe checkpoint yet; returned to x=0
12:59:46 INFO  [Main] [Imix]: [ImixAI][SEARCH] phase=LEARNED FAILURE -> SEARCHING ALTERNATIVE x=0.0 y=105.0 plan=859 candidate=EARLY failures=860 budget=6 checkpoint=0.0
12:59:46 WARN  [Main] [Imix]: [ImixAI][FAIL] x=1.3 y=105.0 same-region=true -> candidate=LATE plan=860 errors=861/6
12:59:46 INFO  [Main] [Imix]: [ImixAI][ROLLBACK] no safe checkpoint yet; returned to x=0
12:59:46 INFO  [Main] [Imix]: [ImixAI][SEARCH] phase=LEARNED FAILURE -> SEARCHING ALTERNATIVE x=0.0 y=105.0 plan=860 candidate=LATE failures=861 budget=6 checkpoint=0.0
12:59:46 WARN  [Main] [Imix]: [ImixAI][FAIL] x=1.3 y=105.0 same-region=true -> candidate=CENTER plan=861 errors=862/6
12:59:46 INFO  [Main] [Imix]: [ImixAI][ROLLBACK] no safe checkpoint yet; returned to x=0
12:59:46 INFO  [Main] [Imix]: [ImixAI][SEARCH] phase=LEARNED FAILURE -> SEARCHING ALTERNATIVE x=0.0 y=105.0 plan=861 candidate=CENTER failures=862 budget=6 checkpoint=0.0
12:59:46 WARN  [Main] [Imix]: [ImixAI][FAIL] x=1.3 y=105.0 same-region=true -> candidate=EARLY plan=862 errors=863/6
12:59:46 INFO  [Main] [Imix]: [ImixAI][ROLLBACK] no safe checkpoint yet; returned to x=0
12:59:46 INFO  [Main] [Imix]: [ImixAI][SEARCH] phase=LEARNED FAILURE -> SEARCHING ALTERNATIVE x=0.0 y=105.0 plan=862 candidate=EARLY failures=863 budget=6 checkpoint=0.0
12:59:46 WARN  [Main] [Imix]: [ImixAI][FAIL] x=1.3 y=105.0 same-region=true -> candidate=LATE plan=863 errors=864/6
12:59:46 INFO  [Main] [Imix]: [ImixAI][ROLLBACK] no safe checkpoint yet; returned to x=0
12:59:46 INFO  [Main] [Imix]: [ImixAI][SEARCH] phase=LEARNED FAILURE -> SEARCHING ALTERNATIVE x=0.0 y=105.0 plan=863 candidate=LATE failures=864 budget=6 checkpoint=0.0
12:59:46 WARN  [Main] [Imix]: [ImixAI][FAIL] x=1.3 y=105.0 same-region=true -> candidate=CENTER plan=864 errors=865/6
12:59:46 INFO  [Main] [Imix]: [ImixAI][ROLLBACK] no safe checkpoint yet; returned to x=0
12:59:46 INFO  [Main] [Imix]: [ImixAI][SEARCH] phase=LEARNED FAILURE -> SEARCHING ALTERNATIVE x=0.0 y=105.0 plan=864 candidate=CENTER failures=865 budget=6 checkpoint=0.0
12:59:46 WARN  [Main] [Imix]: [ImixAI][FAIL] x=1.3 y=105.0 same-region=true -> candidate=EARLY plan=865 errors=866/6
12:59:46 INFO  [Main] [Imix]: [ImixAI][ROLLBACK] no safe checkpoint yet; returned to x=0
12:59:46 INFO  [Main] [Imix]: [ImixAI][SEARCH] phase=LEARNED FAILURE -> SEARCHING ALTERNATIVE x=0.0 y=105.0 plan=865 candidate=EARLY failures=866 budget=6 checkpoint=0.0
12:59:46 WARN  [Main] [Imix]: [ImixAI][FAIL] x=1.3 y=105.0 same-region=true -> candidate=LATE plan=866 errors=867/6
12:59:46 INFO  [Main] [Imix]: [ImixAI][ROLLBACK] no safe checkpoint yet; returned to x=0
12:59:46 INFO  [Main] [Imix]: [ImixAI][SEARCH] phase=LEARNED FAILURE -> SEARCHING ALTERNATIVE x=0.0 y=105.0 plan=866 candidate=LATE failures=867 budget=6 checkpoint=0.0
12:59:46 WARN  [Main] [Imix]: [ImixAI][FAIL] x=1.3 y=105.0 same-region=true -> candidate=CENTER plan=867 errors=868/6
12:59:46 INFO  [Main] [Imix]: [ImixAI][ROLLBACK] no safe checkpoint yet; returned to x=0
12:59:46 INFO  [Main] [Imix]: [ImixAI][SEARCH] phase=LEARNED FAILURE -> SEARCHING ALTERNATIVE x=0.0 y=105.0 plan=867 candidate=CENTER failures=868 budget=6 checkpoint=0.0
12:59:46 WARN  [Main] [Imix]: [ImixAI][FAIL] x=1.3 y=105.0 same-region=true -> candidate=EARLY plan=868 errors=869/6
12:59:46 INFO  [Main] [Imix]: [ImixAI][ROLLBACK] no safe checkpoint yet; returned to x=0
12:59:46 INFO  [Main] [Imix]: [ImixAI][SEARCH] phase=LEARNED FAILURE -> SEARCHING ALTERNATIVE x=0.0 y=105.0 plan=868 candidate=EARLY failures=869 budget=6 checkpoint=0.0
12:59:46 WARN  [Main] [Imix]: [ImixAI][FAIL] x=1.3 y=105.0 same-region=true -> candidate=LATE plan=869 errors=870/6
12:59:46 INFO  [Main] [Imix]: [ImixAI][ROLLBACK] no safe checkpoint yet; returned to x=0
12:59:46 INFO  [Main] [Imix]: [ImixAI][SEARCH] phase=LEARNED FAILURE -> SEARCHING ALTERNATIVE x=0.0 y=105.0 plan=869 candidate=LATE failures=870 budget=6 checkpoint=0.0
12:59:46 WARN  [Main] [Imix]: [ImixAI][FAIL] x=1.3 y=105.0 same-region=true -> candidate=CENTER plan=870 errors=871/6
12:59:46 INFO  [Main] [Imix]: [ImixAI][ROLLBACK] no safe checkpoint yet; returned to x=0
12:59:46 INFO  [Main] [Imix]: [ImixAI][SEARCH] phase=LEARNED FAILURE -> SEARCHING ALTERNATIVE x=0.0 y=105.0 plan=870 candidate=CENTER failures=871 budget=6 checkpoint=0.0
12:59:46 WARN  [Main] [Imix]: [ImixAI][FAIL] x=1.3 y=105.0 same-region=true -> candidate=EARLY plan=871 errors=872/6
12:59:46 INFO  [Main] [Imix]: [ImixAI][ROLLBACK] no safe checkpoint yet; returned to x=0
12:59:46 INFO  [Main] [Imix]: [ImixAI][SEARCH] phase=LEARNED FAILURE -> SEARCHING ALTERNATIVE x=0.0 y=105.0 plan=871 candidate=EARLY failures=872 budget=6 checkpoint=0.0
12:59:46 WARN  [Main] [Imix]: [ImixAI][FAIL] x=1.3 y=105.0 same-region=true -> candidate=LATE plan=872 errors=873/6
12:59:46 INFO  [Main] [Imix]: [ImixAI][ROLLBACK] no safe checkpoint yet; returned to x=0
12:59:46 INFO  [Main] [Imix]: [ImixAI][SEARCH] phase=LEARNED FAILURE -> SEARCHING ALTERNATIVE x=0.0 y=105.0 plan=872 candidate=LATE failures=873 budget=6 checkpoint=0.0
12:59:46 WARN  [Main] [Imix]: [ImixAI][FAIL] x=1.3 y=105.0 same-region=true -> candidate=CENTER plan=873 errors=874/6
12:59:46 INFO  [Main] [Imix]: [ImixAI][ROLLBACK] no safe checkpoint yet; returned to x=0
12:59:46 INFO  [Main] [Imix]: [ImixAI][SEARCH] phase=LEARNED FAILURE -> SEARCHING ALTERNATIVE x=0.0 y=105.0 plan=873 candidate=CENTER failures=874 budget=6 checkpoint=0.0
12:59:46 WARN  [Main] [Imix]: [ImixAI][FAIL] x=1.3 y=105.0 same-region=true -> candidate=EARLY plan=874 errors=875/6
12:59:46 INFO  [Main] [Imix]: [ImixAI][ROLLBACK] no safe checkpoint yet; returned to x=0
12:59:46 INFO  [Main] [Imix]: [ImixAI][SEARCH] phase=LEARNED FAILURE -> SEARCHING ALTERNATIVE x=0.0 y=105.0 plan=874 candidate=EARLY failures=875 budget=6 checkpoint=0.0
12:59:46 WARN  [Main] [Imix]: [ImixAI][FAIL] x=1.3 y=105.0 same-region=true -> candidate=LATE plan=875 errors=876/6
12:59:46 INFO  [Main] [Imix]: [ImixAI][ROLLBACK] no safe checkpoint yet; returned to x=0
12:59:46 INFO  [Main] [Imix]: [ImixAI][SEARCH] phase=LEARNED FAILURE -> SEARCHING ALTERNATIVE x=0.0 y=105.0 plan=875 candidate=LATE failures=876 budget=6 checkpoint=0.0
12:59:46 WARN  [Main] [Imix]: [ImixAI][FAIL] x=1.3 y=105.0 same-region=true -> candidate=CENTER plan=876 errors=877/6
12:59:46 INFO  [Main] [Imix]: [ImixAI][ROLLBACK] no safe checkpoint yet; returned to x=0
12:59:46 INFO  [Main] [Imix]: [ImixAI][SEARCH] phase=LEARNED FAILURE -> SEARCHING ALTERNATIVE x=0.0 y=105.0 plan=876 candidate=CENTER failures=877 budget=6 checkpoint=0.0
12:59:46 WARN  [Main] [Imix]: [ImixAI][FAIL] x=1.3 y=105.0 same-region=true -> candidate=EARLY plan=877 errors=878/6
12:59:46 INFO  [Main] [Imix]: [ImixAI][ROLLBACK] no safe checkpoint yet; returned to x=0
12:59:46 INFO  [Main] [Imix]: [ImixAI][SEARCH] phase=LEARNED FAILURE -> SEARCHING ALTERNATIVE x=0.0 y=105.0 plan=877 candidate=EARLY failures=878 budget=6 checkpoint=0.0
12:59:46 WARN  [Main] [Imix]: [ImixAI][FAIL] x=1.3 y=105.0 same-region=true -> candidate=LATE plan=878 errors=879/6
12:59:46 INFO  [Main] [Imix]: [ImixAI][ROLLBACK] no safe checkpoint yet; returned to x=0
12:59:46 INFO  [Main] [Imix]: [ImixAI][SEARCH] phase=LEARNED FAILURE -> SEARCHING ALTERNATIVE x=0.0 y=105.0 plan=878 candidate=LATE failures=879 budget=6 checkpoint=0.0
12:59:46 WARN  [Main] [Imix]: [ImixAI][FAIL] x=1.3 y=105.0 same-region=true -> candidate=CENTER plan=879 errors=880/6
12:59:46 INFO  [Main] [Imix]: [ImixAI][ROLLBACK] no safe checkpoint yet; returned to x=0
12:59:46 INFO  [Main] [Imix]: [ImixAI][SEARCH] phase=LEARNED FAILURE -> SEARCHING ALTERNATIVE x=0.0 y=105.0 plan=879 candidate=CENTER failures=880 budget=6 checkpoint=0.0
12:59:46 WARN  [Main] [Imix]: [ImixAI][FAIL] x=1.3 y=105.0 same-region=true -> candidate=EARLY plan=880 errors=881/6
12:59:46 INFO  [Main] [Imix]: [ImixAI][ROLLBACK] no safe checkpoint yet; returned to x=0
12:59:46 INFO  [Main] [Imix]: [ImixAI][SEARCH] phase=LEARNED FAILURE -> SEARCHING ALTERNATIVE x=0.0 y=105.0 plan=880 candidate=EARLY failures=881 budget=6 checkpoint=0.0
12:59:46 WARN  [Main] [Imix]: [ImixAI][FAIL] x=1.3 y=105.0 same-region=true -> candidate=LATE plan=881 errors=882/6
12:59:46 INFO  [Main] [Imix]: [ImixAI][ROLLBACK] no safe checkpoint yet; returned to x=0
12:59:46 INFO  [Main] [Imix]: [ImixAI][SEARCH] phase=LEARNED FAILURE -> SEARCHING ALTERNATIVE x=0.0 y=105.0 plan=881 candidate=LATE failures=882 budget=6 checkpoint=0.0
12:59:46 WARN  [Main] [Imix]: [ImixAI][FAIL] x=1.3 y=105.0 same-region=true -> candidate=CENTER plan=882 errors=883/6
12:59:46 INFO  [Main] [Imix]: [ImixAI][ROLLBACK] no safe checkpoint yet; returned to x=0
12:59:46 INFO  [Main] [Imix]: [ImixAI][SEARCH] phase=LEARNED FAILURE -> SEARCHING ALTERNATIVE x=0.0 y=105.0 plan=882 candidate=CENTER failures=883 budget=6 checkpoint=0.0
12:59:46 WARN  [Main] [Imix]: [ImixAI][FAIL] x=1.3 y=105.0 same-region=true -> candidate=EARLY plan=883 errors=884/6
12:59:46 INFO  [Main] [Imix]: [ImixAI][ROLLBACK] no safe checkpoint yet; returned to x=0
12:59:46 INFO  [Main] [Imix]: [ImixAI][SEARCH] phase=LEARNED FAILURE -> SEARCHING ALTERNATIVE x=0.0 y=105.0 plan=883 candidate=EARLY failures=884 budget=6 checkpoint=0.0
12:59:46 WARN  [Main] [Imix]: [ImixAI][FAIL] x=1.3 y=105.0 same-region=true -> candidate=LATE plan=884 errors=885/6
12:59:46 INFO  [Main] [Imix]: [ImixAI][ROLLBACK] no safe checkpoint yet; returned to x=0
12:59:46 INFO  [Main] [Imix]: [ImixAI][SEARCH] phase=LEARNED FAILURE -> SEARCHING ALTERNATIVE x=0.0 y=105.0 plan=884 candidate=LATE failures=885 budget=6 checkpoint=0.0
12:59:46 WARN  [Main] [Imix]: [ImixAI][FAIL] x=1.3 y=105.0 same-region=true -> candidate=CENTER plan=885 errors=886/6
12:59:46 INFO  [Main] [Imix]: [ImixAI][ROLLBACK] no safe checkpoint yet; returned to x=0
12:59:46 INFO  [Main] [Imix]: [ImixAI][SEARCH] phase=LEARNED FAILURE -> SEARCHING ALTERNATIVE x=0.0 y=105.0 plan=885 candidate=CENTER failures=886 budget=6 checkpoint=0.0
12:59:46 WARN  [Main] [Imix]: [ImixAI][FAIL] x=1.3 y=105.0 same-region=true -> candidate=EARLY plan=886 errors=887/6
12:59:46 INFO  [Main] [Imix]: [ImixAI][ROLLBACK] no safe checkpoint yet; returned to x=0
12:59:46 INFO  [Main] [Imix]: [ImixAI][SEARCH] phase=LEARNED FAILURE -> SEARCHING ALTERNATIVE x=0.0 y=105.0 plan=886 candidate=EARLY failures=887 budget=6 checkpoint=0.0
12:59:46 WARN  [Main] [Imix]: [ImixAI][FAIL] x=1.3 y=105.0 same-region=true -> candidate=LATE plan=887 errors=888/6
12:59:46 INFO  [Main] [Imix]: [ImixAI][ROLLBACK] no safe checkpoint yet; returned to x=0
12:59:46 INFO  [Main] [Imix]: [ImixAI][SEARCH] phase=LEARNED FAILURE -> SEARCHING ALTERNATIVE x=0.0 y=105.0 plan=887 candidate=LATE failures=888 budget=6 checkpoint=0.0
12:59:46 WARN  [Main] [Imix]: [ImixAI][FAIL] x=1.3 y=105.0 same-region=true -> candidate=CENTER plan=888 errors=889/6
12:59:46 INFO  [Main] [Imix]: [ImixAI][ROLLBACK] no safe checkpoint yet; returned to x=0
12:59:46 INFO  [Main] [Imix]: [ImixAI][SEARCH] phase=LEARNED FAILURE -> SEARCHING ALTERNATIVE x=0.0 y=105.0 plan=888 candidate=CENTER failures=889 budget=6 checkpoint=0.0
12:59:46 WARN  [Main] [Imix]: [ImixAI][FAIL] x=1.3 y=105.0 same-region=true -> candidate=EARLY plan=889 errors=890/6
12:59:46 INFO  [Main] [Imix]: [ImixAI][ROLLBACK] no safe checkpoint yet; returned to x=0
12:59:46 INFO  [Main] [Imix]: [ImixAI][SEARCH] phase=LEARNED FAILURE -> SEARCHING ALTERNATIVE x=0.0 y=105.0 plan=889 candidate=EARLY failures=890 budget=6 checkpoint=0.0
12:59:46 WARN  [Main] [Imix]: [ImixAI][FAIL] x=1.3 y=105.0 same-region=true -> candidate=LATE plan=890 errors=891/6
12:59:46 INFO  [Main] [Imix]: [ImixAI][ROLLBACK] no safe checkpoint yet; returned to x=0
12:59:46 INFO  [Main] [Imix]: [ImixAI][SEARCH] phase=LEARNED FAILURE -> SEARCHING ALTERNATIVE x=0.0 y=105.0 plan=890 candidate=LATE failures=891 budget=6 checkpoint=0.0
12:59:46 WARN  [Main] [Imix]: [ImixAI][FAIL] x=1.3 y=105.0 same-region=true -> candidate=CENTER plan=891 errors=892/6
12:59:46 INFO  [Main] [Imix]: [ImixAI][ROLLBACK] no safe checkpoint yet; returned to x=0
12:59:46 INFO  [Main] [Imix]: [ImixAI][SEARCH] phase=LEARNED FAILURE -> SEARCHING ALTERNATIVE x=0.0 y=105.0 plan=891 candidate=CENTER failures=892 budget=6 checkpoint=0.0
12:59:46 WARN  [Main] [Imix]: [ImixAI][FAIL] x=1.3 y=105.0 same-region=true -> candidate=EARLY plan=892 errors=893/6
12:59:46 INFO  [Main] [Imix]: [ImixAI][ROLLBACK] no safe checkpoint yet; returned to x=0
12:59:46 INFO  [Main] [Imix]: [ImixAI][SEARCH] phase=LEARNED FAILURE -> SEARCHING ALTERNATIVE x=0.0 y=105.0 plan=892 candidate=EARLY failures=893 budget=6 checkpoint=0.0
12:59:46 WARN  [Main] [Imix]: [ImixAI][FAIL] x=1.3 y=105.0 same-region=true -> candidate=LATE plan=893 errors=894/6
12:59:46 INFO  [Main] [Imix]: [ImixAI][ROLLBACK] no safe checkpoint yet; returned to x=0
12:59:46 INFO  [Main] [Imix]: [ImixAI][SEARCH] phase=LEARNED FAILURE -> SEARCHING ALTERNATIVE x=0.0 y=105.0 plan=893 candidate=LATE failures=894 budget=6 checkpoint=0.0
12:59:46 WARN  [Main] [Imix]: [ImixAI][FAIL] x=1.3 y=105.0 same-region=true -> candidate=CENTER plan=894 errors=895/6
12:59:46 INFO  [Main] [Imix]: [ImixAI][ROLLBACK] no safe checkpoint yet; returned to x=0
12:59:46 INFO  [Main] [Imix]: [ImixAI][SEARCH] phase=LEARNED FAILURE -> SEARCHING ALTERNATIVE x=0.0 y=105.0 plan=894 candidate=CENTER failures=895 budget=6 checkpoint=0.0
12:59:46 WARN  [Main] [Imix]: [ImixAI][FAIL] x=1.3 y=105.0 same-region=true -> candidate=EARLY plan=895 errors=896/6
12:59:46 INFO  [Main] [Imix]: [ImixAI][ROLLBACK] no safe checkpoint yet; returned to x=0
12:59:46 INFO  [Main] [Imix]: [ImixAI][SEARCH] phase=LEARNED FAILURE -> SEARCHING ALTERNATIVE x=0.0 y=105.0 plan=895 candidate=EARLY failures=896 budget=6 checkpoint=0.0
12:59:46 WARN  [Main] [Imix]: [ImixAI][FAIL] x=1.3 y=105.0 same-region=true -> candidate=LATE plan=896 errors=897/6
12:59:46 INFO  [Main] [Imix]: [ImixAI][ROLLBACK] no safe checkpoint yet; returned to x=0
12:59:46 INFO  [Main] [Imix]: [ImixAI][SEARCH] phase=LEARNED FAILURE -> SEARCHING ALTERNATIVE x=0.0 y=105.0 plan=896 candidate=LATE failures=897 budget=6 checkpoint=0.0
12:59:46 WARN  [Main] [Imix]: [ImixAI][FAIL] x=1.3 y=105.0 same-region=true -> candidate=CENTER plan=897 errors=898/6
12:59:46 INFO  [Main] [Imix]: [ImixAI][ROLLBACK] no safe checkpoint yet; returned to x=0
12:59:46 INFO  [Main] [Imix]: [ImixAI][SEARCH] phase=LEARNED FAILURE -> SEARCHING ALTERNATIVE x=0.0 y=105.0 plan=897 candidate=CENTER failures=898 budget=6 checkpoint=0.0
12:59:46 WARN  [Main] [Imix]: [ImixAI][FAIL] x=1.3 y=105.0 same-region=true -> candidate=EARLY plan=898 errors=899/6
12:59:46 INFO  [Main] [Imix]: [ImixAI][ROLLBACK] no safe checkpoint yet; returned to x=0
12:59:46 INFO  [Main] [Imix]: [ImixAI][SEARCH] phase=LEARNED FAILURE -> SEARCHING ALTERNATIVE x=0.0 y=105.0 plan=898 candidate=EARLY failures=899 budget=6 checkpoint=0.0
12:59:46 WARN  [Main] [Imix]: [ImixAI][FAIL] x=1.3 y=105.0 same-region=true -> candidate=LATE plan=899 errors=900/6
12:59:46 INFO  [Main] [Imix]: [ImixAI][ROLLBACK] no safe checkpoint yet; returned to x=0
12:59:46 INFO  [Main] [Imix]: [ImixAI][SEARCH] phase=LEARNED FAILURE -> SEARCHING ALTERNATIVE x=0.0 y=105.0 plan=899 candidate=LATE failures=900 budget=6 checkpoint=0.0
12:59:46 WARN  [Main] [Imix]: [ImixAI][FAIL] x=1.3 y=105.0 same-region=true -> candidate=CENTER plan=900 errors=901/6
12:59:46 INFO  [Main] [Imix]: [ImixAI][ROLLBACK] no safe checkpoint yet; returned to x=0
12:59:46 INFO  [Main] [Imix]: [ImixAI][SEARCH] phase=LEARNED FAILURE -> SEARCHING ALTERNATIVE x=0.0 y=105.0 plan=900 candidate=CENTER failures=901 budget=6 checkpoint=0.0
12:59:46 WARN  [Main] [Imix]: [ImixAI][FAIL] x=1.3 y=105.0 same-region=true -> candidate=EARLY plan=901 errors=902/6
12:59:46 INFO  [Main] [Imix]: [ImixAI][ROLLBACK] no safe checkpoint yet; returned to x=0
12:59:46 INFO  [Main] [Imix]: [ImixAI][SEARCH] phase=LEARNED FAILURE -> SEARCHING ALTERNATIVE x=0.0 y=105.0 plan=901 candidate=EARLY failures=902 budget=6 checkpoint=0.0
12:59:46 WARN  [Main] [Imix]: [ImixAI][FAIL] x=1.3 y=105.0 same-region=true -> candidate=LATE plan=902 errors=903/6
12:59:46 INFO  [Main] [Imix]: [ImixAI][ROLLBACK] no safe checkpoint yet; returned to x=0
12:59:46 INFO  [Main] [Imix]: [ImixAI][SEARCH] phase=LEARNED FAILURE -> SEARCHING ALTERNATIVE x=0.0 y=105.0 plan=902 candidate=LATE failures=903 budget=6 checkpoint=0.0
12:59:46 WARN  [Main] [Imix]: [ImixAI][FAIL] x=1.3 y=105.0 same-region=true -> candidate=CENTER plan=903 errors=904/6
12:59:46 INFO  [Main] [Imix]: [ImixAI][ROLLBACK] no safe checkpoint yet; returned to x=0
12:59:46 INFO  [Main] [Imix]: [ImixAI][SEARCH] phase=LEARNED FAILURE -> SEARCHING ALTERNATIVE x=0.0 y=105.0 plan=903 candidate=CENTER failures=904 budget=6 checkpoint=0.0
12:59:46 WARN  [Main] [Imix]: [ImixAI][FAIL] x=1.3 y=105.0 same-region=true -> candidate=EARLY plan=904 errors=905/6
12:59:46 INFO  [Main] [Imix]: [ImixAI][ROLLBACK] no safe checkpoint yet; returned to x=0
12:59:46 INFO  [Main] [Imix]: [ImixAI][SEARCH] phase=LEARNED FAILURE -> SEARCHING ALTERNATIVE x=0.0 y=105.0 plan=904 candidate=EARLY failures=905 budget=6 checkpoint=0.0
12:59:46 WARN  [Main] [Imix]: [ImixAI][FAIL] x=1.3 y=105.0 same-region=true -> candidate=LATE plan=905 errors=906/6
12:59:46 INFO  [Main] [Imix]: [ImixAI][ROLLBACK] no safe checkpoint yet; returned to x=0
12:59:46 INFO  [Main] [Imix]: [ImixAI][SEARCH] phase=LEARNED FAILURE -> SEARCHING ALTERNATIVE x=0.0 y=105.0 plan=905 candidate=LATE failures=906 budget=6 checkpoint=0.0
12:59:46 WARN  [Main] [Imix]: [ImixAI][FAIL] x=1.3 y=105.0 same-region=true -> candidate=CENTER plan=906 errors=907/6
12:59:46 INFO  [Main] [Imix]: [ImixAI][ROLLBACK] no safe checkpoint yet; returned to x=0
12:59:46 INFO  [Main] [Imix]: [ImixAI][SEARCH] phase=LEARNED FAILURE -> SEARCHING ALTERNATIVE x=0.0 y=105.0 plan=906 candidate=CENTER failures=907 budget=6 checkpoint=0.0
12:59:46 WARN  [Main] [Imix]: [ImixAI][FAIL] x=1.3 y=105.0 same-region=true -> candidate=EARLY plan=907 errors=908/6
12:59:46 INFO  [Main] [Imix]: [ImixAI][ROLLBACK] no safe checkpoint yet; returned to x=0
12:59:46 INFO  [Main] [Imix]: [ImixAI][SEARCH] phase=LEARNED FAILURE -> SEARCHING ALTERNATIVE x=0.0 y=105.0 plan=907 candidate=EARLY failures=908 budget=6 checkpoint=0.0
12:59:46 WARN  [Main] [Imix]: [ImixAI][FAIL] x=1.3 y=105.0 same-region=true -> candidate=LATE plan=908 errors=909/6
12:59:46 INFO  [Main] [Imix]: [ImixAI][ROLLBACK] no safe checkpoint yet; returned to x=0
12:59:46 INFO  [Main] [Imix]: [ImixAI][SEARCH] phase=LEARNED FAILURE -> SEARCHING ALTERNATIVE x=0.0 y=105.0 plan=908 candidate=LATE failures=909 budget=6 checkpoint=0.0
12:59:46 WARN  [Main] [Imix]: [ImixAI][FAIL] x=1.3 y=105.0 same-region=true -> candidate=CENTER plan=909 errors=910/6
12:59:46 INFO  [Main] [Imix]: [ImixAI][ROLLBACK] no safe checkpoint yet; returned to x=0
12:59:46 INFO  [Main] [Imix]: [ImixAI][SEARCH] phase=LEARNED FAILURE -> SEARCHING ALTERNATIVE x=0.0 y=105.0 plan=909 candidate=CENTER failures=910 budget=6 checkpoint=0.0
12:59:46 WARN  [Main] [Imix]: [ImixAI][FAIL] x=1.3 y=105.0 same-region=true -> candidate=EARLY plan=910 errors=911/6
12:59:46 INFO  [Main] [Imix]: [ImixAI][ROLLBACK] no safe checkpoint yet; returned to x=0
12:59:46 INFO  [Main] [Imix]: [ImixAI][SEARCH] phase=LEARNED FAILURE -> SEARCHING ALTERNATIVE x=0.0 y=105.0 plan=910 candidate=EARLY failures=911 budget=6 checkpoint=0.0
12:59:46 WARN  [Main] [Imix]: [ImixAI][FAIL] x=1.3 y=105.0 same-region=true -> candidate=LATE plan=911 errors=912/6
12:59:46 INFO  [Main] [Imix]: [ImixAI][ROLLBACK] no safe checkpoint yet; returned to x=0
12:59:46 INFO  [Main] [Imix]: [ImixAI][SEARCH] phase=LEARNED FAILURE -> SEARCHING ALTERNATIVE x=0.0 y=105.0 plan=911 candidate=LATE failures=912 budget=6 checkpoint=0.0
12:59:46 WARN  [Main] [Imix]: [ImixAI][FAIL] x=1.3 y=105.0 same-region=true -> candidate=CENTER plan=912 errors=913/6
12:59:46 INFO  [Main] [Imix]: [ImixAI][ROLLBACK] no safe checkpoint yet; returned to x=0
12:59:46 INFO  [Main] [Imix]: [ImixAI][SEARCH] phase=LEARNED FAILURE -> SEARCHING ALTERNATIVE x=0.0 y=105.0 plan=912 candidate=CENTER failures=913 budget=6 checkpoint=0.0
12:59:46 WARN  [Main] [Imix]: [ImixAI][FAIL] x=1.3 y=105.0 same-region=true -> candidate=EARLY plan=913 errors=914/6
12:59:46 INFO  [Main] [Imix]: [ImixAI][ROLLBACK] no safe checkpoint yet; returned to x=0
12:59:46 INFO  [Main] [Imix]: [ImixAI][SEARCH] phase=LEARNED FAILURE -> SEARCHING ALTERNATIVE x=0.0 y=105.0 plan=913 candidate=EARLY failures=914 budget=6 checkpoint=0.0
12:59:46 WARN  [Main] [Imix]: [ImixAI][FAIL] x=1.3 y=105.0 same-region=true -> candidate=LATE plan=914 errors=915/6
12:59:46 INFO  [Main] [Imix]: [ImixAI][ROLLBACK] no safe checkpoint yet; returned to x=0
12:59:46 INFO  [Main] [Imix]: [ImixAI][SEARCH] phase=LEARNED FAILURE -> SEARCHING ALTERNATIVE x=0.0 y=105.0 plan=914 candidate=LATE failures=915 budget=6 checkpoint=0.0
12:59:46 WARN  [Main] [Imix]: [ImixAI][FAIL] x=1.3 y=105.0 same-region=true -> candidate=CENTER plan=915 errors=916/6
12:59:46 INFO  [Main] [Imix]: [ImixAI][ROLLBACK] no safe checkpoint yet; returned to x=0
12:59:46 INFO  [Main] [Imix]: [ImixAI][SEARCH] phase=LEARNED FAILURE -> SEARCHING ALTERNATIVE x=0.0 y=105.0 plan=915 candidate=CENTER failures=916 budget=6 checkpoint=0.0
12:59:46 WARN  [Main] [Imix]: [ImixAI][FAIL] x=1.3 y=105.0 same-region=true -> candidate=EARLY plan=916 errors=917/6
12:59:46 INFO  [Main] [Imix]: [ImixAI][ROLLBACK] no safe checkpoint yet; returned to x=0
12:59:46 INFO  [Main] [Imix]: [ImixAI][SEARCH] phase=LEARNED FAILURE -> SEARCHING ALTERNATIVE x=0.0 y=105.0 plan=916 candidate=EARLY failures=917 budget=6 checkpoint=0.0
12:59:46 WARN  [Main] [Imix]: [ImixAI][FAIL] x=1.3 y=105.0 same-region=true -> candidate=LATE plan=917 errors=918/6
12:59:46 INFO  [Main] [Imix]: [ImixAI][ROLLBACK] no safe checkpoint yet; returned to x=0
12:59:46 INFO  [Main] [Imix]: [ImixAI][SEARCH] phase=LEARNED FAILURE -> SEARCHING ALTERNATIVE x=0.0 y=105.0 plan=917 candidate=LATE failures=918 budget=6 checkpoint=0.0
12:59:46 WARN  [Main] [Imix]: [ImixAI][FAIL] x=1.3 y=105.0 same-region=true -> candidate=CENTER plan=918 errors=919/6
12:59:46 INFO  [Main] [Imix]: [ImixAI][ROLLBACK] no safe checkpoint yet; returned to x=0
12:59:46 INFO  [Main] [Imix]: [ImixAI][SEARCH] phase=LEARNED FAILURE -> SEARCHING ALTERNATIVE x=0.0 y=105.0 plan=918 candidate=CENTER failures=919 budget=6 checkpoint=0.0
12:59:46 WARN  [Main] [Imix]: [ImixAI][FAIL] x=1.3 y=105.0 same-region=true -> candidate=EARLY plan=919 errors=920/6
12:59:46 INFO  [Main] [Imix]: [ImixAI][ROLLBACK] no safe checkpoint yet; returned to x=0
12:59:46 INFO  [Main] [Imix]: [ImixAI][SEARCH] phase=LEARNED FAILURE -> SEARCHING ALTERNATIVE x=0.0 y=105.0 plan=919 candidate=EARLY failures=920 budget=6 checkpoint=0.0
12:59:46 WARN  [Main] [Imix]: [ImixAI][FAIL] x=1.3 y=105.0 same-region=true -> candidate=LATE plan=920 errors=921/6
12:59:46 INFO  [Main] [Imix]: [ImixAI][ROLLBACK] no safe checkpoint yet; returned to x=0
12:59:46 INFO  [Main] [Imix]: [ImixAI][SEARCH] phase=LEARNED FAILURE -> SEARCHING ALTERNATIVE x=0.0 y=105.0 plan=920 candidate=LATE failures=921 budget=6 checkpoint=0.0
12:59:46 WARN  [Main] [Imix]: [ImixAI][FAIL] x=1.3 y=105.0 same-region=true -> candidate=CENTER plan=921 errors=922/6
12:59:46 INFO  [Main] [Imix]: [ImixAI][ROLLBACK] no safe checkpoint yet; returned to x=0
12:59:46 INFO  [Main] [Imix]: [ImixAI][SEARCH] phase=LEARNED FAILURE -> SEARCHING ALTERNATIVE x=0.0 y=105.0 plan=921 candidate=CENTER failures=922 budget=6 checkpoint=0.0
12:59:46 WARN  [Main] [Imix]: [ImixAI][FAIL] x=1.3 y=105.0 same-region=true -> candidate=EARLY plan=922 errors=923/6
12:59:46 INFO  [Main] [Imix]: [ImixAI][ROLLBACK] no safe checkpoint yet; returned to x=0
12:59:46 INFO  [Main] [Imix]: [ImixAI][SEARCH] phase=LEARNED FAILURE -> SEARCHING ALTERNATIVE x=0.0 y=105.0 plan=922 candidate=EARLY failures=923 budget=6 checkpoint=0.0
12:59:46 WARN  [Main] [Imix]: [ImixAI][FAIL] x=1.3 y=105.0 same-region=true -> candidate=LATE plan=923 errors=924/6
12:59:46 INFO  [Main] [Imix]: [ImixAI][ROLLBACK] no safe checkpoint yet; returned to x=0
12:59:46 INFO  [Main] [Imix]: [ImixAI][SEARCH] phase=LEARNED FAILURE -> SEARCHING ALTERNATIVE x=0.0 y=105.0 plan=923 candidate=LATE failures=924 budget=6 checkpoint=0.0
12:59:46 WARN  [Main] [Imix]: [ImixAI][FAIL] x=1.3 y=105.0 same-region=true -> candidate=CENTER plan=924 errors=925/6
12:59:46 INFO  [Main] [Imix]: [ImixAI][ROLLBACK] no safe checkpoint yet; returned to x=0
12:59:46 INFO  [Main] [Imix]: [ImixAI][SEARCH] phase=LEARNED FAILURE -> SEARCHING ALTERNATIVE x=0.0 y=105.0 plan=924 candidate=CENTER failures=925 budget=6 checkpoint=0.0
12:59:46 WARN  [Main] [Imix]: [ImixAI][FAIL] x=1.3 y=105.0 same-region=true -> candidate=EARLY plan=925 errors=926/6
12:59:46 INFO  [Main] [Imix]: [ImixAI][ROLLBACK] no safe checkpoint yet; returned to x=0
12:59:46 INFO  [Main] [Imix]: [ImixAI][SEARCH] phase=LEARNED FAILURE -> SEARCHING ALTERNATIVE x=0.0 y=105.0 plan=925 candidate=EARLY failures=926 budget=6 checkpoint=0.0
12:59:46 WARN  [Main] [Imix]: [ImixAI][FAIL] x=1.3 y=105.0 same-region=true -> candidate=LATE plan=926 errors=927/6
12:59:46 INFO  [Main] [Imix]: [ImixAI][ROLLBACK] no safe checkpoint yet; returned to x=0
12:59:46 INFO  [Main] [Imix]: [ImixAI][SEARCH] phase=LEARNED FAILURE -> SEARCHING ALTERNATIVE x=0.0 y=105.0 plan=926 candidate=LATE failures=927 budget=6 checkpoint=0.0
12:59:46 WARN  [Main] [Imix]: [ImixAI][FAIL] x=1.3 y=105.0 same-region=true -> candidate=CENTER plan=927 errors=928/6
12:59:46 INFO  [Main] [Imix]: [ImixAI][ROLLBACK] no safe checkpoint yet; returned to x=0
12:59:46 INFO  [Main] [Imix]: [ImixAI][SEARCH] phase=LEARNED FAILURE -> SEARCHING ALTERNATIVE x=0.0 y=105.0 plan=927 candidate=CENTER failures=928 budget=6 checkpoint=0.0
12:59:46 WARN  [Main] [Imix]: [ImixAI][FAIL] x=1.3 y=105.0 same-region=true -> candidate=EARLY plan=928 errors=929/6
12:59:46 INFO  [Main] [Imix]: [ImixAI][ROLLBACK] no safe checkpoint yet; returned to x=0
12:59:46 INFO  [Main] [Imix]: [ImixAI][SEARCH] phase=LEARNED FAILURE -> SEARCHING ALTERNATIVE x=0.0 y=105.0 plan=928 candidate=EARLY failures=929 budget=6 checkpoint=0.0
12:59:46 WARN  [Main] [Imix]: [ImixAI][FAIL] x=1.3 y=105.0 same-region=true -> candidate=LATE plan=929 errors=930/6
12:59:46 INFO  [Main] [Imix]: [ImixAI][ROLLBACK] no safe checkpoint yet; returned to x=0
12:59:46 INFO  [Main] [Imix]: [ImixAI][SEARCH] phase=LEARNED FAILURE -> SEARCHING ALTERNATIVE x=0.0 y=105.0 plan=929 candidate=LATE failures=930 budget=6 checkpoint=0.0
12:59:46 WARN  [Main] [Imix]: [ImixAI][FAIL] x=1.3 y=105.0 same-region=true -> candidate=CENTER plan=930 errors=931/6
12:59:46 INFO  [Main] [Imix]: [ImixAI][ROLLBACK] no safe checkpoint yet; returned to x=0
12:59:46 INFO  [Main] [Imix]: [ImixAI][SEARCH] phase=LEARNED FAILURE -> SEARCHING ALTERNATIVE x=0.0 y=105.0 plan=930 candidate=CENTER failures=931 budget=6 checkpoint=0.0
12:59:46 WARN  [Main] [Imix]: [ImixAI][FAIL] x=1.3 y=105.0 same-region=true -> candidate=EARLY plan=931 errors=932/6
12:59:46 INFO  [Main] [Imix]: [ImixAI][ROLLBACK] no safe checkpoint yet; returned to x=0
12:59:46 INFO  [Main] [Imix]: [ImixAI][SEARCH] phase=LEARNED FAILURE -> SEARCHING ALTERNATIVE x=0.0 y=105.0 plan=931 candidate=EARLY failures=932 budget=6 checkpoint=0.0
12:59:46 WARN  [Main] [Imix]: [ImixAI][FAIL] x=1.3 y=105.0 same-region=true -> candidate=LATE plan=932 errors=933/6
12:59:46 INFO  [Main] [Imix]: [ImixAI][ROLLBACK] no safe checkpoint yet; returned to x=0
12:59:46 INFO  [Main] [Imix]: [ImixAI][SEARCH] phase=LEARNED FAILURE -> SEARCHING ALTERNATIVE x=0.0 y=105.0 plan=932 candidate=LATE failures=933 budget=6 checkpoint=0.0
12:59:46 WARN  [Main] [Imix]: [ImixAI][FAIL] x=1.3 y=105.0 same-region=true -> candidate=CENTER plan=933 errors=934/6
12:59:46 INFO  [Main] [Imix]: [ImixAI][ROLLBACK] no safe checkpoint yet; returned to x=0
12:59:46 INFO  [Main] [Imix]: [ImixAI][SEARCH] phase=LEARNED FAILURE -> SEARCHING ALTERNATIVE x=0.0 y=105.0 plan=933 candidate=CENTER failures=934 budget=6 checkpoint=0.0
12:59:46 WARN  [Main] [Imix]: [ImixAI][FAIL] x=1.3 y=105.0 same-region=true -> candidate=EARLY plan=934 errors=935/6
12:59:46 INFO  [Main] [Imix]: [ImixAI][ROLLBACK] no safe checkpoint yet; returned to x=0
12:59:46 INFO  [Main] [Imix]: [ImixAI][SEARCH] phase=LEARNED FAILURE -> SEARCHING ALTERNATIVE x=0.0 y=105.0 plan=934 candidate=EARLY failures=935 budget=6 checkpoint=0.0
12:59:46 WARN  [Main] [Imix]: [ImixAI][FAIL] x=1.3 y=105.0 same-region=true -> candidate=LATE plan=935 errors=936/6
12:59:46 INFO  [Main] [Imix]: [ImixAI][ROLLBACK] no safe checkpoint yet; returned to x=0
12:59:46 INFO  [Main] [Imix]: [ImixAI][SEARCH] phase=LEARNED FAILURE -> SEARCHING ALTERNATIVE x=0.0 y=105.0 plan=935 candidate=LATE failures=936 budget=6 checkpoint=0.0
12:59:46 WARN  [Main] [Imix]: [ImixAI][FAIL] x=1.3 y=105.0 same-region=true -> candidate=CENTER plan=936 errors=937/6
12:59:46 INFO  [Main] [Imix]: [ImixAI][ROLLBACK] no safe checkpoint yet; returned to x=0
12:59:46 INFO  [Main] [Imix]: [ImixAI][SEARCH] phase=LEARNED FAILURE -> SEARCHING ALTERNATIVE x=0.0 y=105.0 plan=936 candidate=CENTER failures=937 budget=6 checkpoint=0.0
12:59:46 WARN  [Main] [Imix]: [ImixAI][FAIL] x=1.3 y=105.0 same-region=true -> candidate=EARLY plan=937 errors=938/6
12:59:46 INFO  [Main] [Imix]: [ImixAI][ROLLBACK] no safe checkpoint yet; returned to x=0
12:59:46 INFO  [Main] [Imix]: [ImixAI][SEARCH] phase=LEARNED FAILURE -> SEARCHING ALTERNATIVE x=0.0 y=105.0 plan=937 candidate=EARLY failures=938 budget=6 checkpoint=0.0
12:59:46 WARN  [Main] [Imix]: [ImixAI][FAIL] x=1.3 y=105.0 same-region=true -> candidate=LATE plan=938 errors=939/6
12:59:46 INFO  [Main] [Imix]: [ImixAI][ROLLBACK] no safe checkpoint yet; returned to x=0
12:59:46 INFO  [Main] [Imix]: [ImixAI][SEARCH] phase=LEARNED FAILURE -> SEARCHING ALTERNATIVE x=0.0 y=105.0 plan=938 candidate=LATE failures=939 budget=6 checkpoint=0.0
12:59:46 WARN  [Main] [Imix]: [ImixAI][FAIL] x=1.3 y=105.0 same-region=true -> candidate=CENTER plan=939 errors=940/6
12:59:46 INFO  [Main] [Imix]: [ImixAI][ROLLBACK] no safe checkpoint yet; returned to x=0
12:59:46 INFO  [Main] [Imix]: [ImixAI][SEARCH] phase=LEARNED FAILURE -> SEARCHING ALTERNATIVE x=0.0 y=105.0 plan=939 candidate=CENTER failures=940 budget=6 checkpoint=0.0
12:59:46 WARN  [Main] [Imix]: [ImixAI][FAIL] x=1.3 y=105.0 same-region=true -> candidate=EARLY plan=940 errors=941/6
12:59:46 INFO  [Main] [Imix]: [ImixAI][ROLLBACK] no safe checkpoint yet; returned to x=0
12:59:46 INFO  [Main] [Imix]: [ImixAI][SEARCH] phase=LEARNED FAILURE -> SEARCHING ALTERNATIVE x=0.0 y=105.0 plan=940 candidate=EARLY failures=941 budget=6 checkpoint=0.0
12:59:46 WARN  [Main] [Imix]: [ImixAI][FAIL] x=1.3 y=105.0 same-region=true -> candidate=LATE plan=941 errors=942/6
12:59:46 INFO  [Main] [Imix]: [ImixAI][ROLLBACK] no safe checkpoint yet; returned to x=0
12:59:46 INFO  [Main] [Imix]: [ImixAI][SEARCH] phase=LEARNED FAILURE -> SEARCHING ALTERNATIVE x=0.0 y=105.0 plan=941 candidate=LATE failures=942 budget=6 checkpoint=0.0
12:59:46 WARN  [Main] [Imix]: [ImixAI][FAIL] x=1.3 y=105.0 same-region=true -> candidate=CENTER plan=942 errors=943/6
12:59:46 INFO  [Main] [Imix]: [ImixAI][ROLLBACK] no safe checkpoint yet; returned to x=0
12:59:46 INFO  [Main] [Imix]: [ImixAI][SEARCH] phase=LEARNED FAILURE -> SEARCHING ALTERNATIVE x=0.0 y=105.0 plan=942 candidate=CENTER failures=943 budget=6 checkpoint=0.0
12:59:46 WARN  [Main] [Imix]: [ImixAI][FAIL] x=1.3 y=105.0 same-region=true -> candidate=EARLY plan=943 errors=944/6
12:59:46 INFO  [Main] [Imix]: [ImixAI][ROLLBACK] no safe checkpoint yet; returned to x=0
12:59:46 INFO  [Main] [Imix]: [ImixAI][SEARCH] phase=LEARNED FAILURE -> SEARCHING ALTERNATIVE x=0.0 y=105.0 plan=943 candidate=EARLY failures=944 budget=6 checkpoint=0.0
12:59:46 WARN  [Main] [Imix]: [ImixAI][FAIL] x=1.3 y=105.0 same-region=true -> candidate=LATE plan=944 errors=945/6
12:59:46 INFO  [Main] [Imix]: [ImixAI][ROLLBACK] no safe checkpoint yet; returned to x=0
12:59:46 INFO  [Main] [Imix]: [ImixAI][SEARCH] phase=LEARNED FAILURE -> SEARCHING ALTERNATIVE x=0.0 y=105.0 plan=944 candidate=LATE failures=945 budget=6 checkpoint=0.0
12:59:46 WARN  [Main] [Imix]: [ImixAI][FAIL] x=1.3 y=105.0 same-region=true -> candidate=CENTER plan=945 errors=946/6
12:59:46 INFO  [Main] [Imix]: [ImixAI][ROLLBACK] no safe checkpoint yet; returned to x=0
12:59:46 INFO  [Main] [Imix]: [ImixAI][SEARCH] phase=LEARNED FAILURE -> SEARCHING ALTERNATIVE x=0.0 y=105.0 plan=945 candidate=CENTER failures=946 budget=6 checkpoint=0.0
12:59:46 WARN  [Main] [Imix]: [ImixAI][FAIL] x=1.3 y=105.0 same-region=true -> candidate=EARLY plan=946 errors=947/6
12:59:46 INFO  [Main] [Imix]: [ImixAI][ROLLBACK] no safe checkpoint yet; returned to x=0
12:59:46 INFO  [Main] [Imix]: [ImixAI][SEARCH] phase=LEARNED FAILURE -> SEARCHING ALTERNATIVE x=0.0 y=105.0 plan=946 candidate=EARLY failures=947 budget=6 checkpoint=0.0
12:59:46 WARN  [Main] [Imix]: [ImixAI][FAIL] x=1.3 y=105.0 same-region=true -> candidate=LATE plan=947 errors=948/6
12:59:46 INFO  [Main] [Imix]: [ImixAI][ROLLBACK] no safe checkpoint yet; returned to x=0
12:59:46 INFO  [Main] [Imix]: [ImixAI][SEARCH] phase=LEARNED FAILURE -> SEARCHING ALTERNATIVE x=0.0 y=105.0 plan=947 candidate=LATE failures=948 budget=6 checkpoint=0.0
12:59:46 WARN  [Main] [Imix]: [ImixAI][FAIL] x=1.3 y=105.0 same-region=true -> candidate=CENTER plan=948 errors=949/6
12:59:46 INFO  [Main] [Imix]: [ImixAI][ROLLBACK] no safe checkpoint yet; returned to x=0
12:59:46 INFO  [Main] [Imix]: [ImixAI][SEARCH] phase=LEARNED FAILURE -> SEARCHING ALTERNATIVE x=0.0 y=105.0 plan=948 candidate=CENTER failures=949 budget=6 checkpoint=0.0
12:59:46 WARN  [Main] [Imix]: [ImixAI][FAIL] x=1.3 y=105.0 same-region=true -> candidate=EARLY plan=949 errors=950/6
12:59:46 INFO  [Main] [Imix]: [ImixAI][ROLLBACK] no safe checkpoint yet; returned to x=0
12:59:46 INFO  [Main] [Imix]: [ImixAI][SEARCH] phase=LEARNED FAILURE -> SEARCHING ALTERNATIVE x=0.0 y=105.0 plan=949 candidate=EARLY failures=950 budget=6 checkpoint=0.0
12:59:46 WARN  [Main] [Imix]: [ImixAI][FAIL] x=1.3 y=105.0 same-region=true -> candidate=LATE plan=950 errors=951/6
12:59:46 INFO  [Main] [Imix]: [ImixAI][ROLLBACK] no safe checkpoint yet; returned to x=0
12:59:46 INFO  [Main] [Imix]: [ImixAI][SEARCH] phase=LEARNED FAILURE -> SEARCHING ALTERNATIVE x=0.0 y=105.0 plan=950 candidate=LATE failures=951 budget=6 checkpoint=0.0
12:59:46 WARN  [Main] [Imix]: [ImixAI][FAIL] x=1.3 y=105.0 same-region=true -> candidate=CENTER plan=951 errors=952/6
12:59:46 INFO  [Main] [Imix]: [ImixAI][ROLLBACK] no safe checkpoint yet; returned to x=0
12:59:46 INFO  [Main] [Imix]: [ImixAI][SEARCH] phase=LEARNED FAILURE -> SEARCHING ALTERNATIVE x=0.0 y=105.0 plan=951 candidate=CENTER failures=952 budget=6 checkpoint=0.0
12:59:46 WARN  [Main] [Imix]: [ImixAI][FAIL] x=1.3 y=105.0 same-region=true -> candidate=EARLY plan=952 errors=953/6
12:59:46 INFO  [Main] [Imix]: [ImixAI][ROLLBACK] no safe checkpoint yet; returned to x=0
12:59:46 INFO  [Main] [Imix]: [ImixAI][SEARCH] phase=LEARNED FAILURE -> SEARCHING ALTERNATIVE x=0.0 y=105.0 plan=952 candidate=EARLY failures=953 budget=6 checkpoint=0.0
12:59:46 WARN  [Main] [Imix]: [ImixAI][FAIL] x=1.3 y=105.0 same-region=true -> candidate=LATE plan=953 errors=954/6
12:59:46 INFO  [Main] [Imix]: [ImixAI][ROLLBACK] no safe checkpoint yet; returned to x=0
12:59:46 INFO  [Main] [Imix]: [ImixAI][SEARCH] phase=LEARNED FAILURE -> SEARCHING ALTERNATIVE x=0.0 y=105.0 plan=953 candidate=LATE failures=954 budget=6 checkpoint=0.0
12:59:46 WARN  [Main] [Imix]: [ImixAI][FAIL] x=1.3 y=105.0 same-region=true -> candidate=CENTER plan=954 errors=955/6
12:59:46 INFO  [Main] [Imix]: [ImixAI][ROLLBACK] no safe checkpoint yet; returned to x=0
12:59:46 INFO  [Main] [Imix]: [ImixAI][SEARCH] phase=LEARNED FAILURE -> SEARCHING ALTERNATIVE x=0.0 y=105.0 plan=954 candidate=CENTER failures=955 budget=6 checkpoint=0.0
12:59:47 WARN  [Main] [Imix]: [ImixAI][FAIL] x=1.3 y=105.0 same-region=true -> candidate=EARLY plan=955 errors=956/6
12:59:47 INFO  [Main] [Imix]: [ImixAI][ROLLBACK] no safe checkpoint yet; returned to x=0
12:59:47 INFO  [Main] [Imix]: [ImixAI][SEARCH] phase=LEARNED FAILURE -> SEARCHING ALTERNATIVE x=0.0 y=105.0 plan=955 candidate=EARLY failures=956 budget=6 checkpoint=0.0
12:59:47 WARN  [Main] [Imix]: [ImixAI][FAIL] x=1.3 y=105.0 same-region=true -> candidate=LATE plan=956 errors=957/6
12:59:47 INFO  [Main] [Imix]: [ImixAI][ROLLBACK] no safe checkpoint yet; returned to x=0
12:59:47 INFO  [Main] [Imix]: [ImixAI][SEARCH] phase=LEARNED FAILURE -> SEARCHING ALTERNATIVE x=0.0 y=105.0 plan=956 candidate=LATE failures=957 budget=6 checkpoint=0.0
12:59:47 WARN  [Main] [Imix]: [ImixAI][FAIL] x=1.3 y=105.0 same-region=true -> candidate=CENTER plan=957 errors=958/6
12:59:47 INFO  [Main] [Imix]: [ImixAI][ROLLBACK] no safe checkpoint yet; returned to x=0
12:59:47 INFO  [Main] [Imix]: [ImixAI][SEARCH] phase=LEARNED FAILURE -> SEARCHING ALTERNATIVE x=0.0 y=105.0 plan=957 candidate=CENTER failures=958 budget=6 checkpoint=0.0
12:59:47 WARN  [Main] [Imix]: [ImixAI][FAIL] x=1.3 y=105.0 same-region=true -> candidate=EARLY plan=958 errors=959/6
12:59:47 INFO  [Main] [Imix]: [ImixAI][ROLLBACK] no safe checkpoint yet; returned to x=0
12:59:47 INFO  [Main] [Imix]: [ImixAI][SEARCH] phase=LEARNED FAILURE -> SEARCHING ALTERNATIVE x=0.0 y=105.0 plan=958 candidate=EARLY failures=959 budget=6 checkpoint=0.0
12:59:47 WARN  [Main] [Imix]: [ImixAI][FAIL] x=1.3 y=105.0 same-region=true -> candidate=LATE plan=959 errors=960/6
12:59:47 INFO  [Main] [Imix]: [ImixAI][ROLLBACK] no safe checkpoint yet; returned to x=0
12:59:47 INFO  [Main] [Imix]: [ImixAI][SEARCH] phase=LEARNED FAILURE -> SEARCHING ALTERNATIVE x=0.0 y=105.0 plan=959 candidate=LATE failures=960 budget=6 checkpoint=0.0
12:59:47 WARN  [Main] [Imix]: [ImixAI][FAIL] x=1.3 y=105.0 same-region=true -> candidate=CENTER plan=960 errors=961/6
12:59:47 INFO  [Main] [Imix]: [ImixAI][ROLLBACK] no safe checkpoint yet; returned to x=0
12:59:47 INFO  [Main] [Imix]: [ImixAI][SEARCH] phase=LEARNED FAILURE -> SEARCHING ALTERNATIVE x=0.0 y=105.0 plan=960 candidate=CENTER failures=961 budget=6 checkpoint=0.0
12:59:47 WARN  [Main] [Imix]: [ImixAI][FAIL] x=1.3 y=105.0 same-region=true -> candidate=EARLY plan=961 errors=962/6
12:59:47 INFO  [Main] [Imix]: [ImixAI][ROLLBACK] no safe checkpoint yet; returned to x=0
12:59:47 INFO  [Main] [Imix]: [ImixAI][SEARCH] phase=LEARNED FAILURE -> SEARCHING ALTERNATIVE x=0.0 y=105.0 plan=961 candidate=EARLY failures=962 budget=6 checkpoint=0.0
12:59:47 WARN  [Main] [Imix]: [ImixAI][FAIL] x=1.3 y=105.0 same-region=true -> candidate=LATE plan=962 errors=963/6
12:59:47 INFO  [Main] [Imix]: [ImixAI][ROLLBACK] no safe checkpoint yet; returned to x=0
12:59:47 INFO  [Main] [Imix]: [ImixAI][SEARCH] phase=LEARNED FAILURE -> SEARCHING ALTERNATIVE x=0.0 y=105.0 plan=962 candidate=LATE failures=963 budget=6 checkpoint=0.0
12:59:47 WARN  [Main] [Imix]: [ImixAI][FAIL] x=1.3 y=105.0 same-region=true -> candidate=CENTER plan=963 errors=964/6
12:59:47 INFO  [Main] [Imix]: [ImixAI][ROLLBACK] no safe checkpoint yet; returned to x=0
12:59:47 INFO  [Main] [Imix]: [ImixAI][SEARCH] phase=LEARNED FAILURE -> SEARCHING ALTERNATIVE x=0.0 y=105.0 plan=963 candidate=CENTER failures=964 budget=6 checkpoint=0.0
12:59:47 WARN  [Main] [Imix]: [ImixAI][FAIL] x=1.3 y=105.0 same-region=true -> candidate=EARLY plan=964 errors=965/6
12:59:47 INFO  [Main] [Imix]: [ImixAI][ROLLBACK] no safe checkpoint yet; returned to x=0
12:59:47 INFO  [Main] [Imix]: [ImixAI][SEARCH] phase=LEARNED FAILURE -> SEARCHING ALTERNATIVE x=0.0 y=105.0 plan=964 candidate=EARLY failures=965 budget=6 checkpoint=0.0
12:59:47 WARN  [Main] [Imix]: [ImixAI][FAIL] x=1.3 y=105.0 same-region=true -> candidate=LATE plan=965 errors=966/6
12:59:47 INFO  [Main] [Imix]: [ImixAI][ROLLBACK] no safe checkpoint yet; returned to x=0
12:59:47 INFO  [Main] [Imix]: [ImixAI][SEARCH] phase=LEARNED FAILURE -> SEARCHING ALTERNATIVE x=0.0 y=105.0 plan=965 candidate=LATE failures=966 budget=6 checkpoint=0.0
12:59:47 WARN  [Main] [Imix]: [ImixAI][FAIL] x=1.3 y=105.0 same-region=true -> candidate=CENTER plan=966 errors=967/6
12:59:47 INFO  [Main] [Imix]: [ImixAI][ROLLBACK] no safe checkpoint yet; returned to x=0
12:59:47 INFO  [Main] [Imix]: [ImixAI][SEARCH] phase=LEARNED FAILURE -> SEARCHING ALTERNATIVE x=0.0 y=105.0 plan=966 candidate=CENTER failures=967 budget=6 checkpoint=0.0
12:59:47 WARN  [Main] [Imix]: [ImixAI][FAIL] x=1.3 y=105.0 same-region=true -> candidate=EARLY plan=967 errors=968/6
12:59:47 INFO  [Main] [Imix]: [ImixAI][ROLLBACK] no safe checkpoint yet; returned to x=0
12:59:47 INFO  [Main] [Imix]: [ImixAI][SEARCH] phase=LEARNED FAILURE -> SEARCHING ALTERNATIVE x=0.0 y=105.0 plan=967 candidate=EARLY failures=968 budget=6 checkpoint=0.0
12:59:47 WARN  [Main] [Imix]: [ImixAI][FAIL] x=1.3 y=105.0 same-region=true -> candidate=LATE plan=968 errors=969/6
12:59:47 INFO  [Main] [Imix]: [ImixAI][ROLLBACK] no safe checkpoint yet; returned to x=0
12:59:47 INFO  [Main] [Imix]: [ImixAI][SEARCH] phase=LEARNED FAILURE -> SEARCHING ALTERNATIVE x=0.0 y=105.0 plan=968 candidate=LATE failures=969 budget=6 checkpoint=0.0
12:59:47 WARN  [Main] [Imix]: [ImixAI][FAIL] x=1.3 y=105.0 same-region=true -> candidate=CENTER plan=969 errors=970/6
12:59:47 INFO  [Main] [Imix]: [ImixAI][ROLLBACK] no safe checkpoint yet; returned to x=0
12:59:47 INFO  [Main] [Imix]: [ImixAI][SEARCH] phase=LEARNED FAILURE -> SEARCHING ALTERNATIVE x=0.0 y=105.0 plan=969 candidate=CENTER failures=970 budget=6 checkpoint=0.0
12:59:47 WARN  [Main] [Imix]: [ImixAI][FAIL] x=1.3 y=105.0 same-region=true -> candidate=EARLY plan=970 errors=971/6
12:59:47 INFO  [Main] [Imix]: [ImixAI][ROLLBACK] no safe checkpoint yet; returned to x=0
12:59:47 INFO  [Main] [Imix]: [ImixAI][SEARCH] phase=LEARNED FAILURE -> SEARCHING ALTERNATIVE x=0.0 y=105.0 plan=970 candidate=EARLY failures=971 budget=6 checkpoint=0.0
12:59:47 WARN  [Main] [Imix]: [ImixAI][FAIL] x=1.3 y=105.0 same-region=true -> candidate=LATE plan=971 errors=972/6
12:59:47 INFO  [Main] [Imix]: [ImixAI][ROLLBACK] no safe checkpoint yet; returned to x=0
12:59:47 INFO  [Main] [Imix]: [ImixAI][SEARCH] phase=LEARNED FAILURE -> SEARCHING ALTERNATIVE x=0.0 y=105.0 plan=971 candidate=LATE failures=972 budget=6 checkpoint=0.0
12:59:47 WARN  [Main] [Imix]: [ImixAI][FAIL] x=1.3 y=105.0 same-region=true -> candidate=CENTER plan=972 errors=973/6
12:59:47 INFO  [Main] [Imix]: [ImixAI][ROLLBACK] no safe checkpoint yet; returned to x=0
12:59:47 INFO  [Main] [Imix]: [ImixAI][SEARCH] phase=LEARNED FAILURE -> SEARCHING ALTERNATIVE x=0.0 y=105.0 plan=972 candidate=CENTER failures=973 budget=6 checkpoint=0.0
12:59:47 WARN  [Main] [Imix]: [ImixAI][FAIL] x=1.3 y=105.0 same-region=true -> candidate=EARLY plan=973 errors=974/6
12:59:47 INFO  [Main] [Imix]: [ImixAI][ROLLBACK] no safe checkpoint yet; returned to x=0
12:59:47 INFO  [Main] [Imix]: [ImixAI][SEARCH] phase=LEARNED FAILURE -> SEARCHING ALTERNATIVE x=0.0 y=105.0 plan=973 candidate=EARLY failures=974 budget=6 checkpoint=0.0
12:59:47 WARN  [Main] [Imix]: [ImixAI][FAIL] x=1.3 y=105.0 same-region=true -> candidate=LATE plan=974 errors=975/6
12:59:47 INFO  [Main] [Imix]: [ImixAI][ROLLBACK] no safe checkpoint yet; returned to x=0
12:59:47 INFO  [Main] [Imix]: [ImixAI][SEARCH] phase=LEARNED FAILURE -> SEARCHING ALTERNATIVE x=0.0 y=105.0 plan=974 candidate=LATE failures=975 budget=6 checkpoint=0.0
12:59:47 WARN  [Main] [Imix]: [ImixAI][FAIL] x=1.3 y=105.0 same-region=true -> candidate=CENTER plan=975 errors=976/6
12:59:47 INFO  [Main] [Imix]: [ImixAI][ROLLBACK] no safe checkpoint yet; returned to x=0
12:59:47 INFO  [Main] [Imix]: [ImixAI][SEARCH] phase=LEARNED FAILURE -> SEARCHING ALTERNATIVE x=0.0 y=105.0 plan=975 candidate=CENTER failures=976 budget=6 checkpoint=0.0
12:59:47 WARN  [Main] [Imix]: [ImixAI][FAIL] x=1.3 y=105.0 same-region=true -> candidate=EARLY plan=976 errors=977/6
12:59:47 INFO  [Main] [Imix]: [ImixAI][ROLLBACK] no safe checkpoint yet; returned to x=0
12:59:47 INFO  [Main] [Imix]: [ImixAI][SEARCH] phase=LEARNED FAILURE -> SEARCHING ALTERNATIVE x=0.0 y=105.0 plan=976 candidate=EARLY failures=977 budget=6 checkpoint=0.0
12:59:47 WARN  [Main] [Imix]: [ImixAI][FAIL] x=1.3 y=105.0 same-region=true -> candidate=LATE plan=977 errors=978/6
12:59:47 INFO  [Main] [Imix]: [ImixAI][ROLLBACK] no safe checkpoint yet; returned to x=0
12:59:47 INFO  [Main] [Imix]: [ImixAI][SEARCH] phase=LEARNED FAILURE -> SEARCHING ALTERNATIVE x=0.0 y=105.0 plan=977 candidate=LATE failures=978 budget=6 checkpoint=0.0
12:59:47 WARN  [Main] [Imix]: [ImixAI][FAIL] x=1.3 y=105.0 same-region=true -> candidate=CENTER plan=978 errors=979/6
12:59:47 INFO  [Main] [Imix]: [ImixAI][ROLLBACK] no safe checkpoint yet; returned to x=0
12:59:47 INFO  [Main] [Imix]: [ImixAI][SEARCH] phase=LEARNED FAILURE -> SEARCHING ALTERNATIVE x=0.0 y=105.0 plan=978 candidate=CENTER failures=979 budget=6 checkpoint=0.0
12:59:47 WARN  [Main] [Imix]: [ImixAI][FAIL] x=1.3 y=105.0 same-region=true -> candidate=EARLY plan=979 errors=980/6
12:59:47 INFO  [Main] [Imix]: [ImixAI][ROLLBACK] no safe checkpoint yet; returned to x=0
12:59:47 INFO  [Main] [Imix]: [ImixAI][SEARCH] phase=LEARNED FAILURE -> SEARCHING ALTERNATIVE x=0.0 y=105.0 plan=979 candidate=EARLY failures=980 budget=6 checkpoint=0.0
12:59:47 WARN  [Main] [Imix]: [ImixAI][FAIL] x=1.3 y=105.0 same-region=true -> candidate=LATE plan=980 errors=981/6
12:59:47 INFO  [Main] [Imix]: [ImixAI][ROLLBACK] no safe checkpoint yet; returned to x=0
12:59:47 INFO  [Main] [Imix]: [ImixAI][SEARCH] phase=LEARNED FAILURE -> SEARCHING ALTERNATIVE x=0.0 y=105.0 plan=980 candidate=LATE failures=981 budget=6 checkpoint=0.0
12:59:47 WARN  [Main] [Imix]: [ImixAI][FAIL] x=1.3 y=105.0 same-region=true -> candidate=CENTER plan=981 errors=982/6
12:59:47 INFO  [Main] [Imix]: [ImixAI][ROLLBACK] no safe checkpoint yet; returned to x=0
12:59:47 INFO  [Main] [Imix]: [ImixAI][SEARCH] phase=LEARNED FAILURE -> SEARCHING ALTERNATIVE x=0.0 y=105.0 plan=981 candidate=CENTER failures=982 budget=6 checkpoint=0.0
12:59:47 WARN  [Main] [Imix]: [ImixAI][FAIL] x=1.3 y=105.0 same-region=true -> candidate=EARLY plan=982 errors=983/6
12:59:47 INFO  [Main] [Imix]: [ImixAI][ROLLBACK] no safe checkpoint yet; returned to x=0
12:59:47 INFO  [Main] [Imix]: [ImixAI][SEARCH] phase=LEARNED FAILURE -> SEARCHING ALTERNATIVE x=0.0 y=105.0 plan=982 candidate=EARLY failures=983 budget=6 checkpoint=0.0
12:59:47 WARN  [Main] [Imix]: [ImixAI][FAIL] x=1.3 y=105.0 same-region=true -> candidate=LATE plan=983 errors=984/6
12:59:47 INFO  [Main] [Imix]: [ImixAI][ROLLBACK] no safe checkpoint yet; returned to x=0
12:59:47 INFO  [Main] [Imix]: [ImixAI][SEARCH] phase=LEARNED FAILURE -> SEARCHING ALTERNATIVE x=0.0 y=105.0 plan=983 candidate=LATE failures=984 budget=6 checkpoint=0.0
12:59:47 WARN  [Main] [Imix]: [ImixAI][FAIL] x=1.3 y=105.0 same-region=true -> candidate=CENTER plan=984 errors=985/6
12:59:47 INFO  [Main] [Imix]: [ImixAI][ROLLBACK] no safe checkpoint yet; returned to x=0
12:59:47 INFO  [Main] [Imix]: [ImixAI][SEARCH] phase=LEARNED FAILURE -> SEARCHING ALTERNATIVE x=0.0 y=105.0 plan=984 candidate=CENTER failures=985 budget=6 checkpoint=0.0
12:59:47 WARN  [Main] [Imix]: [ImixAI][FAIL] x=1.3 y=105.0 same-region=true -> candidate=EARLY plan=985 errors=986/6
12:59:47 INFO  [Main] [Imix]: [ImixAI][ROLLBACK] no safe checkpoint yet; returned to x=0
12:59:47 INFO  [Main] [Imix]: [ImixAI][SEARCH] phase=LEARNED FAILURE -> SEARCHING ALTERNATIVE x=0.0 y=105.0 plan=985 candidate=EARLY failures=986 budget=6 checkpoint=0.0
12:59:47 WARN  [Main] [Imix]: [ImixAI][FAIL] x=1.3 y=105.0 same-region=true -> candidate=LATE plan=986 errors=987/6
12:59:47 INFO  [Main] [Imix]: [ImixAI][ROLLBACK] no safe checkpoint yet; returned to x=0
12:59:47 INFO  [Main] [Imix]: [ImixAI][SEARCH] phase=LEARNED FAILURE -> SEARCHING ALTERNATIVE x=0.0 y=105.0 plan=986 candidate=LATE failures=987 budget=6 checkpoint=0.0
12:59:47 WARN  [Main] [Imix]: [ImixAI][FAIL] x=1.3 y=105.0 same-region=true -> candidate=CENTER plan=987 errors=988/6
12:59:47 INFO  [Main] [Imix]: [ImixAI][ROLLBACK] no safe checkpoint yet; returned to x=0
12:59:47 INFO  [Main] [Imix]: [ImixAI][SEARCH] phase=LEARNED FAILURE -> SEARCHING ALTERNATIVE x=0.0 y=105.0 plan=987 candidate=CENTER failures=988 budget=6 checkpoint=0.0
12:59:47 WARN  [Main] [Imix]: [ImixAI][FAIL] x=1.3 y=105.0 same-region=true -> candidate=EARLY plan=988 errors=989/6
12:59:47 INFO  [Main] [Imix]: [ImixAI][ROLLBACK] no safe checkpoint yet; returned to x=0
12:59:47 INFO  [Main] [Imix]: [ImixAI][SEARCH] phase=LEARNED FAILURE -> SEARCHING ALTERNATIVE x=0.0 y=105.0 plan=988 candidate=EARLY failures=989 budget=6 checkpoint=0.0
12:59:47 WARN  [Main] [Imix]: [ImixAI][FAIL] x=1.3 y=105.0 same-region=true -> candidate=LATE plan=989 errors=990/6
12:59:47 INFO  [Main] [Imix]: [ImixAI][ROLLBACK] no safe checkpoint yet; returned to x=0
12:59:47 INFO  [Main] [Imix]: [ImixAI][SEARCH] phase=LEARNED FAILURE -> SEARCHING ALTERNATIVE x=0.0 y=105.0 plan=989 candidate=LATE failures=990 budget=6 checkpoint=0.0
12:59:47 WARN  [Main] [Imix]: [ImixAI][FAIL] x=1.3 y=105.0 same-region=true -> candidate=CENTER plan=990 errors=991/6
12:59:47 INFO  [Main] [Imix]: [ImixAI][ROLLBACK] no safe checkpoint yet; returned to x=0
12:59:47 INFO  [Main] [Imix]: [ImixAI][SEARCH] phase=LEARNED FAILURE -> SEARCHING ALTERNATIVE x=0.0 y=105.0 plan=990 candidate=CENTER failures=991 budget=6 checkpoint=0.0
12:59:47 WARN  [Main] [Imix]: [ImixAI][FAIL] x=1.3 y=105.0 same-region=true -> candidate=EARLY plan=991 errors=992/6
12:59:47 INFO  [Main] [Imix]: [ImixAI][ROLLBACK] no safe checkpoint yet; returned to x=0
12:59:47 INFO  [Main] [Imix]: [ImixAI][SEARCH] phase=LEARNED FAILURE -> SEARCHING ALTERNATIVE x=0.0 y=105.0 plan=991 candidate=EARLY failures=992 budget=6 checkpoint=0.0
12:59:47 WARN  [Main] [Imix]: [ImixAI][FAIL] x=1.3 y=105.0 same-region=true -> candidate=LATE plan=992 errors=993/6
12:59:47 INFO  [Main] [Imix]: [ImixAI][ROLLBACK] no safe checkpoint yet; returned to x=0
12:59:47 INFO  [Main] [Imix]: [ImixAI][SEARCH] phase=LEARNED FAILURE -> SEARCHING ALTERNATIVE x=0.0 y=105.0 plan=992 candidate=LATE failures=993 budget=6 checkpoint=0.0
12:59:47 WARN  [Main] [Imix]: [ImixAI][FAIL] x=1.3 y=105.0 same-region=true -> candidate=CENTER plan=993 errors=994/6
12:59:47 INFO  [Main] [Imix]: [ImixAI][ROLLBACK] no safe checkpoint yet; returned to x=0
12:59:47 INFO  [Main] [Imix]: [ImixAI][SEARCH] phase=LEARNED FAILURE -> SEARCHING ALTERNATIVE x=0.0 y=105.0 plan=993 candidate=CENTER failures=994 budget=6 checkpoint=0.0
12:59:47 WARN  [Main] [Imix]: [ImixAI][FAIL] x=1.3 y=105.0 same-region=true -> candidate=EARLY plan=994 errors=995/6
12:59:47 INFO  [Main] [Imix]: [ImixAI][ROLLBACK] no safe checkpoint yet; returned to x=0
12:59:47 INFO  [Main] [Imix]: [ImixAI][SEARCH] phase=LEARNED FAILURE -> SEARCHING ALTERNATIVE x=0.0 y=105.0 plan=994 candidate=EARLY failures=995 budget=6 checkpoint=0.0
12:59:47 WARN  [Main] [Imix]: [ImixAI][FAIL] x=1.3 y=105.0 same-region=true -> candidate=LATE plan=995 errors=996/6
12:59:47 INFO  [Main] [Imix]: [ImixAI][ROLLBACK] no safe checkpoint yet; returned to x=0
12:59:47 INFO  [Main] [Imix]: [ImixAI][SEARCH] phase=LEARNED FAILURE -> SEARCHING ALTERNATIVE x=0.0 y=105.0 plan=995 candidate=LATE failures=996 budget=6 checkpoint=0.0
12:59:47 WARN  [Main] [Imix]: [ImixAI][FAIL] x=1.3 y=105.0 same-region=true -> candidate=CENTER plan=996 errors=997/6
12:59:47 INFO  [Main] [Imix]: [ImixAI][ROLLBACK] no safe checkpoint yet; returned to x=0
12:59:47 INFO  [Main] [Imix]: [ImixAI][SEARCH] phase=LEARNED FAILURE -> SEARCHING ALTERNATIVE x=0.0 y=105.0 plan=996 candidate=CENTER failures=997 budget=6 checkpoint=0.0
12:59:47 WARN  [Main] [Imix]: [ImixAI][FAIL] x=1.3 y=105.0 same-region=true -> candidate=EARLY plan=997 errors=998/6
12:59:47 INFO  [Main] [Imix]: [ImixAI][ROLLBACK] no safe checkpoint yet; returned to x=0
12:59:47 INFO  [Main] [Imix]: [ImixAI][SEARCH] phase=LEARNED FAILURE -> SEARCHING ALTERNATIVE x=0.0 y=105.0 plan=997 candidate=EARLY failures=998 budget=6 checkpoint=0.0
12:59:47 WARN  [Main] [Imix]: [ImixAI][FAIL] x=1.3 y=105.0 same-region=true -> candidate=LATE plan=998 errors=999/6
12:59:47 INFO  [Main] [Imix]: [ImixAI][ROLLBACK] no safe checkpoint yet; returned to x=0
12:59:47 INFO  [Main] [Imix]: [ImixAI][SEARCH] phase=LEARNED FAILURE -> SEARCHING ALTERNATIVE x=0.0 y=105.0 plan=998 candidate=LATE failures=999 budget=6 checkpoint=0.0
12:59:47 WARN  [Main] [Imix]: [ImixAI][FAIL] x=1.3 y=105.0 same-region=true -> candidate=CENTER plan=999 errors=1000/6
12:59:47 INFO  [Main] [Imix]: [ImixAI][ROLLBACK] no safe checkpoint yet; returned to x=0
12:59:47 INFO  [Main] [Imix]: [ImixAI][SEARCH] phase=LEARNED FAILURE -> SEARCHING ALTERNATIVE x=0.0 y=105.0 plan=999 candidate=CENTER failures=1000 budget=6 checkpoint=0.0
12:59:47 WARN  [Main] [Imix]: [ImixAI][FAIL] x=1.3 y=105.0 same-region=true -> candidate=EARLY plan=1000 errors=1001/6
12:59:47 INFO  [Main] [Imix]: [ImixAI][ROLLBACK] no safe checkpoint yet; returned to x=0
12:59:47 INFO  [Main] [Imix]: [ImixAI][SEARCH] phase=LEARNED FAILURE -> SEARCHING ALTERNATIVE x=0.0 y=105.0 plan=1000 candidate=EARLY failures=1001 budget=6 checkpoint=0.0
12:59:47 WARN  [Main] [Imix]: [ImixAI][FAIL] x=1.3 y=105.0 same-region=true -> candidate=LATE plan=1001 errors=1002/6
12:59:47 INFO  [Main] [Imix]: [ImixAI][ROLLBACK] no safe checkpoint yet; returned to x=0
12:59:47 INFO  [Main] [Imix]: [ImixAI][SEARCH] phase=LEARNED FAILURE -> SEARCHING ALTERNATIVE x=0.0 y=105.0 plan=1001 candidate=LATE failures=1002 budget=6 checkpoint=0.0
12:59:47 WARN  [Main] [Imix]: [ImixAI][FAIL] x=1.3 y=105.0 same-region=true -> candidate=CENTER plan=1002 errors=1003/6
12:59:47 INFO  [Main] [Imix]: [ImixAI][ROLLBACK] no safe checkpoint yet; returned to x=0
12:59:47 INFO  [Main] [Imix]: [ImixAI][SEARCH] phase=LEARNED FAILURE -> SEARCHING ALTERNATIVE x=0.0 y=105.0 plan=1002 candidate=CENTER failures=1003 budget=6 checkpoint=0.0
12:59:47 WARN  [Main] [Imix]: [ImixAI][FAIL] x=1.3 y=105.0 same-region=true -> candidate=EARLY plan=1003 errors=1004/6
12:59:47 INFO  [Main] [Imix]: [ImixAI][ROLLBACK] no safe checkpoint yet; returned to x=0
12:59:47 INFO  [Main] [Imix]: [ImixAI][SEARCH] phase=LEARNED FAILURE -> SEARCHING ALTERNATIVE x=0.0 y=105.0 plan=1003 candidate=EARLY failures=1004 budget=6 checkpoint=0.0
12:59:47 WARN  [Main] [Imix]: [ImixAI][FAIL] x=1.3 y=105.0 same-region=true -> candidate=LATE plan=1004 errors=1005/6
12:59:47 INFO  [Main] [Imix]: [ImixAI][ROLLBACK] no safe checkpoint yet; returned to x=0
12:59:47 INFO  [Main] [Imix]: [ImixAI][SEARCH] phase=LEARNED FAILURE -> SEARCHING ALTERNATIVE x=0.0 y=105.0 plan=1004 candidate=LATE failures=1005 budget=6 checkpoint=0.0
12:59:47 WARN  [Main] [Imix]: [ImixAI][FAIL] x=1.3 y=105.0 same-region=true -> candidate=CENTER plan=1005 errors=1006/6
12:59:47 INFO  [Main] [Imix]: [ImixAI][ROLLBACK] no safe checkpoint yet; returned to x=0
12:59:47 INFO  [Main] [Imix]: [ImixAI][SEARCH] phase=LEARNED FAILURE -> SEARCHING ALTERNATIVE x=0.0 y=105.0 plan=1005 candidate=CENTER failures=1006 budget=6 checkpoint=0.0
12:59:47 WARN  [Main] [Imix]: [ImixAI][FAIL] x=1.3 y=105.0 same-region=true -> candidate=EARLY plan=1006 errors=1007/6
12:59:47 INFO  [Main] [Imix]: [ImixAI][ROLLBACK] no safe checkpoint yet; returned to x=0
12:59:47 INFO  [Main] [Imix]: [ImixAI][SEARCH] phase=LEARNED FAILURE -> SEARCHING ALTERNATIVE x=0.0 y=105.0 plan=1006 candidate=EARLY failures=1007 budget=6 checkpoint=0.0
12:59:47 WARN  [Main] [Imix]: [ImixAI][FAIL] x=1.3 y=105.0 same-region=true -> candidate=LATE plan=1007 errors=1008/6
12:59:47 INFO  [Main] [Imix]: [ImixAI][ROLLBACK] no safe checkpoint yet; returned to x=0
12:59:47 INFO  [Main] [Imix]: [ImixAI][SEARCH] phase=LEARNED FAILURE -> SEARCHING ALTERNATIVE x=0.0 y=105.0 plan=1007 candidate=LATE failures=1008 budget=6 checkpoint=0.0
12:59:47 WARN  [Main] [Imix]: [ImixAI][FAIL] x=1.3 y=105.0 same-region=true -> candidate=CENTER plan=1008 errors=1009/6
12:59:47 INFO  [Main] [Imix]: [ImixAI][ROLLBACK] no safe checkpoint yet; returned to x=0
12:59:47 INFO  [Main] [Imix]: [ImixAI][SEARCH] phase=LEARNED FAILURE -> SEARCHING ALTERNATIVE x=0.0 y=105.0 plan=1008 candidate=CENTER failures=1009 budget=6 checkpoint=0.0
12:59:47 WARN  [Main] [Imix]: [ImixAI][FAIL] x=1.3 y=105.0 same-region=true -> candidate=EARLY plan=1009 errors=1010/6
12:59:47 INFO  [Main] [Imix]: [ImixAI][ROLLBACK] no safe checkpoint yet; returned to x=0
12:59:47 INFO  [Main] [Imix]: [ImixAI][SEARCH] phase=LEARNED FAILURE -> SEARCHING ALTERNATIVE x=0.0 y=105.0 plan=1009 candidate=EARLY failures=1010 budget=6 checkpoint=0.0
12:59:47 WARN  [Main] [Imix]: [ImixAI][FAIL] x=1.3 y=105.0 same-region=true -> candidate=LATE plan=1010 errors=1011/6
12:59:47 INFO  [Main] [Imix]: [ImixAI][ROLLBACK] no safe checkpoint yet; returned to x=0
12:59:47 INFO  [Main] [Imix]: [ImixAI][SEARCH] phase=LEARNED FAILURE -> SEARCHING ALTERNATIVE x=0.0 y=105.0 plan=1010 candidate=LATE failures=1011 budget=6 checkpoint=0.0
12:59:47 WARN  [Main] [Imix]: [ImixAI][FAIL] x=1.3 y=105.0 same-region=true -> candidate=CENTER plan=1011 errors=1012/6
12:59:47 INFO  [Main] [Imix]: [ImixAI][ROLLBACK] no safe checkpoint yet; returned to x=0
12:59:47 INFO  [Main] [Imix]: [ImixAI][SEARCH] phase=LEARNED FAILURE -> SEARCHING ALTERNATIVE x=0.0 y=105.0 plan=1011 candidate=CENTER failures=1012 budget=6 checkpoint=0.0
12:59:47 WARN  [Main] [Imix]: [ImixAI][FAIL] x=1.3 y=105.0 same-region=true -> candidate=EARLY plan=1012 errors=1013/6
12:59:47 INFO  [Main] [Imix]: [ImixAI][ROLLBACK] no safe checkpoint yet; returned to x=0
12:59:47 INFO  [Main] [Imix]: [ImixAI][SEARCH] phase=LEARNED FAILURE -> SEARCHING ALTERNATIVE x=0.0 y=105.0 plan=1012 candidate=EARLY failures=1013 budget=6 checkpoint=0.0
12:59:47 WARN  [Main] [Imix]: [ImixAI][FAIL] x=1.3 y=105.0 same-region=true -> candidate=LATE plan=1013 errors=1014/6
12:59:47 INFO  [Main] [Imix]: [ImixAI][ROLLBACK] no safe checkpoint yet; returned to x=0
12:59:47 INFO  [Main] [Imix]: [ImixAI][SEARCH] phase=LEARNED FAILURE -> SEARCHING ALTERNATIVE x=0.0 y=105.0 plan=1013 candidate=LATE failures=1014 budget=6 checkpoint=0.0
12:59:47 WARN  [Main] [Imix]: [ImixAI][FAIL] x=1.3 y=105.0 same-region=true -> candidate=CENTER plan=1014 errors=1015/6
12:59:47 INFO  [Main] [Imix]: [ImixAI][ROLLBACK] no safe checkpoint yet; returned to x=0
12:59:47 INFO  [Main] [Imix]: [ImixAI][SEARCH] phase=LEARNED FAILURE -> SEARCHING ALTERNATIVE x=0.0 y=105.0 plan=1014 candidate=CENTER failures=1015 budget=6 checkpoint=0.0
12:59:47 WARN  [Main] [Imix]: [ImixAI][FAIL] x=1.3 y=105.0 same-region=true -> candidate=EARLY plan=1015 errors=1016/6
12:59:47 INFO  [Main] [Imix]: [ImixAI][ROLLBACK] no safe checkpoint yet; returned to x=0
12:59:47 INFO  [Main] [Imix]: [ImixAI][SEARCH] phase=LEARNED FAILURE -> SEARCHING ALTERNATIVE x=0.0 y=105.0 plan=1015 candidate=EARLY failures=1016 budget=6 checkpoint=0.0
12:59:47 WARN  [Main] [Imix]: [ImixAI][FAIL] x=1.3 y=105.0 same-region=true -> candidate=LATE plan=1016 errors=1017/6
12:59:47 INFO  [Main] [Imix]: [ImixAI][ROLLBACK] no safe checkpoint yet; returned to x=0
12:59:47 INFO  [Main] [Imix]: [ImixAI][SEARCH] phase=LEARNED FAILURE -> SEARCHING ALTERNATIVE x=0.0 y=105.0 plan=1016 candidate=LATE failures=1017 budget=6 checkpoint=0.0
12:59:47 WARN  [Main] [Imix]: [ImixAI][FAIL] x=1.3 y=105.0 same-region=true -> candidate=CENTER plan=1017 errors=1018/6
12:59:47 INFO  [Main] [Imix]: [ImixAI][ROLLBACK] no safe checkpoint yet; returned to x=0
12:59:47 INFO  [Main] [Imix]: [ImixAI][SEARCH] phase=LEARNED FAILURE -> SEARCHING ALTERNATIVE x=0.0 y=105.0 plan=1017 candidate=CENTER failures=1018 budget=6 checkpoint=0.0
12:59:47 WARN  [Main] [Imix]: [ImixAI][FAIL] x=1.3 y=105.0 same-region=true -> candidate=EARLY plan=1018 errors=1019/6
12:59:47 INFO  [Main] [Imix]: [ImixAI][ROLLBACK] no safe checkpoint yet; returned to x=0
12:59:47 INFO  [Main] [Imix]: [ImixAI][SEARCH] phase=LEARNED FAILURE -> SEARCHING ALTERNATIVE x=0.0 y=105.0 plan=1018 candidate=EARLY failures=1019 budget=6 checkpoint=0.0
12:59:47 WARN  [Main] [Imix]: [ImixAI][FAIL] x=1.3 y=105.0 same-region=true -> candidate=LATE plan=1019 errors=1020/6
12:59:47 INFO  [Main] [Imix]: [ImixAI][ROLLBACK] no safe checkpoint yet; returned to x=0
12:59:47 INFO  [Main] [Imix]: [ImixAI][SEARCH] phase=LEARNED FAILURE -> SEARCHING ALTERNATIVE x=0.0 y=105.0 plan=1019 candidate=LATE failures=1020 budget=6 checkpoint=0.0
12:59:47 WARN  [Main] [Imix]: [ImixAI][FAIL] x=1.3 y=105.0 same-region=true -> candidate=CENTER plan=1020 errors=1021/6
12:59:47 INFO  [Main] [Imix]: [ImixAI][ROLLBACK] no safe checkpoint yet; returned to x=0
12:59:47 INFO  [Main] [Imix]: [ImixAI][SEARCH] phase=LEARNED FAILURE -> SEARCHING ALTERNATIVE x=0.0 y=105.0 plan=1020 candidate=CENTER failures=1021 budget=6 checkpoint=0.0
12:59:47 WARN  [Main] [Imix]: [ImixAI][FAIL] x=1.3 y=105.0 same-region=true -> candidate=EARLY plan=1021 errors=1022/6
12:59:47 INFO  [Main] [Imix]: [ImixAI][ROLLBACK] no safe checkpoint yet; returned to x=0
12:59:47 INFO  [Main] [Imix]: [ImixAI][SEARCH] phase=LEARNED FAILURE -> SEARCHING ALTERNATIVE x=0.0 y=105.0 plan=1021 candidate=EARLY failures=1022 budget=6 checkpoint=0.0
12:59:47 WARN  [Main] [Imix]: [ImixAI][FAIL] x=1.3 y=105.0 same-region=true -> candidate=LATE plan=1022 errors=1023/6
12:59:47 INFO  [Main] [Imix]: [ImixAI][ROLLBACK] no safe checkpoint yet; returned to x=0
12:59:47 INFO  [Main] [Imix]: [ImixAI][SEARCH] phase=LEARNED FAILURE -> SEARCHING ALTERNATIVE x=0.0 y=105.0 plan=1022 candidate=LATE failures=1023 budget=6 checkpoint=0.0
12:59:47 WARN  [Main] [Imix]: [ImixAI][FAIL] x=1.3 y=105.0 same-region=true -> candidate=CENTER plan=1023 errors=1024/6
12:59:47 INFO  [Main] [Imix]: [ImixAI][ROLLBACK] no safe checkpoint yet; returned to x=0
12:59:47 INFO  [Main] [Imix]: [ImixAI][SEARCH] phase=LEARNED FAILURE -> SEARCHING ALTERNATIVE x=0.0 y=105.0 plan=1023 candidate=CENTER failures=1024 budget=6 checkpoint=0.0
12:59:47 WARN  [Main] [Imix]: [ImixAI][FAIL] x=1.3 y=105.0 same-region=true -> candidate=EARLY plan=1024 errors=1025/6
12:59:47 INFO  [Main] [Imix]: [ImixAI][ROLLBACK] no safe checkpoint yet; returned to x=0
12:59:47 INFO  [Main] [Imix]: [ImixAI][SEARCH] phase=LEARNED FAILURE -> SEARCHING ALTERNATIVE x=0.0 y=105.0 plan=1024 candidate=EARLY failures=1025 budget=6 checkpoint=0.0
12:59:47 WARN  [Main] [Imix]: [ImixAI][FAIL] x=1.3 y=105.0 same-region=true -> candidate=LATE plan=1025 errors=1026/6
12:59:47 INFO  [Main] [Imix]: [ImixAI][ROLLBACK] no safe checkpoint yet; returned to x=0
12:59:47 INFO  [Main] [Imix]: [ImixAI][SEARCH] phase=LEARNED FAILURE -> SEARCHING ALTERNATIVE x=0.0 y=105.0 plan=1025 candidate=LATE failures=1026 budget=6 checkpoint=0.0
12:59:47 WARN  [Main] [Imix]: [ImixAI][FAIL] x=1.3 y=105.0 same-region=true -> candidate=CENTER plan=1026 errors=1027/6
12:59:47 INFO  [Main] [Imix]: [ImixAI][ROLLBACK] no safe checkpoint yet; returned to x=0
12:59:47 INFO  [Main] [Imix]: [ImixAI][SEARCH] phase=LEARNED FAILURE -> SEARCHING ALTERNATIVE x=0.0 y=105.0 plan=1026 candidate=CENTER failures=1027 budget=6 checkpoint=0.0
12:59:47 WARN  [Main] [Imix]: [ImixAI][FAIL] x=1.3 y=105.0 same-region=true -> candidate=EARLY plan=1027 errors=1028/6
12:59:47 INFO  [Main] [Imix]: [ImixAI][ROLLBACK] no safe checkpoint yet; returned to x=0
12:59:47 INFO  [Main] [Imix]: [ImixAI][SEARCH] phase=LEARNED FAILURE -> SEARCHING ALTERNATIVE x=0.0 y=105.0 plan=1027 candidate=EARLY failures=1028 budget=6 checkpoint=0.0
12:59:47 WARN  [Main] [Imix]: [ImixAI][FAIL] x=1.3 y=105.0 same-region=true -> candidate=LATE plan=1028 errors=1029/6
12:59:47 INFO  [Main] [Imix]: [ImixAI][ROLLBACK] no safe checkpoint yet; returned to x=0
12:59:47 INFO  [Main] [Imix]: [ImixAI][SEARCH] phase=LEARNED FAILURE -> SEARCHING ALTERNATIVE x=0.0 y=105.0 plan=1028 candidate=LATE failures=1029 budget=6 checkpoint=0.0
12:59:47 WARN  [Main] [Imix]: [ImixAI][FAIL] x=1.3 y=105.0 same-region=true -> candidate=CENTER plan=1029 errors=1030/6
12:59:47 INFO  [Main] [Imix]: [ImixAI][ROLLBACK] no safe checkpoint yet; returned to x=0
12:59:47 INFO  [Main] [Imix]: [ImixAI][SEARCH] phase=LEARNED FAILURE -> SEARCHING ALTERNATIVE x=0.0 y=105.0 plan=1029 candidate=CENTER failures=1030 budget=6 checkpoint=0.0
12:59:47 WARN  [Main] [Imix]: [ImixAI][FAIL] x=1.3 y=105.0 same-region=true -> candidate=EARLY plan=1030 errors=1031/6
12:59:47 INFO  [Main] [Imix]: [ImixAI][ROLLBACK] no safe checkpoint yet; returned to x=0
12:59:47 INFO  [Main] [Imix]: [ImixAI][SEARCH] phase=LEARNED FAILURE -> SEARCHING ALTERNATIVE x=0.0 y=105.0 plan=1030 candidate=EARLY failures=1031 budget=6 checkpoint=0.0
12:59:47 WARN  [Main] [Imix]: [ImixAI][FAIL] x=1.3 y=105.0 same-region=true -> candidate=LATE plan=1031 errors=1032/6
12:59:47 INFO  [Main] [Imix]: [ImixAI][ROLLBACK] no safe checkpoint yet; returned to x=0
12:59:47 INFO  [Main] [Imix]: [ImixAI][SEARCH] phase=LEARNED FAILURE -> SEARCHING ALTERNATIVE x=0.0 y=105.0 plan=1031 candidate=LATE failures=1032 budget=6 checkpoint=0.0
12:59:47 WARN  [Main] [Imix]: [ImixAI][FAIL] x=1.3 y=105.0 same-region=true -> candidate=CENTER plan=1032 errors=1033/6
12:59:47 INFO  [Main] [Imix]: [ImixAI][ROLLBACK] no safe checkpoint yet; returned to x=0
12:59:47 INFO  [Main] [Imix]: [ImixAI][SEARCH] phase=LEARNED FAILURE -> SEARCHING ALTERNATIVE x=0.0 y=105.0 plan=1032 candidate=CENTER failures=1033 budget=6 checkpoint=0.0
12:59:47 WARN  [Main] [Imix]: [ImixAI][FAIL] x=1.3 y=105.0 same-region=true -> candidate=EARLY plan=1033 errors=1034/6
12:59:47 INFO  [Main] [Imix]: [ImixAI][ROLLBACK] no safe checkpoint yet; returned to x=0
12:59:47 INFO  [Main] [Imix]: [ImixAI][SEARCH] phase=LEARNED FAILURE -> SEARCHING ALTERNATIVE x=0.0 y=105.0 plan=1033 candidate=EARLY failures=1034 budget=6 checkpoint=0.0
12:59:47 WARN  [Main] [Imix]: [ImixAI][FAIL] x=1.3 y=105.0 same-region=true -> candidate=LATE plan=1034 errors=1035/6
12:59:47 INFO  [Main] [Imix]: [ImixAI][ROLLBACK] no safe checkpoint yet; returned to x=0
12:59:47 INFO  [Main] [Imix]: [ImixAI][SEARCH] phase=LEARNED FAILURE -> SEARCHING ALTERNATIVE x=0.0 y=105.0 plan=1034 candidate=LATE failures=1035 budget=6 checkpoint=0.0
12:59:47 WARN  [Main] [Imix]: [ImixAI][FAIL] x=1.3 y=105.0 same-region=true -> candidate=CENTER plan=1035 errors=1036/6
12:59:47 INFO  [Main] [Imix]: [ImixAI][ROLLBACK] no safe checkpoint yet; returned to x=0
12:59:47 INFO  [Main] [Imix]: [ImixAI][SEARCH] phase=LEARNED FAILURE -> SEARCHING ALTERNATIVE x=0.0 y=105.0 plan=1035 candidate=CENTER failures=1036 budget=6 checkpoint=0.0
12:59:47 WARN  [Main] [Imix]: [ImixAI][FAIL] x=1.3 y=105.0 same-region=true -> candidate=EARLY plan=1036 errors=1037/6
12:59:47 INFO  [Main] [Imix]: [ImixAI][ROLLBACK] no safe checkpoint yet; returned to x=0
12:59:47 INFO  [Main] [Imix]: [ImixAI][SEARCH] phase=LEARNED FAILURE -> SEARCHING ALTERNATIVE x=0.0 y=105.0 plan=1036 candidate=EARLY failures=1037 budget=6 checkpoint=0.0
12:59:47 WARN  [Main] [Imix]: [ImixAI][FAIL] x=1.3 y=105.0 same-region=true -> candidate=LATE plan=1037 errors=1038/6
12:59:47 INFO  [Main] [Imix]: [ImixAI][ROLLBACK] no safe checkpoint yet; returned to x=0
12:59:47 INFO  [Main] [Imix]: [ImixAI][SEARCH] phase=LEARNED FAILURE -> SEARCHING ALTERNATIVE x=0.0 y=105.0 plan=1037 candidate=LATE failures=1038 budget=6 checkpoint=0.0
12:59:47 WARN  [Main] [Imix]: [ImixAI][FAIL] x=1.3 y=105.0 same-region=true -> candidate=CENTER plan=1038 errors=1039/6
12:59:47 INFO  [Main] [Imix]: [ImixAI][ROLLBACK] no safe checkpoint yet; returned to x=0
12:59:47 INFO  [Main] [Imix]: [ImixAI][SEARCH] phase=LEARNED FAILURE -> SEARCHING ALTERNATIVE x=0.0 y=105.0 plan=1038 candidate=CENTER failures=1039 budget=6 checkpoint=0.0
12:59:47 WARN  [Main] [Imix]: [ImixAI][FAIL] x=1.3 y=105.0 same-region=true -> candidate=EARLY plan=1039 errors=1040/6
12:59:47 INFO  [Main] [Imix]: [ImixAI][ROLLBACK] no safe checkpoint yet; returned to x=0
12:59:47 INFO  [Main] [Imix]: [ImixAI][SEARCH] phase=LEARNED FAILURE -> SEARCHING ALTERNATIVE x=0.0 y=105.0 plan=1039 candidate=EARLY failures=1040 budget=6 checkpoint=0.0
12:59:47 WARN  [Main] [Imix]: [ImixAI][FAIL] x=1.3 y=105.0 same-region=true -> candidate=LATE plan=1040 errors=1041/6
12:59:47 INFO  [Main] [Imix]: [ImixAI][ROLLBACK] no safe checkpoint yet; returned to x=0
12:59:47 INFO  [Main] [Imix]: [ImixAI][SEARCH] phase=LEARNED FAILURE -> SEARCHING ALTERNATIVE x=0.0 y=105.0 plan=1040 candidate=LATE failures=1041 budget=6 checkpoint=0.0
12:59:47 WARN  [Main] [Imix]: [ImixAI][FAIL] x=1.3 y=105.0 same-region=true -> candidate=CENTER plan=1041 errors=1042/6
12:59:47 INFO  [Main] [Imix]: [ImixAI][ROLLBACK] no safe checkpoint yet; returned to x=0
12:59:47 INFO  [Main] [Imix]: [ImixAI][SEARCH] phase=LEARNED FAILURE -> SEARCHING ALTERNATIVE x=0.0 y=105.0 plan=1041 candidate=CENTER failures=1042 budget=6 checkpoint=0.0
12:59:47 WARN  [Main] [Imix]: [ImixAI][FAIL] x=1.3 y=105.0 same-region=true -> candidate=EARLY plan=1042 errors=1043/6
12:59:47 INFO  [Main] [Imix]: [ImixAI][ROLLBACK] no safe checkpoint yet; returned to x=0
12:59:47 INFO  [Main] [Imix]: [ImixAI][SEARCH] phase=LEARNED FAILURE -> SEARCHING ALTERNATIVE x=0.0 y=105.0 plan=1042 candidate=EARLY failures=1043 budget=6 checkpoint=0.0
12:59:47 WARN  [Main] [Imix]: [ImixAI][FAIL] x=1.3 y=105.0 same-region=true -> candidate=LATE plan=1043 errors=1044/6
12:59:47 INFO  [Main] [Imix]: [ImixAI][ROLLBACK] no safe checkpoint yet; returned to x=0
12:59:47 INFO  [Main] [Imix]: [ImixAI][SEARCH] phase=LEARNED FAILURE -> SEARCHING ALTERNATIVE x=0.0 y=105.0 plan=1043 candidate=LATE failures=1044 budget=6 checkpoint=0.0
12:59:47 WARN  [Main] [Imix]: [ImixAI][FAIL] x=1.3 y=105.0 same-region=true -> candidate=CENTER plan=1044 errors=1045/6
12:59:47 INFO  [Main] [Imix]: [ImixAI][ROLLBACK] no safe checkpoint yet; returned to x=0
12:59:47 INFO  [Main] [Imix]: [ImixAI][SEARCH] phase=LEARNED FAILURE -> SEARCHING ALTERNATIVE x=0.0 y=105.0 plan=1044 candidate=CENTER failures=1045 budget=6 checkpoint=0.0
12:59:47 WARN  [Main] [Imix]: [ImixAI][FAIL] x=1.3 y=105.0 same-region=true -> candidate=EARLY plan=1045 errors=1046/6
12:59:47 INFO  [Main] [Imix]: [ImixAI][ROLLBACK] no safe checkpoint yet; returned to x=0
12:59:47 INFO  [Main] [Imix]: [ImixAI][SEARCH] phase=LEARNED FAILURE -> SEARCHING ALTERNATIVE x=0.0 y=105.0 plan=1045 candidate=EARLY failures=1046 budget=6 checkpoint=0.0
12:59:47 WARN  [Main] [Imix]: [ImixAI][FAIL] x=1.3 y=105.0 same-region=true -> candidate=LATE plan=1046 errors=1047/6
12:59:47 INFO  [Main] [Imix]: [ImixAI][ROLLBACK] no safe checkpoint yet; returned to x=0
12:59:47 INFO  [Main] [Imix]: [ImixAI][SEARCH] phase=LEARNED FAILURE -> SEARCHING ALTERNATIVE x=0.0 y=105.0 plan=1046 candidate=LATE failures=1047 budget=6 checkpoint=0.0
12:59:47 WARN  [Main] [Imix]: [ImixAI][FAIL] x=1.3 y=105.0 same-region=true -> candidate=CENTER plan=1047 errors=1048/6
12:59:47 INFO  [Main] [Imix]: [ImixAI][ROLLBACK] no safe checkpoint yet; returned to x=0
12:59:47 INFO  [Main] [Imix]: [ImixAI][SEARCH] phase=LEARNED FAILURE -> SEARCHING ALTERNATIVE x=0.0 y=105.0 plan=1047 candidate=CENTER failures=1048 budget=6 checkpoint=0.0
12:59:47 WARN  [Main] [Imix]: [ImixAI][FAIL] x=1.3 y=105.0 same-region=true -> candidate=EARLY plan=1048 errors=1049/6
12:59:47 INFO  [Main] [Imix]: [ImixAI][ROLLBACK] no safe checkpoint yet; returned to x=0
12:59:47 INFO  [Main] [Imix]: [ImixAI][SEARCH] phase=LEARNED FAILURE -> SEARCHING ALTERNATIVE x=0.0 y=105.0 plan=1048 candidate=EARLY failures=1049 budget=6 checkpoint=0.0
12:59:47 WARN  [Main] [Imix]: [ImixAI][FAIL] x=1.3 y=105.0 same-region=true -> candidate=LATE plan=1049 errors=1050/6
12:59:47 INFO  [Main] [Imix]: [ImixAI][ROLLBACK] no safe checkpoint yet; returned to x=0
12:59:47 INFO  [Main] [Imix]: [ImixAI][SEARCH] phase=LEARNED FAILURE -> SEARCHING ALTERNATIVE x=0.0 y=105.0 plan=1049 candidate=LATE failures=1050 budget=6 checkpoint=0.0
12:59:47 WARN  [Main] [Imix]: [ImixAI][FAIL] x=1.3 y=105.0 same-region=true -> candidate=CENTER plan=1050 errors=1051/6
12:59:47 INFO  [Main] [Imix]: [ImixAI][ROLLBACK] no safe checkpoint yet; returned to x=0
12:59:47 INFO  [Main] [Imix]: [ImixAI][SEARCH] phase=LEARNED FAILURE -> SEARCHING ALTERNATIVE x=0.0 y=105.0 plan=1050 candidate=CENTER failures=1051 budget=6 checkpoint=0.0
12:59:47 WARN  [Main] [Imix]: [ImixAI][FAIL] x=1.3 y=105.0 same-region=true -> candidate=EARLY plan=1051 errors=1052/6
12:59:47 INFO  [Main] [Imix]: [ImixAI][ROLLBACK] no safe checkpoint yet; returned to x=0
12:59:47 INFO  [Main] [Imix]: [ImixAI][SEARCH] phase=LEARNED FAILURE -> SEARCHING ALTERNATIVE x=0.0 y=105.0 plan=1051 candidate=EARLY failures=1052 budget=6 checkpoint=0.0
12:59:47 WARN  [Main] [Imix]: [ImixAI][FAIL] x=1.3 y=105.0 same-region=true -> candidate=LATE plan=1052 errors=1053/6
12:59:47 INFO  [Main] [Imix]: [ImixAI][ROLLBACK] no safe checkpoint yet; returned to x=0
12:59:47 INFO  [Main] [Imix]: [ImixAI][SEARCH] phase=LEARNED FAILURE -> SEARCHING ALTERNATIVE x=0.0 y=105.0 plan=1052 candidate=LATE failures=1053 budget=6 checkpoint=0.0
12:59:47 WARN  [Main] [Imix]: [ImixAI][FAIL] x=1.3 y=105.0 same-region=true -> candidate=CENTER plan=1053 errors=1054/6
12:59:47 INFO  [Main] [Imix]: [ImixAI][ROLLBACK] no safe checkpoint yet; returned to x=0
12:59:47 INFO  [Main] [Imix]: [ImixAI][SEARCH] phase=LEARNED FAILURE -> SEARCHING ALTERNATIVE x=0.0 y=105.0 plan=1053 candidate=CENTER failures=1054 budget=6 checkpoint=0.0
12:59:47 WARN  [Main] [Imix]: [ImixAI][FAIL] x=1.3 y=105.0 same-region=true -> candidate=EARLY plan=1054 errors=1055/6
12:59:47 INFO  [Main] [Imix]: [ImixAI][ROLLBACK] no safe checkpoint yet; returned to x=0
12:59:47 INFO  [Main] [Imix]: [ImixAI][SEARCH] phase=LEARNED FAILURE -> SEARCHING ALTERNATIVE x=0.0 y=105.0 plan=1054 candidate=EARLY failures=1055 budget=6 checkpoint=0.0
12:59:47 WARN  [Main] [Imix]: [ImixAI][FAIL] x=1.3 y=105.0 same-region=true -> candidate=LATE plan=1055 errors=1056/6
12:59:47 INFO  [Main] [Imix]: [ImixAI][ROLLBACK] no safe checkpoint yet; returned to x=0
12:59:47 INFO  [Main] [Imix]: [ImixAI][SEARCH] phase=LEARNED FAILURE -> SEARCHING ALTERNATIVE x=0.0 y=105.0 plan=1055 candidate=LATE failures=1056 budget=6 checkpoint=0.0
12:59:47 WARN  [Main] [Imix]: [ImixAI][FAIL] x=1.3 y=105.0 same-region=true -> candidate=CENTER plan=1056 errors=1057/6
12:59:47 INFO  [Main] [Imix]: [ImixAI][ROLLBACK] no safe checkpoint yet; returned to x=0
12:59:47 INFO  [Main] [Imix]: [ImixAI][SEARCH] phase=LEARNED FAILURE -> SEARCHING ALTERNATIVE x=0.0 y=105.0 plan=1056 candidate=CENTER failures=1057 budget=6 checkpoint=0.0
12:59:47 WARN  [Main] [Imix]: [ImixAI][FAIL] x=1.3 y=105.0 same-region=true -> candidate=EARLY plan=1057 errors=1058/6
12:59:47 INFO  [Main] [Imix]: [ImixAI][ROLLBACK] no safe checkpoint yet; returned to x=0
12:59:47 INFO  [Main] [Imix]: [ImixAI][SEARCH] phase=LEARNED FAILURE -> SEARCHING ALTERNATIVE x=0.0 y=105.0 plan=1057 candidate=EARLY failures=1058 budget=6 checkpoint=0.0
12:59:47 WARN  [Main] [Imix]: [ImixAI][FAIL] x=1.3 y=105.0 same-region=true -> candidate=LATE plan=1058 errors=1059/6
12:59:47 INFO  [Main] [Imix]: [ImixAI][ROLLBACK] no safe checkpoint yet; returned to x=0
12:59:47 INFO  [Main] [Imix]: [ImixAI][SEARCH] phase=LEARNED FAILURE -> SEARCHING ALTERNATIVE x=0.0 y=105.0 plan=1058 candidate=LATE failures=1059 budget=6 checkpoint=0.0
12:59:47 WARN  [Main] [Imix]: [ImixAI][FAIL] x=1.3 y=105.0 same-region=true -> candidate=CENTER plan=1059 errors=1060/6
12:59:47 INFO  [Main] [Imix]: [ImixAI][ROLLBACK] no safe checkpoint yet; returned to x=0
12:59:47 INFO  [Main] [Imix]: [ImixAI][SEARCH] phase=LEARNED FAILURE -> SEARCHING ALTERNATIVE x=0.0 y=105.0 plan=1059 candidate=CENTER failures=1060 budget=6 checkpoint=0.0
12:59:47 WARN  [Main] [Imix]: [ImixAI][FAIL] x=1.3 y=105.0 same-region=true -> candidate=EARLY plan=1060 errors=1061/6
12:59:47 INFO  [Main] [Imix]: [ImixAI][ROLLBACK] no safe checkpoint yet; returned to x=0
12:59:47 INFO  [Main] [Imix]: [ImixAI][SEARCH] phase=LEARNED FAILURE -> SEARCHING ALTERNATIVE x=0.0 y=105.0 plan=1060 candidate=EARLY failures=1061 budget=6 checkpoint=0.0
12:59:47 WARN  [Main] [Imix]: [ImixAI][FAIL] x=1.3 y=105.0 same-region=true -> candidate=LATE plan=1061 errors=1062/6
12:59:47 INFO  [Main] [Imix]: [ImixAI][ROLLBACK] no safe checkpoint yet; returned to x=0
12:59:47 INFO  [Main] [Imix]: [ImixAI][SEARCH] phase=LEARNED FAILURE -> SEARCHING ALTERNATIVE x=0.0 y=105.0 plan=1061 candidate=LATE failures=1062 budget=6 checkpoint=0.0
12:59:47 WARN  [Main] [Imix]: [ImixAI][FAIL] x=1.3 y=105.0 same-region=true -> candidate=CENTER plan=1062 errors=1063/6
12:59:47 INFO  [Main] [Imix]: [ImixAI][ROLLBACK] no safe checkpoint yet; returned to x=0
12:59:47 INFO  [Main] [Imix]: [ImixAI][SEARCH] phase=LEARNED FAILURE -> SEARCHING ALTERNATIVE x=0.0 y=105.0 plan=1062 candidate=CENTER failures=1063 budget=6 checkpoint=0.0
12:59:47 WARN  [Main] [Imix]: [ImixAI][FAIL] x=1.3 y=105.0 same-region=true -> candidate=EARLY plan=1063 errors=1064/6
12:59:47 INFO  [Main] [Imix]: [ImixAI][ROLLBACK] no safe checkpoint yet; returned to x=0
12:59:47 INFO  [Main] [Imix]: [ImixAI][SEARCH] phase=LEARNED FAILURE -> SEARCHING ALTERNATIVE x=0.0 y=105.0 plan=1063 candidate=EARLY failures=1064 budget=6 checkpoint=0.0
12:59:47 WARN  [Main] [Imix]: [ImixAI][FAIL] x=1.3 y=105.0 same-region=true -> candidate=LATE plan=1064 errors=1065/6
12:59:47 INFO  [Main] [Imix]: [ImixAI][ROLLBACK] no safe checkpoint yet; returned to x=0
12:59:47 INFO  [Main] [Imix]: [ImixAI][SEARCH] phase=LEARNED FAILURE -> SEARCHING ALTERNATIVE x=0.0 y=105.0 plan=1064 candidate=LATE failures=1065 budget=6 checkpoint=0.0
12:59:47 WARN  [Main] [Imix]: [ImixAI][FAIL] x=1.3 y=105.0 same-region=true -> candidate=CENTER plan=1065 errors=1066/6
12:59:47 INFO  [Main] [Imix]: [ImixAI][ROLLBACK] no safe checkpoint yet; returned to x=0
12:59:47 INFO  [Main] [Imix]: [ImixAI][SEARCH] phase=LEARNED FAILURE -> SEARCHING ALTERNATIVE x=0.0 y=105.0 plan=1065 candidate=CENTER failures=1066 budget=6 checkpoint=0.0
12:59:47 WARN  [Main] [Imix]: [ImixAI][FAIL] x=1.3 y=105.0 same-region=true -> candidate=EARLY plan=1066 errors=1067/6
12:59:47 INFO  [Main] [Imix]: [ImixAI][ROLLBACK] no safe checkpoint yet; returned to x=0
12:59:47 INFO  [Main] [Imix]: [ImixAI][SEARCH] phase=LEARNED FAILURE -> SEARCHING ALTERNATIVE x=0.0 y=105.0 plan=1066 candidate=EARLY failures=1067 budget=6 checkpoint=0.0
12:59:47 WARN  [Main] [Imix]: [ImixAI][FAIL] x=1.3 y=105.0 same-region=true -> candidate=LATE plan=1067 errors=1068/6
12:59:47 INFO  [Main] [Imix]: [ImixAI][ROLLBACK] no safe checkpoint yet; returned to x=0
12:59:47 INFO  [Main] [Imix]: [ImixAI][SEARCH] phase=LEARNED FAILURE -> SEARCHING ALTERNATIVE x=0.0 y=105.0 plan=1067 candidate=LATE failures=1068 budget=6 checkpoint=0.0
12:59:47 WARN  [Main] [Imix]: [ImixAI][FAIL] x=1.3 y=105.0 same-region=true -> candidate=CENTER plan=1068 errors=1069/6
12:59:47 INFO  [Main] [Imix]: [ImixAI][ROLLBACK] no safe checkpoint yet; returned to x=0
12:59:47 INFO  [Main] [Imix]: [ImixAI][SEARCH] phase=LEARNED FAILURE -> SEARCHING ALTERNATIVE x=0.0 y=105.0 plan=1068 candidate=CENTER failures=1069 budget=6 checkpoint=0.0
12:59:47 WARN  [Main] [Imix]: [ImixAI][FAIL] x=1.3 y=105.0 same-region=true -> candidate=EARLY plan=1069 errors=1070/6
12:59:47 INFO  [Main] [Imix]: [ImixAI][ROLLBACK] no safe checkpoint yet; returned to x=0
12:59:47 INFO  [Main] [Imix]: [ImixAI][SEARCH] phase=LEARNED FAILURE -> SEARCHING ALTERNATIVE x=0.0 y=105.0 plan=1069 candidate=EARLY failures=1070 budget=6 checkpoint=0.0
12:59:47 WARN  [Main] [Imix]: [ImixAI][FAIL] x=1.3 y=105.0 same-region=true -> candidate=LATE plan=1070 errors=1071/6
12:59:47 INFO  [Main] [Imix]: [ImixAI][ROLLBACK] no safe checkpoint yet; returned to x=0
12:59:47 INFO  [Main] [Imix]: [ImixAI][SEARCH] phase=LEARNED FAILURE -> SEARCHING ALTERNATIVE x=0.0 y=105.0 plan=1070 candidate=LATE failures=1071 budget=6 checkpoint=0.0
12:59:47 WARN  [Main] [Imix]: [ImixAI][FAIL] x=1.3 y=105.0 same-region=true -> candidate=CENTER plan=1071 errors=1072/6
12:59:47 INFO  [Main] [Imix]: [ImixAI][ROLLBACK] no safe checkpoint yet; returned to x=0
12:59:47 INFO  [Main] [Imix]: [ImixAI][SEARCH] phase=LEARNED FAILURE -> SEARCHING ALTERNATIVE x=0.0 y=105.0 plan=1071 candidate=CENTER failures=1072 budget=6 checkpoint=0.0
12:59:47 WARN  [Main] [Imix]: [ImixAI][FAIL] x=1.3 y=105.0 same-region=true -> candidate=EARLY plan=1072 errors=1073/6
12:59:47 INFO  [Main] [Imix]: [ImixAI][ROLLBACK] no safe checkpoint yet; returned to x=0
12:59:47 INFO  [Main] [Imix]: [ImixAI][SEARCH] phase=LEARNED FAILURE -> SEARCHING ALTERNATIVE x=0.0 y=105.0 plan=1072 candidate=EARLY failures=1073 budget=6 checkpoint=0.0
12:59:47 WARN  [Main] [Imix]: [ImixAI][FAIL] x=1.3 y=105.0 same-region=true -> candidate=LATE plan=1073 errors=1074/6
12:59:47 INFO  [Main] [Imix]: [ImixAI][ROLLBACK] no safe checkpoint yet; returned to x=0
12:59:47 INFO  [Main] [Imix]: [ImixAI][SEARCH] phase=LEARNED FAILURE -> SEARCHING ALTERNATIVE x=0.0 y=105.0 plan=1073 candidate=LATE failures=1074 budget=6 checkpoint=0.0
12:59:47 WARN  [Main] [Imix]: [ImixAI][FAIL] x=1.3 y=105.0 same-region=true -> candidate=CENTER plan=1074 errors=1075/6
12:59:47 INFO  [Main] [Imix]: [ImixAI][ROLLBACK] no safe checkpoint yet; returned to x=0
12:59:47 INFO  [Main] [Imix]: [ImixAI][SEARCH] phase=LEARNED FAILURE -> SEARCHING ALTERNATIVE x=0.0 y=105.0 plan=1074 candidate=CENTER failures=1075 budget=6 checkpoint=0.0
12:59:47 WARN  [Main] [Imix]: [ImixAI][FAIL] x=1.3 y=105.0 same-region=true -> candidate=EARLY plan=1075 errors=1076/6
12:59:47 INFO  [Main] [Imix]: [ImixAI][ROLLBACK] no safe checkpoint yet; returned to x=0
12:59:47 INFO  [Main] [Imix]: [ImixAI][SEARCH] phase=LEARNED FAILURE -> SEARCHING ALTERNATIVE x=0.0 y=105.0 plan=1075 candidate=EARLY failures=1076 budget=6 checkpoint=0.0
12:59:47 WARN  [Main] [Imix]: [ImixAI][FAIL] x=1.3 y=105.0 same-region=true -> candidate=LATE plan=1076 errors=1077/6
12:59:47 INFO  [Main] [Imix]: [ImixAI][ROLLBACK] no safe checkpoint yet; returned to x=0
12:59:47 INFO  [Main] [Imix]: [ImixAI][SEARCH] phase=LEARNED FAILURE -> SEARCHING ALTERNATIVE x=0.0 y=105.0 plan=1076 candidate=LATE failures=1077 budget=6 checkpoint=0.0
12:59:47 WARN  [Main] [Imix]: [ImixAI][FAIL] x=1.3 y=105.0 same-region=true -> candidate=CENTER plan=1077 errors=1078/6
12:59:47 INFO  [Main] [Imix]: [ImixAI][ROLLBACK] no safe checkpoint yet; returned to x=0
12:59:47 INFO  [Main] [Imix]: [ImixAI][SEARCH] phase=LEARNED FAILURE -> SEARCHING ALTERNATIVE x=0.0 y=105.0 plan=1077 candidate=CENTER failures=1078 budget=6 checkpoint=0.0
12:59:47 WARN  [Main] [Imix]: [ImixAI][FAIL] x=1.3 y=105.0 same-region=true -> candidate=EARLY plan=1078 errors=1079/6
12:59:47 INFO  [Main] [Imix]: [ImixAI][ROLLBACK] no safe checkpoint yet; returned to x=0
12:59:47 INFO  [Main] [Imix]: [ImixAI][SEARCH] phase=LEARNED FAILURE -> SEARCHING ALTERNATIVE x=0.0 y=105.0 plan=1078 candidate=EARLY failures=1079 budget=6 checkpoint=0.0
12:59:47 WARN  [Main] [Imix]: [ImixAI][FAIL] x=1.3 y=105.0 same-region=true -> candidate=LATE plan=1079 errors=1080/6
12:59:47 INFO  [Main] [Imix]: [ImixAI][ROLLBACK] no safe checkpoint yet; returned to x=0
12:59:47 INFO  [Main] [Imix]: [ImixAI][SEARCH] phase=LEARNED FAILURE -> SEARCHING ALTERNATIVE x=0.0 y=105.0 plan=1079 candidate=LATE failures=1080 budget=6 checkpoint=0.0
12:59:47 WARN  [Main] [Imix]: [ImixAI][FAIL] x=1.3 y=105.0 same-region=true -> candidate=CENTER plan=1080 errors=1081/6
12:59:47 INFO  [Main] [Imix]: [ImixAI][ROLLBACK] no safe checkpoint yet; returned to x=0
12:59:47 INFO  [Main] [Imix]: [ImixAI][SEARCH] phase=LEARNED FAILURE -> SEARCHING ALTERNATIVE x=0.0 y=105.0 plan=1080 candidate=CENTER failures=1081 budget=6 checkpoint=0.0
12:59:47 WARN  [Main] [Imix]: [ImixAI][FAIL] x=1.3 y=105.0 same-region=true -> candidate=EARLY plan=1081 errors=1082/6
12:59:47 INFO  [Main] [Imix]: [ImixAI][ROLLBACK] no safe checkpoint yet; returned to x=0
12:59:47 INFO  [Main] [Imix]: [ImixAI][SEARCH] phase=LEARNED FAILURE -> SEARCHING ALTERNATIVE x=0.0 y=105.0 plan=1081 candidate=EARLY failures=1082 budget=6 checkpoint=0.0
12:59:47 WARN  [Main] [Imix]: [ImixAI][FAIL] x=1.3 y=105.0 same-region=true -> candidate=LATE plan=1082 errors=1083/6
12:59:47 INFO  [Main] [Imix]: [ImixAI][ROLLBACK] no safe checkpoint yet; returned to x=0
12:59:47 INFO  [Main] [Imix]: [ImixAI][SEARCH] phase=LEARNED FAILURE -> SEARCHING ALTERNATIVE x=0.0 y=105.0 plan=1082 candidate=LATE failures=1083 budget=6 checkpoint=0.0
12:59:47 WARN  [Main] [Imix]: [ImixAI][FAIL] x=1.3 y=105.0 same-region=true -> candidate=CENTER plan=1083 errors=1084/6
12:59:47 INFO  [Main] [Imix]: [ImixAI][ROLLBACK] no safe checkpoint yet; returned to x=0
12:59:47 INFO  [Main] [Imix]: [ImixAI][SEARCH] phase=LEARNED FAILURE -> SEARCHING ALTERNATIVE x=0.0 y=105.0 plan=1083 candidate=CENTER failures=1084 budget=6 checkpoint=0.0
12:59:47 WARN  [Main] [Imix]: [ImixAI][FAIL] x=1.3 y=105.0 same-region=true -> candidate=EARLY plan=1084 errors=1085/6
12:59:47 INFO  [Main] [Imix]: [ImixAI][ROLLBACK] no safe checkpoint yet; returned to x=0
12:59:47 INFO  [Main] [Imix]: [ImixAI][SEARCH] phase=LEARNED FAILURE -> SEARCHING ALTERNATIVE x=0.0 y=105.0 plan=1084 candidate=EARLY failures=1085 budget=6 checkpoint=0.0
12:59:47 WARN  [Main] [Imix]: [ImixAI][FAIL] x=1.3 y=105.0 same-region=true -> candidate=LATE plan=1085 errors=1086/6
12:59:47 INFO  [Main] [Imix]: [ImixAI][ROLLBACK] no safe checkpoint yet; returned to x=0
12:59:47 INFO  [Main] [Imix]: [ImixAI][SEARCH] phase=LEARNED FAILURE -> SEARCHING ALTERNATIVE x=0.0 y=105.0 plan=1085 candidate=LATE failures=1086 budget=6 checkpoint=0.0
12:59:47 WARN  [Main] [Imix]: [ImixAI][FAIL] x=1.3 y=105.0 same-region=true -> candidate=CENTER plan=1086 errors=1087/6
12:59:47 INFO  [Main] [Imix]: [ImixAI][ROLLBACK] no safe checkpoint yet; returned to x=0
12:59:47 INFO  [Main] [Imix]: [ImixAI][SEARCH] phase=LEARNED FAILURE -> SEARCHING ALTERNATIVE x=0.0 y=105.0 plan=1086 candidate=CENTER failures=1087 budget=6 checkpoint=0.0
12:59:47 WARN  [Main] [Imix]: [ImixAI][FAIL] x=1.3 y=105.0 same-region=true -> candidate=EARLY plan=1087 errors=1088/6
12:59:47 INFO  [Main] [Imix]: [ImixAI][ROLLBACK] no safe checkpoint yet; returned to x=0
12:59:47 INFO  [Main] [Imix]: [ImixAI][SEARCH] phase=LEARNED FAILURE -> SEARCHING ALTERNATIVE x=0.0 y=105.0 plan=1087 candidate=EARLY failures=1088 budget=6 checkpoint=0.0
12:59:47 WARN  [Main] [Imix]: [ImixAI][FAIL] x=1.3 y=105.0 same-region=true -> candidate=LATE plan=1088 errors=1089/6
12:59:47 INFO  [Main] [Imix]: [ImixAI][ROLLBACK] no safe checkpoint yet; returned to x=0
12:59:47 INFO  [Main] [Imix]: [ImixAI][SEARCH] phase=LEARNED FAILURE -> SEARCHING ALTERNATIVE x=0.0 y=105.0 plan=1088 candidate=LATE failures=1089 budget=6 checkpoint=0.0
12:59:47 WARN  [Main] [Imix]: [ImixAI][FAIL] x=1.3 y=105.0 same-region=true -> candidate=CENTER plan=1089 errors=1090/6
12:59:47 INFO  [Main] [Imix]: [ImixAI][ROLLBACK] no safe checkpoint yet; returned to x=0
12:59:47 INFO  [Main] [Imix]: [ImixAI][SEARCH] phase=LEARNED FAILURE -> SEARCHING ALTERNATIVE x=0.0 y=105.0 plan=1089 candidate=CENTER failures=1090 budget=6 checkpoint=0.0
12:59:47 WARN  [Main] [Imix]: [ImixAI][FAIL] x=1.3 y=105.0 same-region=true -> candidate=EARLY plan=1090 errors=1091/6
12:59:47 INFO  [Main] [Imix]: [ImixAI][ROLLBACK] no safe checkpoint yet; returned to x=0
12:59:47 INFO  [Main] [Imix]: [ImixAI][SEARCH] phase=LEARNED FAILURE -> SEARCHING ALTERNATIVE x=0.0 y=105.0 plan=1090 candidate=EARLY failures=1091 budget=6 checkpoint=0.0
12:59:47 WARN  [Main] [Imix]: [ImixAI][FAIL] x=1.3 y=105.0 same-region=true -> candidate=LATE plan=1091 errors=1092/6
12:59:47 INFO  [Main] [Imix]: [ImixAI][ROLLBACK] no safe checkpoint yet; returned to x=0
12:59:47 INFO  [Main] [Imix]: [ImixAI][SEARCH] phase=LEARNED FAILURE -> SEARCHING ALTERNATIVE x=0.0 y=105.0 plan=1091 candidate=LATE failures=1092 budget=6 checkpoint=0.0
12:59:47 WARN  [Main] [Imix]: [ImixAI][FAIL] x=1.3 y=105.0 same-region=true -> candidate=CENTER plan=1092 errors=1093/6
12:59:47 INFO  [Main] [Imix]: [ImixAI][ROLLBACK] no safe checkpoint yet; returned to x=0
12:59:47 INFO  [Main] [Imix]: [ImixAI][SEARCH] phase=LEARNED FAILURE -> SEARCHING ALTERNATIVE x=0.0 y=105.0 plan=1092 candidate=CENTER failures=1093 budget=6 checkpoint=0.0
12:59:47 WARN  [Main] [Imix]: [ImixAI][FAIL] x=1.3 y=105.0 same-region=true -> candidate=EARLY plan=1093 errors=1094/6
12:59:47 INFO  [Main] [Imix]: [ImixAI][ROLLBACK] no safe checkpoint yet; returned to x=0
12:59:47 INFO  [Main] [Imix]: [ImixAI][SEARCH] phase=LEARNED FAILURE -> SEARCHING ALTERNATIVE x=0.0 y=105.0 plan=1093 candidate=EARLY failures=1094 budget=6 checkpoint=0.0
12:59:47 WARN  [Main] [Imix]: [ImixAI][FAIL] x=1.3 y=105.0 same-region=true -> candidate=LATE plan=1094 errors=1095/6
12:59:47 INFO  [Main] [Imix]: [ImixAI][ROLLBACK] no safe checkpoint yet; returned to x=0
12:59:47 INFO  [Main] [Imix]: [ImixAI][SEARCH] phase=LEARNED FAILURE -> SEARCHING ALTERNATIVE x=0.0 y=105.0 plan=1094 candidate=LATE failures=1095 budget=6 checkpoint=0.0
12:59:47 WARN  [Main] [Imix]: [ImixAI][FAIL] x=1.3 y=105.0 same-region=true -> candidate=CENTER plan=1095 errors=1096/6
12:59:47 INFO  [Main] [Imix]: [ImixAI][ROLLBACK] no safe checkpoint yet; returned to x=0
12:59:47 INFO  [Main] [Imix]: [ImixAI][SEARCH] phase=LEARNED FAILURE -> SEARCHING ALTERNATIVE x=0.0 y=105.0 plan=1095 candidate=CENTER failures=1096 budget=6 checkpoint=0.0
12:59:47 WARN  [Main] [Imix]: [ImixAI][FAIL] x=1.3 y=105.0 same-region=true -> candidate=EARLY plan=1096 errors=1097/6
12:59:47 INFO  [Main] [Imix]: [ImixAI][ROLLBACK] no safe checkpoint yet; returned to x=0
12:59:47 INFO  [Main] [Imix]: [ImixAI][SEARCH] phase=LEARNED FAILURE -> SEARCHING ALTERNATIVE x=0.0 y=105.0 plan=1096 candidate=EARLY failures=1097 budget=6 checkpoint=0.0
12:59:47 WARN  [Main] [Imix]: [ImixAI][FAIL] x=1.3 y=105.0 same-region=true -> candidate=LATE plan=1097 errors=1098/6
12:59:47 INFO  [Main] [Imix]: [ImixAI][ROLLBACK] no safe checkpoint yet; returned to x=0
12:59:47 INFO  [Main] [Imix]: [ImixAI][SEARCH] phase=LEARNED FAILURE -> SEARCHING ALTERNATIVE x=0.0 y=105.0 plan=1097 candidate=LATE failures=1098 budget=6 checkpoint=0.0
12:59:47 WARN  [Main] [Imix]: [ImixAI][FAIL] x=1.3 y=105.0 same-region=true -> candidate=CENTER plan=1098 errors=1099/6
12:59:47 INFO  [Main] [Imix]: [ImixAI][ROLLBACK] no safe checkpoint yet; returned to x=0
12:59:47 INFO  [Main] [Imix]: [ImixAI][SEARCH] phase=LEARNED FAILURE -> SEARCHING ALTERNATIVE x=0.0 y=105.0 plan=1098 candidate=CENTER failures=1099 budget=6 checkpoint=0.0
12:59:47 WARN  [Main] [Imix]: [ImixAI][FAIL] x=1.3 y=105.0 same-region=true -> candidate=EARLY plan=1099 errors=1100/6
12:59:47 INFO  [Main] [Imix]: [ImixAI][ROLLBACK] no safe checkpoint yet; returned to x=0
12:59:47 INFO  [Main] [Imix]: [ImixAI][SEARCH] phase=LEARNED FAILURE -> SEARCHING ALTERNATIVE x=0.0 y=105.0 plan=1099 candidate=EARLY failures=1100 budget=6 checkpoint=0.0
12:59:47 WARN  [Main] [Imix]: [ImixAI][FAIL] x=1.3 y=105.0 same-region=true -> candidate=LATE plan=1100 errors=1101/6
12:59:47 INFO  [Main] [Imix]: [ImixAI][ROLLBACK] no safe checkpoint yet; returned to x=0
12:59:47 INFO  [Main] [Imix]: [ImixAI][SEARCH] phase=LEARNED FAILURE -> SEARCHING ALTERNATIVE x=0.0 y=105.0 plan=1100 candidate=LATE failures=1101 budget=6 checkpoint=0.0
12:59:47 WARN  [Main] [Imix]: [ImixAI][FAIL] x=1.3 y=105.0 same-region=true -> candidate=CENTER plan=1101 errors=1102/6
12:59:47 INFO  [Main] [Imix]: [ImixAI][ROLLBACK] no safe checkpoint yet; returned to x=0
12:59:47 INFO  [Main] [Imix]: [ImixAI][SEARCH] phase=LEARNED FAILURE -> SEARCHING ALTERNATIVE x=0.0 y=105.0 plan=1101 candidate=CENTER failures=1102 budget=6 checkpoint=0.0
12:59:47 WARN  [Main] [Imix]: [ImixAI][FAIL] x=1.3 y=105.0 same-region=true -> candidate=EARLY plan=1102 errors=1103/6
12:59:47 INFO  [Main] [Imix]: [ImixAI][ROLLBACK] no safe checkpoint yet; returned to x=0
12:59:47 INFO  [Main] [Imix]: [ImixAI][SEARCH] phase=LEARNED FAILURE -> SEARCHING ALTERNATIVE x=0.0 y=105.0 plan=1102 candidate=EARLY failures=1103 budget=6 checkpoint=0.0
12:59:47 WARN  [Main] [Imix]: [ImixAI][FAIL] x=1.3 y=105.0 same-region=true -> candidate=LATE plan=1103 errors=1104/6
12:59:47 INFO  [Main] [Imix]: [ImixAI][ROLLBACK] no safe checkpoint yet; returned to x=0
12:59:47 INFO  [Main] [Imix]: [ImixAI][SEARCH] phase=LEARNED FAILURE -> SEARCHING ALTERNATIVE x=0.0 y=105.0 plan=1103 candidate=LATE failures=1104 budget=6 checkpoint=0.0
12:59:47 WARN  [Main] [Imix]: [ImixAI][FAIL] x=1.3 y=105.0 same-region=true -> candidate=CENTER plan=1104 errors=1105/6
12:59:47 INFO  [Main] [Imix]: [ImixAI][ROLLBACK] no safe checkpoint yet; returned to x=0
12:59:47 INFO  [Main] [Imix]: [ImixAI][SEARCH] phase=LEARNED FAILURE -> SEARCHING ALTERNATIVE x=0.0 y=105.0 plan=1104 candidate=CENTER failures=1105 budget=6 checkpoint=0.0
12:59:47 WARN  [Main] [Imix]: [ImixAI][FAIL] x=1.3 y=105.0 same-region=true -> candidate=EARLY plan=1105 errors=1106/6
12:59:47 INFO  [Main] [Imix]: [ImixAI][ROLLBACK] no safe checkpoint yet; returned to x=0
12:59:47 INFO  [Main] [Imix]: [ImixAI][SEARCH] phase=LEARNED FAILURE -> SEARCHING ALTERNATIVE x=0.0 y=105.0 plan=1105 candidate=EARLY failures=1106 budget=6 checkpoint=0.0
12:59:47 WARN  [Main] [Imix]: [ImixAI][FAIL] x=1.3 y=105.0 same-region=true -> candidate=LATE plan=1106 errors=1107/6
12:59:47 INFO  [Main] [Imix]: [ImixAI][ROLLBACK] no safe checkpoint yet; returned to x=0
12:59:47 INFO  [Main] [Imix]: [ImixAI][SEARCH] phase=LEARNED FAILURE -> SEARCHING ALTERNATIVE x=0.0 y=105.0 plan=1106 candidate=LATE failures=1107 budget=6 checkpoint=0.0
12:59:47 WARN  [Main] [Imix]: [ImixAI][FAIL] x=1.3 y=105.0 same-region=true -> candidate=CENTER plan=1107 errors=1108/6
12:59:47 INFO  [Main] [Imix]: [ImixAI][ROLLBACK] no safe checkpoint yet; returned to x=0
12:59:47 INFO  [Main] [Imix]: [ImixAI][SEARCH] phase=LEARNED FAILURE -> SEARCHING ALTERNATIVE x=0.0 y=105.0 plan=1107 candidate=CENTER failures=1108 budget=6 checkpoint=0.0
12:59:48 WARN  [Main] [Imix]: [ImixAI][FAIL] x=1.3 y=105.0 same-region=true -> candidate=EARLY plan=1108 errors=1109/6
12:59:48 INFO  [Main] [Imix]: [ImixAI][ROLLBACK] no safe checkpoint yet; returned to x=0
12:59:48 INFO  [Main] [Imix]: [ImixAI][SEARCH] phase=LEARNED FAILURE -> SEARCHING ALTERNATIVE x=0.0 y=105.0 plan=1108 candidate=EARLY failures=1109 budget=6 checkpoint=0.0
12:59:48 WARN  [Main] [Imix]: [ImixAI][FAIL] x=1.3 y=105.0 same-region=true -> candidate=LATE plan=1109 errors=1110/6
12:59:48 INFO  [Main] [Imix]: [ImixAI][ROLLBACK] no safe checkpoint yet; returned to x=0
12:59:48 INFO  [Main] [Imix]: [ImixAI][SEARCH] phase=LEARNED FAILURE -> SEARCHING ALTERNATIVE x=0.0 y=105.0 plan=1109 candidate=LATE failures=1110 budget=6 checkpoint=0.0
12:59:48 WARN  [Main] [Imix]: [ImixAI][FAIL] x=1.3 y=105.0 same-region=true -> candidate=CENTER plan=1110 errors=1111/6
12:59:48 INFO  [Main] [Imix]: [ImixAI][ROLLBACK] no safe checkpoint yet; returned to x=0
12:59:48 INFO  [Main] [Imix]: [ImixAI][SEARCH] phase=LEARNED FAILURE -> SEARCHING ALTERNATIVE x=0.0 y=105.0 plan=1110 candidate=CENTER failures=1111 budget=6 checkpoint=0.0
12:59:48 WARN  [Main] [Imix]: [ImixAI][FAIL] x=1.3 y=105.0 same-region=true -> candidate=EARLY plan=1111 errors=1112/6
12:59:48 INFO  [Main] [Imix]: [ImixAI][ROLLBACK] no safe checkpoint yet; returned to x=0
12:59:48 INFO  [Main] [Imix]: [ImixAI][SEARCH] phase=LEARNED FAILURE -> SEARCHING ALTERNATIVE x=0.0 y=105.0 plan=1111 candidate=EARLY failures=1112 budget=6 checkpoint=0.0
12:59:48 WARN  [Main] [Imix]: [ImixAI][FAIL] x=1.3 y=105.0 same-region=true -> candidate=LATE plan=1112 errors=1113/6
12:59:48 INFO  [Main] [Imix]: [ImixAI][ROLLBACK] no safe checkpoint yet; returned to x=0
12:59:48 INFO  [Main] [Imix]: [ImixAI][SEARCH] phase=LEARNED FAILURE -> SEARCHING ALTERNATIVE x=0.0 y=105.0 plan=1112 candidate=LATE failures=1113 budget=6 checkpoint=0.0
12:59:48 WARN  [Main] [Imix]: [ImixAI][FAIL] x=1.3 y=105.0 same-region=true -> candidate=CENTER plan=1113 errors=1114/6
12:59:48 INFO  [Main] [Imix]: [ImixAI][ROLLBACK] no safe checkpoint yet; returned to x=0
12:59:48 INFO  [Main] [Imix]: [ImixAI][SEARCH] phase=LEARNED FAILURE -> SEARCHING ALTERNATIVE x=0.0 y=105.0 plan=1113 candidate=CENTER failures=1114 budget=6 checkpoint=0.0
12:59:48 WARN  [Main] [Imix]: [ImixAI][FAIL] x=1.3 y=105.0 same-region=true -> candidate=EARLY plan=1114 errors=1115/6
12:59:48 INFO  [Main] [Imix]: [ImixAI][ROLLBACK] no safe checkpoint yet; returned to x=0
12:59:48 INFO  [Main] [Imix]: [ImixAI][SEARCH] phase=LEARNED FAILURE -> SEARCHING ALTERNATIVE x=0.0 y=105.0 plan=1114 candidate=EARLY failures=1115 budget=6 checkpoint=0.0
12:59:48 WARN  [Main] [Imix]: [ImixAI][FAIL] x=1.3 y=105.0 same-region=true -> candidate=LATE plan=1115 errors=1116/6
12:59:48 INFO  [Main] [Imix]: [ImixAI][ROLLBACK] no safe checkpoint yet; returned to x=0
12:59:48 INFO  [Main] [Imix]: [ImixAI][SEARCH] phase=LEARNED FAILURE -> SEARCHING ALTERNATIVE x=0.0 y=105.0 plan=1115 candidate=LATE failures=1116 budget=6 checkpoint=0.0
12:59:48 WARN  [Main] [Imix]: [ImixAI][FAIL] x=1.3 y=105.0 same-region=true -> candidate=CENTER plan=1116 errors=1117/6
12:59:48 INFO  [Main] [Imix]: [ImixAI][ROLLBACK] no safe checkpoint yet; returned to x=0
12:59:48 INFO  [Main] [Imix]: [ImixAI][SEARCH] phase=LEARNED FAILURE -> SEARCHING ALTERNATIVE x=0.0 y=105.0 plan=1116 candidate=CENTER failures=1117 budget=6 checkpoint=0.0
12:59:48 WARN  [Main] [Imix]: [ImixAI][FAIL] x=1.3 y=105.0 same-region=true -> candidate=EARLY plan=1117 errors=1118/6
12:59:48 INFO  [Main] [Imix]: [ImixAI][ROLLBACK] no safe checkpoint yet; returned to x=0
12:59:48 INFO  [Main] [Imix]: [ImixAI][SEARCH] phase=LEARNED FAILURE -> SEARCHING ALTERNATIVE x=0.0 y=105.0 plan=1117 candidate=EARLY failures=1118 budget=6 checkpoint=0.0
12:59:48 WARN  [Main] [Imix]: [ImixAI][FAIL] x=1.3 y=105.0 same-region=true -> candidate=LATE plan=1118 errors=1119/6
12:59:48 INFO  [Main] [Imix]: [ImixAI][ROLLBACK] no safe checkpoint yet; returned to x=0
12:59:48 INFO  [Main] [Imix]: [ImixAI][SEARCH] phase=LEARNED FAILURE -> SEARCHING ALTERNATIVE x=0.0 y=105.0 plan=1118 candidate=LATE failures=1119 budget=6 checkpoint=0.0
12:59:48 WARN  [Main] [Imix]: [ImixAI][FAIL] x=1.3 y=105.0 same-region=true -> candidate=CENTER plan=1119 errors=1120/6
12:59:48 INFO  [Main] [Imix]: [ImixAI][ROLLBACK] no safe checkpoint yet; returned to x=0
12:59:48 INFO  [Main] [Imix]: [ImixAI][SEARCH] phase=LEARNED FAILURE -> SEARCHING ALTERNATIVE x=0.0 y=105.0 plan=1119 candidate=CENTER failures=1120 budget=6 checkpoint=0.0
12:59:48 WARN  [Main] [Imix]: [ImixAI][FAIL] x=1.3 y=105.0 same-region=true -> candidate=EARLY plan=1120 errors=1121/6
12:59:48 INFO  [Main] [Imix]: [ImixAI][ROLLBACK] no safe checkpoint yet; returned to x=0
12:59:48 INFO  [Main] [Imix]: [ImixAI][SEARCH] phase=LEARNED FAILURE -> SEARCHING ALTERNATIVE x=0.0 y=105.0 plan=1120 candidate=EARLY failures=1121 budget=6 checkpoint=0.0
12:59:48 WARN  [Main] [Imix]: [ImixAI][FAIL] x=1.3 y=105.0 same-region=true -> candidate=LATE plan=1121 errors=1122/6
12:59:48 INFO  [Main] [Imix]: [ImixAI][ROLLBACK] no safe checkpoint yet; returned to x=0
12:59:48 INFO  [Main] [Imix]: [ImixAI][SEARCH] phase=LEARNED FAILURE -> SEARCHING ALTERNATIVE x=0.0 y=105.0 plan=1121 candidate=LATE failures=1122 budget=6 checkpoint=0.0
12:59:48 WARN  [Main] [Imix]: [ImixAI][FAIL] x=1.3 y=105.0 same-region=true -> candidate=CENTER plan=1122 errors=1123/6
12:59:48 INFO  [Main] [Imix]: [ImixAI][ROLLBACK] no safe checkpoint yet; returned to x=0
12:59:48 INFO  [Main] [Imix]: [ImixAI][SEARCH] phase=LEARNED FAILURE -> SEARCHING ALTERNATIVE x=0.0 y=105.0 plan=1122 candidate=CENTER failures=1123 budget=6 checkpoint=0.0
12:59:48 WARN  [Main] [Imix]: [ImixAI][FAIL] x=1.3 y=105.0 same-region=true -> candidate=EARLY plan=1123 errors=1124/6
12:59:48 INFO  [Main] [Imix]: [ImixAI][ROLLBACK] no safe checkpoint yet; returned to x=0
12:59:48 INFO  [Main] [Imix]: [ImixAI][SEARCH] phase=LEARNED FAILURE -> SEARCHING ALTERNATIVE x=0.0 y=105.0 plan=1123 candidate=EARLY failures=1124 budget=6 checkpoint=0.0
12:59:48 WARN  [Main] [Imix]: [ImixAI][FAIL] x=1.3 y=105.0 same-region=true -> candidate=LATE plan=1124 errors=1125/6
12:59:48 INFO  [Main] [Imix]: [ImixAI][ROLLBACK] no safe checkpoint yet; returned to x=0
12:59:48 INFO  [Main] [Imix]: [ImixAI][SEARCH] phase=LEARNED FAILURE -> SEARCHING ALTERNATIVE x=0.0 y=105.0 plan=1124 candidate=LATE failures=1125 budget=6 checkpoint=0.0
12:59:48 WARN  [Main] [Imix]: [ImixAI][FAIL] x=1.3 y=105.0 same-region=true -> candidate=CENTER plan=1125 errors=1126/6
12:59:48 INFO  [Main] [Imix]: [ImixAI][ROLLBACK] no safe checkpoint yet; returned to x=0
12:59:48 INFO  [Main] [Imix]: [ImixAI][SEARCH] phase=LEARNED FAILURE -> SEARCHING ALTERNATIVE x=0.0 y=105.0 plan=1125 candidate=CENTER failures=1126 budget=6 checkpoint=0.0
12:59:48 WARN  [Main] [Imix]: [ImixAI][FAIL] x=1.3 y=105.0 same-region=true -> candidate=EARLY plan=1126 errors=1127/6
12:59:48 INFO  [Main] [Imix]: [ImixAI][ROLLBACK] no safe checkpoint yet; returned to x=0
12:59:48 INFO  [Main] [Imix]: [ImixAI][SEARCH] phase=LEARNED FAILURE -> SEARCHING ALTERNATIVE x=0.0 y=105.0 plan=1126 candidate=EARLY failures=1127 budget=6 checkpoint=0.0
12:59:48 WARN  [Main] [Imix]: [ImixAI][FAIL] x=1.3 y=105.0 same-region=true -> candidate=LATE plan=1127 errors=1128/6
12:59:48 INFO  [Main] [Imix]: [ImixAI][ROLLBACK] no safe checkpoint yet; returned to x=0
12:59:48 INFO  [Main] [Imix]: [ImixAI][SEARCH] phase=LEARNED FAILURE -> SEARCHING ALTERNATIVE x=0.0 y=105.0 plan=1127 candidate=LATE failures=1128 budget=6 checkpoint=0.0
12:59:48 WARN  [Main] [Imix]: [ImixAI][FAIL] x=1.3 y=105.0 same-region=true -> candidate=CENTER plan=1128 errors=1129/6
12:59:48 INFO  [Main] [Imix]: [ImixAI][ROLLBACK] no safe checkpoint yet; returned to x=0
12:59:48 INFO  [Main] [Imix]: [ImixAI][SEARCH] phase=LEARNED FAILURE -> SEARCHING ALTERNATIVE x=0.0 y=105.0 plan=1128 candidate=CENTER failures=1129 budget=6 checkpoint=0.0
12:59:48 WARN  [Main] [Imix]: [ImixAI][FAIL] x=1.3 y=105.0 same-region=true -> candidate=EARLY plan=1129 errors=1130/6
12:59:48 INFO  [Main] [Imix]: [ImixAI][ROLLBACK] no safe checkpoint yet; returned to x=0
12:59:48 INFO  [Main] [Imix]: [ImixAI][SEARCH] phase=LEARNED FAILURE -> SEARCHING ALTERNATIVE x=0.0 y=105.0 plan=1129 candidate=EARLY failures=1130 budget=6 checkpoint=0.0
12:59:48 WARN  [Main] [Imix]: [ImixAI][FAIL] x=1.3 y=105.0 same-region=true -> candidate=LATE plan=1130 errors=1131/6
12:59:48 INFO  [Main] [Imix]: [ImixAI][ROLLBACK] no safe checkpoint yet; returned to x=0
12:59:48 INFO  [Main] [Imix]: [ImixAI][SEARCH] phase=LEARNED FAILURE -> SEARCHING ALTERNATIVE x=0.0 y=105.0 plan=1130 candidate=LATE failures=1131 budget=6 checkpoint=0.0
12:59:48 WARN  [Main] [Imix]: [ImixAI][FAIL] x=1.3 y=105.0 same-region=true -> candidate=CENTER plan=1131 errors=1132/6
12:59:48 INFO  [Main] [Imix]: [ImixAI][ROLLBACK] no safe checkpoint yet; returned to x=0
12:59:48 INFO  [Main] [Imix]: [ImixAI][SEARCH] phase=LEARNED FAILURE -> SEARCHING ALTERNATIVE x=0.0 y=105.0 plan=1131 candidate=CENTER failures=1132 budget=6 checkpoint=0.0
12:59:48 WARN  [Main] [Imix]: [ImixAI][FAIL] x=1.3 y=105.0 same-region=true -> candidate=EARLY plan=1132 errors=1133/6
12:59:48 INFO  [Main] [Imix]: [ImixAI][ROLLBACK] no safe checkpoint yet; returned to x=0
12:59:48 INFO  [Main] [Imix]: [ImixAI][SEARCH] phase=LEARNED FAILURE -> SEARCHING ALTERNATIVE x=0.0 y=105.0 plan=1132 candidate=EARLY failures=1133 budget=6 checkpoint=0.0
12:59:48 WARN  [Main] [Imix]: [ImixAI][FAIL] x=1.3 y=105.0 same-region=true -> candidate=LATE plan=1133 errors=1134/6
12:59:48 INFO  [Main] [Imix]: [ImixAI][ROLLBACK] no safe checkpoint yet; returned to x=0
12:59:48 INFO  [Main] [Imix]: [ImixAI][SEARCH] phase=LEARNED FAILURE -> SEARCHING ALTERNATIVE x=0.0 y=105.0 plan=1133 candidate=LATE failures=1134 budget=6 checkpoint=0.0
12:59:48 WARN  [Main] [Imix]: [ImixAI][FAIL] x=1.3 y=105.0 same-region=true -> candidate=CENTER plan=1134 errors=1135/6
12:59:48 INFO  [Main] [Imix]: [ImixAI][ROLLBACK] no safe checkpoint yet; returned to x=0
12:59:48 INFO  [Main] [Imix]: [ImixAI][SEARCH] phase=LEARNED FAILURE -> SEARCHING ALTERNATIVE x=0.0 y=105.0 plan=1134 candidate=CENTER failures=1135 budget=6 checkpoint=0.0
12:59:48 WARN  [Main] [Imix]: [ImixAI][FAIL] x=1.3 y=105.0 same-region=true -> candidate=EARLY plan=1135 errors=1136/6
12:59:48 INFO  [Main] [Imix]: [ImixAI][ROLLBACK] no safe checkpoint yet; returned to x=0
12:59:48 INFO  [Main] [Imix]: [ImixAI][SEARCH] phase=LEARNED FAILURE -> SEARCHING ALTERNATIVE x=0.0 y=105.0 plan=1135 candidate=EARLY failures=1136 budget=6 checkpoint=0.0
12:59:48 WARN  [Main] [Imix]: [ImixAI][FAIL] x=1.3 y=105.0 same-region=true -> candidate=LATE plan=1136 errors=1137/6
12:59:48 INFO  [Main] [Imix]: [ImixAI][ROLLBACK] no safe checkpoint yet; returned to x=0
12:59:48 INFO  [Main] [Imix]: [ImixAI][SEARCH] phase=LEARNED FAILURE -> SEARCHING ALTERNATIVE x=0.0 y=105.0 plan=1136 candidate=LATE failures=1137 budget=6 checkpoint=0.0
12:59:48 WARN  [Main] [Imix]: [ImixAI][FAIL] x=1.3 y=105.0 same-region=true -> candidate=CENTER plan=1137 errors=1138/6
12:59:48 INFO  [Main] [Imix]: [ImixAI][ROLLBACK] no safe checkpoint yet; returned to x=0
12:59:48 INFO  [Main] [Imix]: [ImixAI][SEARCH] phase=LEARNED FAILURE -> SEARCHING ALTERNATIVE x=0.0 y=105.0 plan=1137 candidate=CENTER failures=1138 budget=6 checkpoint=0.0
12:59:48 WARN  [Main] [Imix]: [ImixAI][FAIL] x=1.3 y=105.0 same-region=true -> candidate=EARLY plan=1138 errors=1139/6
12:59:48 INFO  [Main] [Imix]: [ImixAI][ROLLBACK] no safe checkpoint yet; returned to x=0
12:59:48 INFO  [Main] [Imix]: [ImixAI][SEARCH] phase=LEARNED FAILURE -> SEARCHING ALTERNATIVE x=0.0 y=105.0 plan=1138 candidate=EARLY failures=1139 budget=6 checkpoint=0.0
12:59:48 WARN  [Main] [Imix]: [ImixAI][FAIL] x=1.3 y=105.0 same-region=true -> candidate=LATE plan=1139 errors=1140/6
12:59:48 INFO  [Main] [Imix]: [ImixAI][ROLLBACK] no safe checkpoint yet; returned to x=0
12:59:48 INFO  [Main] [Imix]: [ImixAI][SEARCH] phase=LEARNED FAILURE -> SEARCHING ALTERNATIVE x=0.0 y=105.0 plan=1139 candidate=LATE failures=1140 budget=6 checkpoint=0.0
12:59:48 WARN  [Main] [Imix]: [ImixAI][FAIL] x=1.3 y=105.0 same-region=true -> candidate=CENTER plan=1140 errors=1141/6
12:59:48 INFO  [Main] [Imix]: [ImixAI][ROLLBACK] no safe checkpoint yet; returned to x=0
12:59:48 INFO  [Main] [Imix]: [ImixAI][SEARCH] phase=LEARNED FAILURE -> SEARCHING ALTERNATIVE x=0.0 y=105.0 plan=1140 candidate=CENTER failures=1141 budget=6 checkpoint=0.0
12:59:48 WARN  [Main] [Imix]: [ImixAI][FAIL] x=1.3 y=105.0 same-region=true -> candidate=EARLY plan=1141 errors=1142/6
12:59:48 INFO  [Main] [Imix]: [ImixAI][ROLLBACK] no safe checkpoint yet; returned to x=0
12:59:48 INFO  [Main] [Imix]: [ImixAI][SEARCH] phase=LEARNED FAILURE -> SEARCHING ALTERNATIVE x=0.0 y=105.0 plan=1141 candidate=EARLY failures=1142 budget=6 checkpoint=0.0
12:59:48 WARN  [Main] [Imix]: [ImixAI][FAIL] x=1.3 y=105.0 same-region=true -> candidate=LATE plan=1142 errors=1143/6
12:59:48 INFO  [Main] [Imix]: [ImixAI][ROLLBACK] no safe checkpoint yet; returned to x=0
12:59:48 INFO  [Main] [Imix]: [ImixAI][SEARCH] phase=LEARNED FAILURE -> SEARCHING ALTERNATIVE x=0.0 y=105.0 plan=1142 candidate=LATE failures=1143 budget=6 checkpoint=0.0
12:59:48 WARN  [Main] [Imix]: [ImixAI][FAIL] x=1.3 y=105.0 same-region=true -> candidate=CENTER plan=1143 errors=1144/6
12:59:48 INFO  [Main] [Imix]: [ImixAI][ROLLBACK] no safe checkpoint yet; returned to x=0
12:59:48 INFO  [Main] [Imix]: [ImixAI][SEARCH] phase=LEARNED FAILURE -> SEARCHING ALTERNATIVE x=0.0 y=105.0 plan=1143 candidate=CENTER failures=1144 budget=6 checkpoint=0.0
12:59:48 WARN  [Main] [Imix]: [ImixAI][FAIL] x=1.3 y=105.0 same-region=true -> candidate=EARLY plan=1144 errors=1145/6
12:59:48 INFO  [Main] [Imix]: [ImixAI][ROLLBACK] no safe checkpoint yet; returned to x=0
12:59:48 INFO  [Main] [Imix]: [ImixAI][SEARCH] phase=LEARNED FAILURE -> SEARCHING ALTERNATIVE x=0.0 y=105.0 plan=1144 candidate=EARLY failures=1145 budget=6 checkpoint=0.0
12:59:48 WARN  [Main] [Imix]: [ImixAI][FAIL] x=1.3 y=105.0 same-region=true -> candidate=LATE plan=1145 errors=1146/6
12:59:48 INFO  [Main] [Imix]: [ImixAI][ROLLBACK] no safe checkpoint yet; returned to x=0
12:59:48 INFO  [Main] [Imix]: [ImixAI][SEARCH] phase=LEARNED FAILURE -> SEARCHING ALTERNATIVE x=0.0 y=105.0 plan=1145 candidate=LATE failures=1146 budget=6 checkpoint=0.0
12:59:48 WARN  [Main] [Imix]: [ImixAI][FAIL] x=1.3 y=105.0 same-region=true -> candidate=CENTER plan=1146 errors=1147/6
12:59:48 INFO  [Main] [Imix]: [ImixAI][ROLLBACK] no safe checkpoint yet; returned to x=0
12:59:48 INFO  [Main] [Imix]: [ImixAI][SEARCH] phase=LEARNED FAILURE -> SEARCHING ALTERNATIVE x=0.0 y=105.0 plan=1146 candidate=CENTER failures=1147 budget=6 checkpoint=0.0
12:59:48 WARN  [Main] [Imix]: [ImixAI][FAIL] x=1.3 y=105.0 same-region=true -> candidate=EARLY plan=1147 errors=1148/6
12:59:48 INFO  [Main] [Imix]: [ImixAI][ROLLBACK] no safe checkpoint yet; returned to x=0
12:59:48 INFO  [Main] [Imix]: [ImixAI][SEARCH] phase=LEARNED FAILURE -> SEARCHING ALTERNATIVE x=0.0 y=105.0 plan=1147 candidate=EARLY failures=1148 budget=6 checkpoint=0.0
12:59:48 WARN  [Main] [Imix]: [ImixAI][FAIL] x=1.3 y=105.0 same-region=true -> candidate=LATE plan=1148 errors=1149/6
12:59:48 INFO  [Main] [Imix]: [ImixAI][ROLLBACK] no safe checkpoint yet; returned to x=0
12:59:48 INFO  [Main] [Imix]: [ImixAI][SEARCH] phase=LEARNED FAILURE -> SEARCHING ALTERNATIVE x=0.0 y=105.0 plan=1148 candidate=LATE failures=1149 budget=6 checkpoint=0.0
12:59:48 WARN  [Main] [Imix]: [ImixAI][FAIL] x=1.3 y=105.0 same-region=true -> candidate=CENTER plan=1149 errors=1150/6
12:59:48 INFO  [Main] [Imix]: [ImixAI][ROLLBACK] no safe checkpoint yet; returned to x=0
12:59:48 INFO  [Main] [Imix]: [ImixAI][SEARCH] phase=LEARNED FAILURE -> SEARCHING ALTERNATIVE x=0.0 y=105.0 plan=1149 candidate=CENTER failures=1150 budget=6 checkpoint=0.0
12:59:48 WARN  [Main] [Imix]: [ImixAI][FAIL] x=1.3 y=105.0 same-region=true -> candidate=EARLY plan=1150 errors=1151/6
12:59:48 INFO  [Main] [Imix]: [ImixAI][ROLLBACK] no safe checkpoint yet; returned to x=0
12:59:48 INFO  [Main] [Imix]: [ImixAI][SEARCH] phase=LEARNED FAILURE -> SEARCHING ALTERNATIVE x=0.0 y=105.0 plan=1150 candidate=EARLY failures=1151 budget=6 checkpoint=0.0
12:59:48 WARN  [Main] [Imix]: [ImixAI][FAIL] x=1.3 y=105.0 same-region=true -> candidate=LATE plan=1151 errors=1152/6
12:59:48 INFO  [Main] [Imix]: [ImixAI][ROLLBACK] no safe checkpoint yet; returned to x=0
12:59:48 INFO  [Main] [Imix]: [ImixAI][SEARCH] phase=LEARNED FAILURE -> SEARCHING ALTERNATIVE x=0.0 y=105.0 plan=1151 candidate=LATE failures=1152 budget=6 checkpoint=0.0
12:59:48 WARN  [Main] [Imix]: [ImixAI][FAIL] x=1.3 y=105.0 same-region=true -> candidate=CENTER plan=1152 errors=1153/6
12:59:48 INFO  [Main] [Imix]: [ImixAI][ROLLBACK] no safe checkpoint yet; returned to x=0
12:59:48 INFO  [Main] [Imix]: [ImixAI][SEARCH] phase=LEARNED FAILURE -> SEARCHING ALTERNATIVE x=0.0 y=105.0 plan=1152 candidate=CENTER failures=1153 budget=6 checkpoint=0.0
12:59:48 WARN  [Main] [Imix]: [ImixAI][FAIL] x=1.3 y=105.0 same-region=true -> candidate=EARLY plan=1153 errors=1154/6
12:59:48 INFO  [Main] [Imix]: [ImixAI][ROLLBACK] no safe checkpoint yet; returned to x=0
12:59:48 INFO  [Main] [Imix]: [ImixAI][SEARCH] phase=LEARNED FAILURE -> SEARCHING ALTERNATIVE x=0.0 y=105.0 plan=1153 candidate=EARLY failures=1154 budget=6 checkpoint=0.0
12:59:48 WARN  [Main] [Imix]: [ImixAI][FAIL] x=1.3 y=105.0 same-region=true -> candidate=LATE plan=1154 errors=1155/6
12:59:48 INFO  [Main] [Imix]: [ImixAI][ROLLBACK] no safe checkpoint yet; returned to x=0
12:59:48 INFO  [Main] [Imix]: [ImixAI][SEARCH] phase=LEARNED FAILURE -> SEARCHING ALTERNATIVE x=0.0 y=105.0 plan=1154 candidate=LATE failures=1155 budget=6 checkpoint=0.0
12:59:48 WARN  [Main] [Imix]: [ImixAI][FAIL] x=1.3 y=105.0 same-region=true -> candidate=CENTER plan=1155 errors=1156/6
12:59:48 INFO  [Main] [Imix]: [ImixAI][ROLLBACK] no safe checkpoint yet; returned to x=0
12:59:48 INFO  [Main] [Imix]: [ImixAI][SEARCH] phase=LEARNED FAILURE -> SEARCHING ALTERNATIVE x=0.0 y=105.0 plan=1155 candidate=CENTER failures=1156 budget=6 checkpoint=0.0
12:59:48 WARN  [Main] [Imix]: [ImixAI][FAIL] x=1.3 y=105.0 same-region=true -> candidate=EARLY plan=1156 errors=1157/6
12:59:48 INFO  [Main] [Imix]: [ImixAI][ROLLBACK] no safe checkpoint yet; returned to x=0
12:59:48 INFO  [Main] [Imix]: [ImixAI][SEARCH] phase=LEARNED FAILURE -> SEARCHING ALTERNATIVE x=0.0 y=105.0 plan=1156 candidate=EARLY failures=1157 budget=6 checkpoint=0.0
12:59:48 WARN  [Main] [Imix]: [ImixAI][FAIL] x=1.3 y=105.0 same-region=true -> candidate=LATE plan=1157 errors=1158/6
12:59:48 INFO  [Main] [Imix]: [ImixAI][ROLLBACK] no safe checkpoint yet; returned to x=0
12:59:48 INFO  [Main] [Imix]: [ImixAI][SEARCH] phase=LEARNED FAILURE -> SEARCHING ALTERNATIVE x=0.0 y=105.0 plan=1157 candidate=LATE failures=1158 budget=6 checkpoint=0.0
12:59:48 WARN  [Main] [Imix]: [ImixAI][FAIL] x=1.3 y=105.0 same-region=true -> candidate=CENTER plan=1158 errors=1159/6
12:59:48 INFO  [Main] [Imix]: [ImixAI][ROLLBACK] no safe checkpoint yet; returned to x=0
12:59:48 INFO  [Main] [Imix]: [ImixAI][SEARCH] phase=LEARNED FAILURE -> SEARCHING ALTERNATIVE x=0.0 y=105.0 plan=1158 candidate=CENTER failures=1159 budget=6 checkpoint=0.0
12:59:48 WARN  [Main] [Imix]: [ImixAI][FAIL] x=1.3 y=105.0 same-region=true -> candidate=EARLY plan=1159 errors=1160/6
12:59:48 INFO  [Main] [Imix]: [ImixAI][ROLLBACK] no safe checkpoint yet; returned to x=0
12:59:48 INFO  [Main] [Imix]: [ImixAI][SEARCH] phase=LEARNED FAILURE -> SEARCHING ALTERNATIVE x=0.0 y=105.0 plan=1159 candidate=EARLY failures=1160 budget=6 checkpoint=0.0
12:59:48 WARN  [Main] [Imix]: [ImixAI][FAIL] x=1.3 y=105.0 same-region=true -> candidate=LATE plan=1160 errors=1161/6
12:59:48 INFO  [Main] [Imix]: [ImixAI][ROLLBACK] no safe checkpoint yet; returned to x=0
12:59:48 INFO  [Main] [Imix]: [ImixAI][SEARCH] phase=LEARNED FAILURE -> SEARCHING ALTERNATIVE x=0.0 y=105.0 plan=1160 candidate=LATE failures=1161 budget=6 checkpoint=0.0
12:59:48 WARN  [Main] [Imix]: [ImixAI][FAIL] x=1.3 y=107.5 same-region=true -> candidate=CENTER plan=1161 errors=1162/6
12:59:48 INFO  [Main] [Imix]: [ImixAI][ROLLBACK] no safe checkpoint yet; returned to x=0
12:59:48 INFO  [Main] [Imix]: [ImixAI][SEARCH] phase=LEARNED FAILURE -> SEARCHING ALTERNATIVE x=0.0 y=107.5 plan=1161 candidate=CENTER failures=1162 budget=6 checkpoint=0.0
12:59:48 WARN  [Main] [Imix]: [ImixAI][FAIL] x=1.3 y=109.9 same-region=true -> candidate=EARLY plan=1162 errors=1163/6
12:59:48 INFO  [Main] [Imix]: [ImixAI][ROLLBACK] no safe checkpoint yet; returned to x=0
12:59:48 INFO  [Main] [Imix]: [ImixAI][SEARCH] phase=LEARNED FAILURE -> SEARCHING ALTERNATIVE x=0.0 y=109.9 plan=1162 candidate=EARLY failures=1163 budget=6 checkpoint=0.0
12:59:48 WARN  [Main] [Imix]: [ImixAI][FAIL] x=1.3 y=112.3 same-region=true -> candidate=LATE plan=1163 errors=1164/6
12:59:48 INFO  [Main] [Imix]: [ImixAI][ROLLBACK] no safe checkpoint yet; returned to x=0
12:59:48 INFO  [Main] [Imix]: [ImixAI][SEARCH] phase=LEARNED FAILURE -> SEARCHING ALTERNATIVE x=0.0 y=112.3 plan=1163 candidate=LATE failures=1164 budget=6 checkpoint=0.0
12:59:48 WARN  [Main] [Imix]: [ImixAI][FAIL] x=1.3 y=114.6 same-region=true -> candidate=CENTER plan=1164 errors=1165/6
12:59:48 INFO  [Main] [Imix]: [ImixAI][ROLLBACK] no safe checkpoint yet; returned to x=0
12:59:48 INFO  [Main] [Imix]: [ImixAI][SEARCH] phase=LEARNED FAILURE -> SEARCHING ALTERNATIVE x=0.0 y=114.6 plan=1164 candidate=CENTER failures=1165 budget=6 checkpoint=0.0
12:59:48 WARN  [Main] [Imix]: [ImixAI][FAIL] x=1.3 y=116.8 same-region=true -> candidate=EARLY plan=1165 errors=1166/6
12:59:48 INFO  [Main] [Imix]: [ImixAI][ROLLBACK] no safe checkpoint yet; returned to x=0
12:59:48 INFO  [Main] [Imix]: [ImixAI][SEARCH] phase=LEARNED FAILURE -> SEARCHING ALTERNATIVE x=0.0 y=116.8 plan=1165 candidate=EARLY failures=1166 budget=6 checkpoint=0.0
12:59:48 WARN  [Main] [Imix]: [ImixAI][FAIL] x=1.3 y=119.1 same-region=true -> candidate=LATE plan=1166 errors=1167/6
12:59:48 INFO  [Main] [Imix]: [ImixAI][ROLLBACK] no safe checkpoint yet; returned to x=0
12:59:48 INFO  [Main] [Imix]: [ImixAI][SEARCH] phase=LEARNED FAILURE -> SEARCHING ALTERNATIVE x=0.0 y=119.1 plan=1166 candidate=LATE failures=1167 budget=6 checkpoint=0.0
12:59:48 WARN  [Main] [Imix]: [ImixAI][FAIL] x=1.3 y=121.2 same-region=true -> candidate=CENTER plan=1167 errors=1168/6
12:59:48 INFO  [Main] [Imix]: [ImixAI][ROLLBACK] no safe checkpoint yet; returned to x=0
12:59:48 INFO  [Main] [Imix]: [ImixAI][SEARCH] phase=LEARNED FAILURE -> SEARCHING ALTERNATIVE x=0.0 y=121.2 plan=1167 candidate=CENTER failures=1168 budget=6 checkpoint=0.0
12:59:48 WARN  [Main] [Imix]: [ImixAI][FAIL] x=1.3 y=123.4 same-region=true -> candidate=EARLY plan=1168 errors=1169/6
12:59:48 INFO  [Main] [Imix]: [ImixAI][ROLLBACK] no safe checkpoint yet; returned to x=0
12:59:48 INFO  [Main] [Imix]: [ImixAI][SEARCH] phase=LEARNED FAILURE -> SEARCHING ALTERNATIVE x=0.0 y=123.4 plan=1168 candidate=EARLY failures=1169 budget=6 checkpoint=0.0
12:59:48 WARN  [Main] [Imix]: [ImixAI][FAIL] x=1.3 y=125.5 same-region=true -> candidate=LATE plan=1169 errors=1170/6
12:59:48 INFO  [Main] [Imix]: [ImixAI][ROLLBACK] no safe checkpoint yet; returned to x=0
12:59:48 INFO  [Main] [Imix]: [ImixAI][SEARCH] phase=LEARNED FAILURE -> SEARCHING ALTERNATIVE x=0.0 y=125.5 plan=1169 candidate=LATE failures=1170 budget=6 checkpoint=0.0
12:59:48 WARN  [Main] [Imix]: [ImixAI][FAIL] x=1.3 y=127.5 same-region=true -> candidate=CENTER plan=1170 errors=1171/6
12:59:48 INFO  [Main] [Imix]: [ImixAI][ROLLBACK] no safe checkpoint yet; returned to x=0
12:59:48 INFO  [Main] [Imix]: [ImixAI][SEARCH] phase=LEARNED FAILURE -> SEARCHING ALTERNATIVE x=0.0 y=127.5 plan=1170 candidate=CENTER failures=1171 budget=6 checkpoint=0.0
12:59:48 WARN  [Main] [Imix]: [ImixAI][FAIL] x=1.3 y=129.5 same-region=true -> candidate=EARLY plan=1171 errors=1172/6
12:59:48 INFO  [Main] [Imix]: [ImixAI][ROLLBACK] no safe checkpoint yet; returned to x=0
12:59:48 INFO  [Main] [Imix]: [ImixAI][SEARCH] phase=LEARNED FAILURE -> SEARCHING ALTERNATIVE x=0.0 y=129.5 plan=1171 candidate=EARLY failures=1172 budget=6 checkpoint=0.0
12:59:48 WARN  [Main] [Imix]: [ImixAI][FAIL] x=1.3 y=131.4 same-region=true -> candidate=LATE plan=1172 errors=1173/6
12:59:48 INFO  [Main] [Imix]: [ImixAI][ROLLBACK] no safe checkpoint yet; returned to x=0
12:59:48 INFO  [Main] [Imix]: [ImixAI][SEARCH] phase=LEARNED FAILURE -> SEARCHING ALTERNATIVE x=0.0 y=131.4 plan=1172 candidate=LATE failures=1173 budget=6 checkpoint=0.0
12:59:48 WARN  [Main] [Imix]: [ImixAI][FAIL] x=1.3 y=133.3 same-region=true -> candidate=CENTER plan=1173 errors=1174/6
12:59:48 INFO  [Main] [Imix]: [ImixAI][ROLLBACK] no safe checkpoint yet; returned to x=0
12:59:48 INFO  [Main] [Imix]: [ImixAI][SEARCH] phase=LEARNED FAILURE -> SEARCHING ALTERNATIVE x=0.0 y=133.3 plan=1173 candidate=CENTER failures=1174 budget=6 checkpoint=0.0
12:59:48 WARN  [Main] [Imix]: [ImixAI][FAIL] x=1.3 y=135.1 same-region=true -> candidate=EARLY plan=1174 errors=1175/6
12:59:48 INFO  [Main] [Imix]: [ImixAI][ROLLBACK] no safe checkpoint yet; returned to x=0
12:59:48 INFO  [Main] [Imix]: [ImixAI][SEARCH] phase=LEARNED FAILURE -> SEARCHING ALTERNATIVE x=0.0 y=135.1 plan=1174 candidate=EARLY failures=1175 budget=6 checkpoint=0.0
12:59:48 WARN  [Main] [Imix]: [ImixAI][FAIL] x=1.3 y=136.9 same-region=true -> candidate=LATE plan=1175 errors=1176/6
12:59:48 INFO  [Main] [Imix]: [ImixAI][ROLLBACK] no safe checkpoint yet; returned to x=0
12:59:48 INFO  [Main] [Imix]: [ImixAI][SEARCH] phase=LEARNED FAILURE -> SEARCHING ALTERNATIVE x=0.0 y=136.9 plan=1175 candidate=LATE failures=1176 budget=6 checkpoint=0.0
12:59:48 WARN  [Main] [Imix]: [ImixAI][FAIL] x=1.3 y=138.6 same-region=true -> candidate=CENTER plan=1176 errors=1177/6
12:59:48 INFO  [Main] [Imix]: [ImixAI][ROLLBACK] no safe checkpoint yet; returned to x=0
12:59:48 INFO  [Main] [Imix]: [ImixAI][SEARCH] phase=LEARNED FAILURE -> SEARCHING ALTERNATIVE x=0.0 y=138.6 plan=1176 candidate=CENTER failures=1177 budget=6 checkpoint=0.0
12:59:48 WARN  [Main] [Imix]: [ImixAI][FAIL] x=1.3 y=140.3 same-region=true -> candidate=EARLY plan=1177 errors=1178/6
12:59:48 INFO  [Main] [Imix]: [ImixAI][ROLLBACK] no safe checkpoint yet; returned to x=0
12:59:48 INFO  [Main] [Imix]: [ImixAI][SEARCH] phase=LEARNED FAILURE -> SEARCHING ALTERNATIVE x=0.0 y=140.3 plan=1177 candidate=EARLY failures=1178 budget=6 checkpoint=0.0
12:59:48 WARN  [Main] [Imix]: [ImixAI][FAIL] x=1.3 y=142.0 same-region=true -> candidate=LATE plan=1178 errors=1179/6
12:59:48 INFO  [Main] [Imix]: [ImixAI][ROLLBACK] no safe checkpoint yet; returned to x=0
12:59:48 INFO  [Main] [Imix]: [ImixAI][SEARCH] phase=LEARNED FAILURE -> SEARCHING ALTERNATIVE x=0.0 y=142.0 plan=1178 candidate=LATE failures=1179 budget=6 checkpoint=0.0
12:59:48 WARN  [Main] [Imix]: [ImixAI][FAIL] x=1.3 y=143.6 same-region=true -> candidate=CENTER plan=1179 errors=1180/6
12:59:48 INFO  [Main] [Imix]: [ImixAI][ROLLBACK] no safe checkpoint yet; returned to x=0
12:59:48 INFO  [Main] [Imix]: [ImixAI][SEARCH] phase=LEARNED FAILURE -> SEARCHING ALTERNATIVE x=0.0 y=143.6 plan=1179 candidate=CENTER failures=1180 budget=6 checkpoint=0.0
12:59:48 WARN  [Main] [Imix]: [ImixAI][FAIL] x=1.3 y=145.1 same-region=true -> candidate=EARLY plan=1180 errors=1181/6
12:59:48 INFO  [Main] [Imix]: [ImixAI][ROLLBACK] no safe checkpoint yet; returned to x=0
12:59:48 INFO  [Main] [Imix]: [ImixAI][SEARCH] phase=LEARNED FAILURE -> SEARCHING ALTERNATIVE x=0.0 y=145.1 plan=1180 candidate=EARLY failures=1181 budget=6 checkpoint=0.0
12:59:48 WARN  [Main] [Imix]: [ImixAI][FAIL] x=1.3 y=146.6 same-region=true -> candidate=LATE plan=1181 errors=1182/6
12:59:48 INFO  [Main] [Imix]: [ImixAI][ROLLBACK] no safe checkpoint yet; returned to x=0
12:59:48 INFO  [Main] [Imix]: [ImixAI][SEARCH] phase=LEARNED FAILURE -> SEARCHING ALTERNATIVE x=0.0 y=146.6 plan=1181 candidate=LATE failures=1182 budget=6 checkpoint=0.0
12:59:48 WARN  [Main] [Imix]: [ImixAI][FAIL] x=1.3 y=148.0 same-region=true -> candidate=CENTER plan=1182 errors=1183/6
12:59:48 INFO  [Main] [Imix]: [ImixAI][ROLLBACK] no safe checkpoint yet; returned to x=0
12:59:48 INFO  [Main] [Imix]: [ImixAI][SEARCH] phase=LEARNED FAILURE -> SEARCHING ALTERNATIVE x=0.0 y=148.0 plan=1182 candidate=CENTER failures=1183 budget=6 checkpoint=0.0
12:59:48 WARN  [Main] [Imix]: [ImixAI][FAIL] x=1.3 y=149.4 same-region=true -> candidate=EARLY plan=1183 errors=1184/6
12:59:48 INFO  [Main] [Imix]: [ImixAI][ROLLBACK] no safe checkpoint yet; returned to x=0
12:59:48 INFO  [Main] [Imix]: [ImixAI][SEARCH] phase=LEARNED FAILURE -> SEARCHING ALTERNATIVE x=0.0 y=149.4 plan=1183 candidate=EARLY failures=1184 budget=6 checkpoint=0.0
12:59:48 WARN  [Main] [Imix]: [ImixAI][FAIL] x=1.3 y=150.8 same-region=true -> candidate=LATE plan=1184 errors=1185/6
12:59:48 INFO  [Main] [Imix]: [ImixAI][ROLLBACK] no safe checkpoint yet; returned to x=0
12:59:48 INFO  [Main] [Imix]: [ImixAI][SEARCH] phase=LEARNED FAILURE -> SEARCHING ALTERNATIVE x=0.0 y=150.8 plan=1184 candidate=LATE failures=1185 budget=6 checkpoint=0.0
12:59:48 WARN  [Main] [Imix]: [ImixAI][FAIL] x=1.3 y=152.1 same-region=true -> candidate=CENTER plan=1185 errors=1186/6
12:59:48 INFO  [Main] [Imix]: [ImixAI][ROLLBACK] no safe checkpoint yet; returned to x=0
12:59:48 INFO  [Main] [Imix]: [ImixAI][SEARCH] phase=LEARNED FAILURE -> SEARCHING ALTERNATIVE x=0.0 y=152.1 plan=1185 candidate=CENTER failures=1186 budget=6 checkpoint=0.0
12:59:48 WARN  [Main] [Imix]: [ImixAI][FAIL] x=1.3 y=153.3 same-region=true -> candidate=EARLY plan=1186 errors=1187/6
12:59:48 INFO  [Main] [Imix]: [ImixAI][ROLLBACK] no safe checkpoint yet; returned to x=0
12:59:48 INFO  [Main] [Imix]: [ImixAI][SEARCH] phase=LEARNED FAILURE -> SEARCHING ALTERNATIVE x=0.0 y=153.3 plan=1186 candidate=EARLY failures=1187 budget=6 checkpoint=0.0
12:59:48 WARN  [Main] [Imix]: [ImixAI][FAIL] x=1.3 y=154.5 same-region=true -> candidate=LATE plan=1187 errors=1188/6
12:59:48 INFO  [Main] [Imix]: [ImixAI][ROLLBACK] no safe checkpoint yet; returned to x=0
12:59:48 INFO  [Main] [Imix]: [ImixAI][SEARCH] phase=LEARNED FAILURE -> SEARCHING ALTERNATIVE x=0.0 y=154.5 plan=1187 candidate=LATE failures=1188 budget=6 checkpoint=0.0
12:59:48 WARN  [Main] [Imix]: [ImixAI][FAIL] x=1.3 y=155.7 same-region=true -> candidate=CENTER plan=1188 errors=1189/6
12:59:48 INFO  [Main] [Imix]: [ImixAI][ROLLBACK] no safe checkpoint yet; returned to x=0
12:59:48 INFO  [Main] [Imix]: [ImixAI][SEARCH] phase=LEARNED FAILURE -> SEARCHING ALTERNATIVE x=0.0 y=155.7 plan=1188 candidate=CENTER failures=1189 budget=6 checkpoint=0.0
12:59:48 WARN  [Main] [Imix]: [ImixAI][FAIL] x=1.3 y=156.8 same-region=true -> candidate=EARLY plan=1189 errors=1190/6
12:59:48 INFO  [Main] [Imix]: [ImixAI][ROLLBACK] no safe checkpoint yet; returned to x=0
12:59:48 INFO  [Main] [Imix]: [ImixAI][SEARCH] phase=LEARNED FAILURE -> SEARCHING ALTERNATIVE x=0.0 y=156.8 plan=1189 candidate=EARLY failures=1190 budget=6 checkpoint=0.0
12:59:48 WARN  [Main] [Imix]: [ImixAI][FAIL] x=1.3 y=157.9 same-region=true -> candidate=LATE plan=1190 errors=1191/6
12:59:48 INFO  [Main] [Imix]: [ImixAI][ROLLBACK] no safe checkpoint yet; returned to x=0
12:59:48 INFO  [Main] [Imix]: [ImixAI][SEARCH] phase=LEARNED FAILURE -> SEARCHING ALTERNATIVE x=0.0 y=157.9 plan=1190 candidate=LATE failures=1191 budget=6 checkpoint=0.0
12:59:48 WARN  [Main] [Imix]: [ImixAI][FAIL] x=1.3 y=158.9 same-region=true -> candidate=CENTER plan=1191 errors=1192/6
12:59:48 INFO  [Main] [Imix]: [ImixAI][ROLLBACK] no safe checkpoint yet; returned to x=0
12:59:48 INFO  [Main] [Imix]: [ImixAI][SEARCH] phase=LEARNED FAILURE -> SEARCHING ALTERNATIVE x=0.0 y=158.9 plan=1191 candidate=CENTER failures=1192 budget=6 checkpoint=0.0
12:59:48 WARN  [Main] [Imix]: [ImixAI][FAIL] x=1.3 y=159.8 same-region=true -> candidate=EARLY plan=1192 errors=1193/6
12:59:48 INFO  [Main] [Imix]: [ImixAI][ROLLBACK] no safe checkpoint yet; returned to x=0
12:59:48 INFO  [Main] [Imix]: [ImixAI][SEARCH] phase=LEARNED FAILURE -> SEARCHING ALTERNATIVE x=0.0 y=159.8 plan=1192 candidate=EARLY failures=1193 budget=6 checkpoint=0.0
12:59:48 WARN  [Main] [Imix]: [ImixAI][FAIL] x=1.3 y=160.7 same-region=true -> candidate=LATE plan=1193 errors=1194/6
12:59:48 INFO  [Main] [Imix]: [ImixAI][ROLLBACK] no safe checkpoint yet; returned to x=0
12:59:48 INFO  [Main] [Imix]: [ImixAI][SEARCH] phase=LEARNED FAILURE -> SEARCHING ALTERNATIVE x=0.0 y=160.7 plan=1193 candidate=LATE failures=1194 budget=6 checkpoint=0.0
12:59:48 WARN  [Main] [Imix]: [ImixAI][FAIL] x=1.3 y=161.6 same-region=true -> candidate=CENTER plan=1194 errors=1195/6
12:59:48 INFO  [Main] [Imix]: [ImixAI][ROLLBACK] no safe checkpoint yet; returned to x=0
12:59:48 INFO  [Main] [Imix]: [ImixAI][SEARCH] phase=LEARNED FAILURE -> SEARCHING ALTERNATIVE x=0.0 y=161.6 plan=1194 candidate=CENTER failures=1195 budget=6 checkpoint=0.0
12:59:48 WARN  [Main] [Imix]: [ImixAI][FAIL] x=1.3 y=162.4 same-region=true -> candidate=EARLY plan=1195 errors=1196/6
12:59:48 INFO  [Main] [Imix]: [ImixAI][ROLLBACK] no safe checkpoint yet; returned to x=0
12:59:48 INFO  [Main] [Imix]: [ImixAI][SEARCH] phase=LEARNED FAILURE -> SEARCHING ALTERNATIVE x=0.0 y=162.4 plan=1195 candidate=EARLY failures=1196 budget=6 checkpoint=0.0
12:59:48 WARN  [Main] [Imix]: [ImixAI][FAIL] x=1.3 y=163.2 same-region=true -> candidate=LATE plan=1196 errors=1197/6
12:59:48 INFO  [Main] [Imix]: [ImixAI][ROLLBACK] no safe checkpoint yet; returned to x=0
12:59:48 INFO  [Main] [Imix]: [ImixAI][SEARCH] phase=LEARNED FAILURE -> SEARCHING ALTERNATIVE x=0.0 y=163.2 plan=1196 candidate=LATE failures=1197 budget=6 checkpoint=0.0
12:59:48 WARN  [Main] [Imix]: [ImixAI][FAIL] x=1.3 y=163.9 same-region=true -> candidate=CENTER plan=1197 errors=1198/6
12:59:48 INFO  [Main] [Imix]: [ImixAI][ROLLBACK] no safe checkpoint yet; returned to x=0
12:59:48 INFO  [Main] [Imix]: [ImixAI][SEARCH] phase=LEARNED FAILURE -> SEARCHING ALTERNATIVE x=0.0 y=163.9 plan=1197 candidate=CENTER failures=1198 budget=6 checkpoint=0.0
12:59:48 WARN  [Main] [Imix]: [ImixAI][FAIL] x=1.3 y=164.6 same-region=true -> candidate=EARLY plan=1198 errors=1199/6
12:59:48 INFO  [Main] [Imix]: [ImixAI][ROLLBACK] no safe checkpoint yet; returned to x=0
12:59:48 INFO  [Main] [Imix]: [ImixAI][SEARCH] phase=LEARNED FAILURE -> SEARCHING ALTERNATIVE x=0.0 y=164.6 plan=1198 candidate=EARLY failures=1199 budget=6 checkpoint=0.0
12:59:48 WARN  [Main] [Imix]: [ImixAI][FAIL] x=1.3 y=165.2 same-region=true -> candidate=LATE plan=1199 errors=1200/6
12:59:48 INFO  [Main] [Imix]: [ImixAI][ROLLBACK] no safe checkpoint yet; returned to x=0
12:59:48 INFO  [Main] [Imix]: [ImixAI][SEARCH] phase=LEARNED FAILURE -> SEARCHING ALTERNATIVE x=0.0 y=165.2 plan=1199 candidate=LATE failures=1200 budget=6 checkpoint=0.0
12:59:48 WARN  [Main] [Imix]: [ImixAI][FAIL] x=1.3 y=165.8 same-region=true -> candidate=CENTER plan=1200 errors=1201/6
12:59:48 INFO  [Main] [Imix]: [ImixAI][ROLLBACK] no safe checkpoint yet; returned to x=0
12:59:48 INFO  [Main] [Imix]: [ImixAI][SEARCH] phase=LEARNED FAILURE -> SEARCHING ALTERNATIVE x=0.0 y=165.8 plan=1200 candidate=CENTER failures=1201 budget=6 checkpoint=0.0
12:59:48 WARN  [Main] [Imix]: [ImixAI][FAIL] x=1.3 y=166.3 same-region=true -> candidate=EARLY plan=1201 errors=1202/6
12:59:48 INFO  [Main] [Imix]: [ImixAI][ROLLBACK] no safe checkpoint yet; returned to x=0
12:59:48 INFO  [Main] [Imix]: [ImixAI][SEARCH] phase=LEARNED FAILURE -> SEARCHING ALTERNATIVE x=0.0 y=166.3 plan=1201 candidate=EARLY failures=1202 budget=6 checkpoint=0.0
12:59:48 WARN  [Main] [Imix]: [ImixAI][FAIL] x=1.3 y=166.8 same-region=true -> candidate=LATE plan=1202 errors=1203/6
12:59:48 INFO  [Main] [Imix]: [ImixAI][ROLLBACK] no safe checkpoint yet; returned to x=0
12:59:48 INFO  [Main] [Imix]: [ImixAI][SEARCH] phase=LEARNED FAILURE -> SEARCHING ALTERNATIVE x=0.0 y=166.8 plan=1202 candidate=LATE failures=1203 budget=6 checkpoint=0.0
12:59:48 WARN  [Main] [Imix]: [ImixAI][FAIL] x=1.3 y=167.2 same-region=true -> candidate=CENTER plan=1203 errors=1204/6
12:59:48 INFO  [Main] [Imix]: [ImixAI][ROLLBACK] no safe checkpoint yet; returned to x=0
12:59:48 INFO  [Main] [Imix]: [ImixAI][SEARCH] phase=LEARNED FAILURE -> SEARCHING ALTERNATIVE x=0.0 y=167.2 plan=1203 candidate=CENTER failures=1204 budget=6 checkpoint=0.0
12:59:48 WARN  [Main] [Imix]: [ImixAI][FAIL] x=1.3 y=167.6 same-region=true -> candidate=EARLY plan=1204 errors=1205/6
12:59:48 INFO  [Main] [Imix]: [ImixAI][ROLLBACK] no safe checkpoint yet; returned to x=0
12:59:48 INFO  [Main] [Imix]: [ImixAI][SEARCH] phase=LEARNED FAILURE -> SEARCHING ALTERNATIVE x=0.0 y=167.6 plan=1204 candidate=EARLY failures=1205 budget=6 checkpoint=0.0
12:59:48 WARN  [Main] [Imix]: [ImixAI][FAIL] x=1.3 y=167.9 same-region=true -> candidate=LATE plan=1205 errors=1206/6
12:59:48 INFO  [Main] [Imix]: [ImixAI][ROLLBACK] no safe checkpoint yet; returned to x=0
12:59:48 INFO  [Main] [Imix]: [ImixAI][SEARCH] phase=LEARNED FAILURE -> SEARCHING ALTERNATIVE x=0.0 y=167.9 plan=1205 candidate=LATE failures=1206 budget=6 checkpoint=0.0
12:59:48 WARN  [Main] [Imix]: [ImixAI][FAIL] x=1.3 y=168.2 same-region=true -> candidate=CENTER plan=1206 errors=1207/6
12:59:48 INFO  [Main] [Imix]: [ImixAI][ROLLBACK] no safe checkpoint yet; returned to x=0
12:59:48 INFO  [Main] [Imix]: [ImixAI][SEARCH] phase=LEARNED FAILURE -> SEARCHING ALTERNATIVE x=0.0 y=168.2 plan=1206 candidate=CENTER failures=1207 budget=6 checkpoint=0.0
12:59:48 WARN  [Main] [Imix]: [ImixAI][FAIL] x=1.3 y=168.4 same-region=true -> candidate=EARLY plan=1207 errors=1208/6
12:59:48 INFO  [Main] [Imix]: [ImixAI][ROLLBACK] no safe checkpoint yet; returned to x=0
12:59:48 INFO  [Main] [Imix]: [ImixAI][SEARCH] phase=LEARNED FAILURE -> SEARCHING ALTERNATIVE x=0.0 y=168.4 plan=1207 candidate=EARLY failures=1208 budget=6 checkpoint=0.0
12:59:48 WARN  [Main] [Imix]: [ImixAI][FAIL] x=1.3 y=168.6 same-region=true -> candidate=LATE plan=1208 errors=1209/6
12:59:48 INFO  [Main] [Imix]: [ImixAI][ROLLBACK] no safe checkpoint yet; returned to x=0
12:59:48 INFO  [Main] [Imix]: [ImixAI][SEARCH] phase=LEARNED FAILURE -> SEARCHING ALTERNATIVE x=0.0 y=168.6 plan=1208 candidate=LATE failures=1209 budget=6 checkpoint=0.0
12:59:48 WARN  [Main] [Imix]: [ImixAI][FAIL] x=1.3 y=168.7 same-region=true -> candidate=CENTER plan=1209 errors=1210/6
12:59:48 INFO  [Main] [Imix]: [ImixAI][ROLLBACK] no safe checkpoint yet; returned to x=0
12:59:48 INFO  [Main] [Imix]: [ImixAI][SEARCH] phase=LEARNED FAILURE -> SEARCHING ALTERNATIVE x=0.0 y=168.7 plan=1209 candidate=CENTER failures=1210 budget=6 checkpoint=0.0
12:59:48 WARN  [Main] [Imix]: [ImixAI][FAIL] x=1.3 y=168.8 same-region=true -> candidate=EARLY plan=1210 errors=1211/6
12:59:48 INFO  [Main] [Imix]: [ImixAI][ROLLBACK] no safe checkpoint yet; returned to x=0
12:59:48 INFO  [Main] [Imix]: [ImixAI][SEARCH] phase=LEARNED FAILURE -> SEARCHING ALTERNATIVE x=0.0 y=168.8 plan=1210 candidate=EARLY failures=1211 budget=6 checkpoint=0.0
12:59:48 WARN  [Main] [Imix]: [ImixAI][FAIL] x=1.3 y=168.8 same-region=true -> candidate=LATE plan=1211 errors=1212/6
12:59:48 INFO  [Main] [Imix]: [ImixAI][ROLLBACK] no safe checkpoint yet; returned to x=0
12:59:48 INFO  [Main] [Imix]: [ImixAI][SEARCH] phase=LEARNED FAILURE -> SEARCHING ALTERNATIVE x=0.0 y=168.8 plan=1211 candidate=LATE failures=1212 budget=6 checkpoint=0.0
12:59:48 WARN  [Main] [Imix]: [ImixAI][FAIL] x=1.3 y=168.8 same-region=true -> candidate=CENTER plan=1212 errors=1213/6
12:59:48 INFO  [Main] [Imix]: [ImixAI][ROLLBACK] no safe checkpoint yet; returned to x=0
12:59:48 INFO  [Main] [Imix]: [ImixAI][SEARCH] phase=LEARNED FAILURE -> SEARCHING ALTERNATIVE x=0.0 y=168.8 plan=1212 candidate=CENTER failures=1213 budget=6 checkpoint=0.0
12:59:48 WARN  [Main] [Imix]: [ImixAI][FAIL] x=1.3 y=168.8 same-region=true -> candidate=EARLY plan=1213 errors=1214/6
12:59:48 INFO  [Main] [Imix]: [ImixAI][ROLLBACK] no safe checkpoint yet; returned to x=0
12:59:48 INFO  [Main] [Imix]: [ImixAI][SEARCH] phase=LEARNED FAILURE -> SEARCHING ALTERNATIVE x=0.0 y=168.8 plan=1213 candidate=EARLY failures=1214 budget=6 checkpoint=0.0
12:59:48 WARN  [Main] [Imix]: [ImixAI][FAIL] x=1.3 y=168.7 same-region=true -> candidate=LATE plan=1214 errors=1215/6
12:59:48 INFO  [Main] [Imix]: [ImixAI][ROLLBACK] no safe checkpoint yet; returned to x=0
12:59:48 INFO  [Main] [Imix]: [ImixAI][SEARCH] phase=LEARNED FAILURE -> SEARCHING ALTERNATIVE x=0.0 y=168.7 plan=1214 candidate=LATE failures=1215 budget=6 checkpoint=0.0
12:59:48 WARN  [Main] [Imix]: [ImixAI][FAIL] x=1.3 y=168.5 same-region=true -> candidate=CENTER plan=1215 errors=1216/6
12:59:48 INFO  [Main] [Imix]: [ImixAI][ROLLBACK] no safe checkpoint yet; returned to x=0
12:59:48 INFO  [Main] [Imix]: [ImixAI][SEARCH] phase=LEARNED FAILURE -> SEARCHING ALTERNATIVE x=0.0 y=168.5 plan=1215 candidate=CENTER failures=1216 budget=6 checkpoint=0.0
12:59:48 WARN  [Main] [Imix]: [ImixAI][FAIL] x=1.3 y=168.3 same-region=true -> candidate=EARLY plan=1216 errors=1217/6
12:59:48 INFO  [Main] [Imix]: [ImixAI][ROLLBACK] no safe checkpoint yet; returned to x=0
12:59:48 INFO  [Main] [Imix]: [ImixAI][SEARCH] phase=LEARNED FAILURE -> SEARCHING ALTERNATIVE x=0.0 y=168.3 plan=1216 candidate=EARLY failures=1217 budget=6 checkpoint=0.0
12:59:48 WARN  [Main] [Imix]: [ImixAI][FAIL] x=1.3 y=168.0 same-region=true -> candidate=LATE plan=1217 errors=1218/6
12:59:48 INFO  [Main] [Imix]: [ImixAI][ROLLBACK] no safe checkpoint yet; returned to x=0
12:59:48 INFO  [Main] [Imix]: [ImixAI][SEARCH] phase=LEARNED FAILURE -> SEARCHING ALTERNATIVE x=0.0 y=168.0 plan=1217 candidate=LATE failures=1218 budget=6 checkpoint=0.0
12:59:48 WARN  [Main] [Imix]: [ImixAI][FAIL] x=1.3 y=167.7 same-region=true -> candidate=CENTER plan=1218 errors=1219/6
12:59:48 INFO  [Main] [Imix]: [ImixAI][ROLLBACK] no safe checkpoint yet; returned to x=0
12:59:48 INFO  [Main] [Imix]: [ImixAI][SEARCH] phase=LEARNED FAILURE -> SEARCHING ALTERNATIVE x=0.0 y=167.7 plan=1218 candidate=CENTER failures=1219 budget=6 checkpoint=0.0
12:59:48 WARN  [Main] [Imix]: [ImixAI][FAIL] x=1.3 y=167.4 same-region=true -> candidate=EARLY plan=1219 errors=1220/6
12:59:48 INFO  [Main] [Imix]: [ImixAI][ROLLBACK] no safe checkpoint yet; returned to x=0
12:59:48 INFO  [Main] [Imix]: [ImixAI][SEARCH] phase=LEARNED FAILURE -> SEARCHING ALTERNATIVE x=0.0 y=167.4 plan=1219 candidate=EARLY failures=1220 budget=6 checkpoint=0.0
12:59:48 WARN  [Main] [Imix]: [ImixAI][FAIL] x=1.3 y=167.0 same-region=true -> candidate=LATE plan=1220 errors=1221/6
12:59:48 INFO  [Main] [Imix]: [ImixAI][ROLLBACK] no safe checkpoint yet; returned to x=0
12:59:48 INFO  [Main] [Imix]: [ImixAI][SEARCH] phase=LEARNED FAILURE -> SEARCHING ALTERNATIVE x=0.0 y=167.0 plan=1220 candidate=LATE failures=1221 budget=6 checkpoint=0.0
12:59:48 WARN  [Main] [Imix]: [ImixAI][FAIL] x=1.3 y=166.5 same-region=true -> candidate=CENTER plan=1221 errors=1222/6
12:59:48 INFO  [Main] [Imix]: [ImixAI][ROLLBACK] no safe checkpoint yet; returned to x=0
12:59:48 INFO  [Main] [Imix]: [ImixAI][SEARCH] phase=LEARNED FAILURE -> SEARCHING ALTERNATIVE x=0.0 y=166.5 plan=1221 candidate=CENTER failures=1222 budget=6 checkpoint=0.0
12:59:48 WARN  [Main] [Imix]: [ImixAI][FAIL] x=1.3 y=166.0 same-region=true -> candidate=EARLY plan=1222 errors=1223/6
12:59:48 INFO  [Main] [Imix]: [ImixAI][ROLLBACK] no safe checkpoint yet; returned to x=0
12:59:48 INFO  [Main] [Imix]: [ImixAI][SEARCH] phase=LEARNED FAILURE -> SEARCHING ALTERNATIVE x=0.0 y=166.0 plan=1222 candidate=EARLY failures=1223 budget=6 checkpoint=0.0
12:59:48 WARN  [Main] [Imix]: [ImixAI][FAIL] x=1.3 y=165.5 same-region=true -> candidate=LATE plan=1223 errors=1224/6
12:59:48 INFO  [Main] [Imix]: [ImixAI][ROLLBACK] no safe checkpoint yet; returned to x=0
12:59:48 INFO  [Main] [Imix]: [ImixAI][SEARCH] phase=LEARNED FAILURE -> SEARCHING ALTERNATIVE x=0.0 y=165.5 plan=1223 candidate=LATE failures=1224 budget=6 checkpoint=0.0
12:59:48 WARN  [Main] [Imix]: [ImixAI][FAIL] x=1.3 y=164.9 same-region=true -> candidate=CENTER plan=1224 errors=1225/6
12:59:48 INFO  [Main] [Imix]: [ImixAI][ROLLBACK] no safe checkpoint yet; returned to x=0
12:59:48 INFO  [Main] [Imix]: [ImixAI][SEARCH] phase=LEARNED FAILURE -> SEARCHING ALTERNATIVE x=0.0 y=164.9 plan=1224 candidate=CENTER failures=1225 budget=6 checkpoint=0.0
12:59:48 WARN  [Main] [Imix]: [ImixAI][FAIL] x=1.3 y=164.3 same-region=true -> candidate=EARLY plan=1225 errors=1226/6
12:59:48 INFO  [Main] [Imix]: [ImixAI][ROLLBACK] no safe checkpoint yet; returned to x=0
12:59:48 INFO  [Main] [Imix]: [ImixAI][SEARCH] phase=LEARNED FAILURE -> SEARCHING ALTERNATIVE x=0.0 y=164.3 plan=1225 candidate=EARLY failures=1226 budget=6 checkpoint=0.0
12:59:48 WARN  [Main] [Imix]: [ImixAI][FAIL] x=1.3 y=163.6 same-region=true -> candidate=LATE plan=1226 errors=1227/6
12:59:48 INFO  [Main] [Imix]: [ImixAI][ROLLBACK] no safe checkpoint yet; returned to x=0
12:59:48 INFO  [Main] [Imix]: [ImixAI][SEARCH] phase=LEARNED FAILURE -> SEARCHING ALTERNATIVE x=0.0 y=163.6 plan=1226 candidate=LATE failures=1227 budget=6 checkpoint=0.0
12:59:48 WARN  [Main] [Imix]: [ImixAI][FAIL] x=1.3 y=162.8 same-region=true -> candidate=CENTER plan=1227 errors=1228/6
12:59:48 INFO  [Main] [Imix]: [ImixAI][ROLLBACK] no safe checkpoint yet; returned to x=0
12:59:48 INFO  [Main] [Imix]: [ImixAI][SEARCH] phase=LEARNED FAILURE -> SEARCHING ALTERNATIVE x=0.0 y=162.8 plan=1227 candidate=CENTER failures=1228 budget=6 checkpoint=0.0
12:59:48 WARN  [Main] [Imix]: [ImixAI][FAIL] x=1.3 y=162.0 same-region=true -> candidate=EARLY plan=1228 errors=1229/6
12:59:48 INFO  [Main] [Imix]: [ImixAI][ROLLBACK] no safe checkpoint yet; returned to x=0
12:59:48 INFO  [Main] [Imix]: [ImixAI][SEARCH] phase=LEARNED FAILURE -> SEARCHING ALTERNATIVE x=0.0 y=162.0 plan=1228 candidate=EARLY failures=1229 budget=6 checkpoint=0.0
12:59:48 WARN  [Main] [Imix]: [ImixAI][FAIL] x=1.3 y=161.2 same-region=true -> candidate=LATE plan=1229 errors=1230/6
12:59:48 INFO  [Main] [Imix]: [ImixAI][ROLLBACK] no safe checkpoint yet; returned to x=0
12:59:48 INFO  [Main] [Imix]: [ImixAI][SEARCH] phase=LEARNED FAILURE -> SEARCHING ALTERNATIVE x=0.0 y=161.2 plan=1229 candidate=LATE failures=1230 budget=6 checkpoint=0.0
12:59:48 WARN  [Main] [Imix]: [ImixAI][FAIL] x=1.3 y=160.3 same-region=true -> candidate=CENTER plan=1230 errors=1231/6
12:59:48 INFO  [Main] [Imix]: [ImixAI][ROLLBACK] no safe checkpoint yet; returned to x=0
12:59:48 INFO  [Main] [Imix]: [ImixAI][SEARCH] phase=LEARNED FAILURE -> SEARCHING ALTERNATIVE x=0.0 y=160.3 plan=1230 candidate=CENTER failures=1231 budget=6 checkpoint=0.0
12:59:48 WARN  [Main] [Imix]: [ImixAI][FAIL] x=1.3 y=159.4 same-region=true -> candidate=EARLY plan=1231 errors=1232/6
12:59:48 INFO  [Main] [Imix]: [ImixAI][ROLLBACK] no safe checkpoint yet; returned to x=0
12:59:48 INFO  [Main] [Imix]: [ImixAI][SEARCH] phase=LEARNED FAILURE -> SEARCHING ALTERNATIVE x=0.0 y=159.4 plan=1231 candidate=EARLY failures=1232 budget=6 checkpoint=0.0
12:59:48 WARN  [Main] [Imix]: [ImixAI][FAIL] x=1.3 y=158.4 same-region=true -> candidate=LATE plan=1232 errors=1233/6
12:59:48 INFO  [Main] [Imix]: [ImixAI][ROLLBACK] no safe checkpoint yet; returned to x=0
12:59:48 INFO  [Main] [Imix]: [ImixAI][SEARCH] phase=LEARNED FAILURE -> SEARCHING ALTERNATIVE x=0.0 y=158.4 plan=1232 candidate=LATE failures=1233 budget=6 checkpoint=0.0
12:59:48 WARN  [Main] [Imix]: [ImixAI][FAIL] x=1.3 y=157.4 same-region=true -> candidate=CENTER plan=1233 errors=1234/6
12:59:48 INFO  [Main] [Imix]: [ImixAI][ROLLBACK] no safe checkpoint yet; returned to x=0
12:59:48 INFO  [Main] [Imix]: [ImixAI][SEARCH] phase=LEARNED FAILURE -> SEARCHING ALTERNATIVE x=0.0 y=157.4 plan=1233 candidate=CENTER failures=1234 budget=6 checkpoint=0.0
12:59:48 WARN  [Main] [Imix]: [ImixAI][FAIL] x=1.3 y=156.3 same-region=true -> candidate=EARLY plan=1234 errors=1235/6
12:59:48 INFO  [Main] [Imix]: [ImixAI][ROLLBACK] no safe checkpoint yet; returned to x=0
12:59:48 INFO  [Main] [Imix]: [ImixAI][SEARCH] phase=LEARNED FAILURE -> SEARCHING ALTERNATIVE x=0.0 y=156.3 plan=1234 candidate=EARLY failures=1235 budget=6 checkpoint=0.0
12:59:48 WARN  [Main] [Imix]: [ImixAI][FAIL] x=1.3 y=155.2 same-region=true -> candidate=LATE plan=1235 errors=1236/6
12:59:48 INFO  [Main] [Imix]: [ImixAI][ROLLBACK] no safe checkpoint yet; returned to x=0
12:59:48 INFO  [Main] [Imix]: [ImixAI][SEARCH] phase=LEARNED FAILURE -> SEARCHING ALTERNATIVE x=0.0 y=155.2 plan=1235 candidate=LATE failures=1236 budget=6 checkpoint=0.0
12:59:48 WARN  [Main] [Imix]: [ImixAI][FAIL] x=1.3 y=154.0 same-region=true -> candidate=CENTER plan=1236 errors=1237/6
12:59:48 INFO  [Main] [Imix]: [ImixAI][ROLLBACK] no safe checkpoint yet; returned to x=0
12:59:48 INFO  [Main] [Imix]: [ImixAI][SEARCH] phase=LEARNED FAILURE -> SEARCHING ALTERNATIVE x=0.0 y=154.0 plan=1236 candidate=CENTER failures=1237 budget=6 checkpoint=0.0
12:59:48 WARN  [Main] [Imix]: [ImixAI][FAIL] x=1.3 y=152.7 same-region=true -> candidate=EARLY plan=1237 errors=1238/6
12:59:48 INFO  [Main] [Imix]: [ImixAI][ROLLBACK] no safe checkpoint yet; returned to x=0
12:59:48 INFO  [Main] [Imix]: [ImixAI][SEARCH] phase=LEARNED FAILURE -> SEARCHING ALTERNATIVE x=0.0 y=152.7 plan=1237 candidate=EARLY failures=1238 budget=6 checkpoint=0.0
12:59:48 WARN  [Main] [Imix]: [ImixAI][FAIL] x=1.3 y=151.5 same-region=true -> candidate=LATE plan=1238 errors=1239/6
12:59:48 INFO  [Main] [Imix]: [ImixAI][ROLLBACK] no safe checkpoint yet; returned to x=0
12:59:48 INFO  [Main] [Imix]: [ImixAI][SEARCH] phase=LEARNED FAILURE -> SEARCHING ALTERNATIVE x=0.0 y=151.5 plan=1238 candidate=LATE failures=1239 budget=6 checkpoint=0.0
12:59:48 WARN  [Main] [Imix]: [ImixAI][FAIL] x=1.3 y=150.1 same-region=true -> candidate=CENTER plan=1239 errors=1240/6
12:59:48 INFO  [Main] [Imix]: [ImixAI][ROLLBACK] no safe checkpoint yet; returned to x=0
12:59:48 INFO  [Main] [Imix]: [ImixAI][SEARCH] phase=LEARNED FAILURE -> SEARCHING ALTERNATIVE x=0.0 y=150.1 plan=1239 candidate=CENTER failures=1240 budget=6 checkpoint=0.0
12:59:48 WARN  [Main] [Imix]: [ImixAI][FAIL] x=1.3 y=148.8 same-region=true -> candidate=EARLY plan=1240 errors=1241/6
12:59:48 INFO  [Main] [Imix]: [ImixAI][ROLLBACK] no safe checkpoint yet; returned to x=0
12:59:48 INFO  [Main] [Imix]: [ImixAI][SEARCH] phase=LEARNED FAILURE -> SEARCHING ALTERNATIVE x=0.0 y=148.8 plan=1240 candidate=EARLY failures=1241 budget=6 checkpoint=0.0
12:59:48 WARN  [Main] [Imix]: [ImixAI][FAIL] x=1.3 y=147.4 same-region=true -> candidate=LATE plan=1241 errors=1242/6
12:59:48 INFO  [Main] [Imix]: [ImixAI][ROLLBACK] no safe checkpoint yet; returned to x=0
12:59:48 INFO  [Main] [Imix]: [ImixAI][SEARCH] phase=LEARNED FAILURE -> SEARCHING ALTERNATIVE x=0.0 y=147.4 plan=1241 candidate=LATE failures=1242 budget=6 checkpoint=0.0
12:59:48 WARN  [Main] [Imix]: [ImixAI][FAIL] x=1.3 y=145.9 same-region=true -> candidate=CENTER plan=1242 errors=1243/6
12:59:48 INFO  [Main] [Imix]: [ImixAI][ROLLBACK] no safe checkpoint yet; returned to x=0
12:59:48 INFO  [Main] [Imix]: [ImixAI][SEARCH] phase=LEARNED FAILURE -> SEARCHING ALTERNATIVE x=0.0 y=145.9 plan=1242 candidate=CENTER failures=1243 budget=6 checkpoint=0.0
12:59:48 WARN  [Main] [Imix]: [ImixAI][FAIL] x=1.3 y=144.4 same-region=true -> candidate=EARLY plan=1243 errors=1244/6
12:59:48 INFO  [Main] [Imix]: [ImixAI][ROLLBACK] no safe checkpoint yet; returned to x=0
12:59:48 INFO  [Main] [Imix]: [ImixAI][SEARCH] phase=LEARNED FAILURE -> SEARCHING ALTERNATIVE x=0.0 y=144.4 plan=1243 candidate=EARLY failures=1244 budget=6 checkpoint=0.0
12:59:48 WARN  [Main] [Imix]: [ImixAI][FAIL] x=1.3 y=142.8 same-region=true -> candidate=LATE plan=1244 errors=1245/6
12:59:48 INFO  [Main] [Imix]: [ImixAI][ROLLBACK] no safe checkpoint yet; returned to x=0
12:59:48 INFO  [Main] [Imix]: [ImixAI][SEARCH] phase=LEARNED FAILURE -> SEARCHING ALTERNATIVE x=0.0 y=142.8 plan=1244 candidate=LATE failures=1245 budget=6 checkpoint=0.0
12:59:48 WARN  [Main] [Imix]: [ImixAI][FAIL] x=1.3 y=141.2 same-region=true -> candidate=CENTER plan=1245 errors=1246/6
12:59:48 INFO  [Main] [Imix]: [ImixAI][ROLLBACK] no safe checkpoint yet; returned to x=0
12:59:48 INFO  [Main] [Imix]: [ImixAI][SEARCH] phase=LEARNED FAILURE -> SEARCHING ALTERNATIVE x=0.0 y=141.2 plan=1245 candidate=CENTER failures=1246 budget=6 checkpoint=0.0
12:59:48 WARN  [Main] [Imix]: [ImixAI][FAIL] x=1.3 y=139.5 same-region=true -> candidate=EARLY plan=1246 errors=1247/6
12:59:48 INFO  [Main] [Imix]: [ImixAI][ROLLBACK] no safe checkpoint yet; returned to x=0
12:59:48 INFO  [Main] [Imix]: [ImixAI][SEARCH] phase=LEARNED FAILURE -> SEARCHING ALTERNATIVE x=0.0 y=139.5 plan=1246 candidate=EARLY failures=1247 budget=6 checkpoint=0.0
12:59:48 WARN  [Main] [Imix]: [ImixAI][FAIL] x=1.3 y=137.8 same-region=true -> candidate=LATE plan=1247 errors=1248/6
12:59:48 INFO  [Main] [Imix]: [ImixAI][ROLLBACK] no safe checkpoint yet; returned to x=0
12:59:48 INFO  [Main] [Imix]: [ImixAI][SEARCH] phase=LEARNED FAILURE -> SEARCHING ALTERNATIVE x=0.0 y=137.8 plan=1247 candidate=LATE failures=1248 budget=6 checkpoint=0.0
12:59:48 WARN  [Main] [Imix]: [ImixAI][FAIL] x=1.3 y=136.0 same-region=true -> candidate=CENTER plan=1248 errors=1249/6
12:59:48 INFO  [Main] [Imix]: [ImixAI][ROLLBACK] no safe checkpoint yet; returned to x=0
12:59:48 INFO  [Main] [Imix]: [ImixAI][SEARCH] phase=LEARNED FAILURE -> SEARCHING ALTERNATIVE x=0.0 y=136.0 plan=1248 candidate=CENTER failures=1249 budget=6 checkpoint=0.0
12:59:48 WARN  [Main] [Imix]: [ImixAI][FAIL] x=1.3 y=134.2 same-region=true -> candidate=EARLY plan=1249 errors=1250/6
12:59:48 INFO  [Main] [Imix]: [ImixAI][ROLLBACK] no safe checkpoint yet; returned to x=0
12:59:48 INFO  [Main] [Imix]: [ImixAI][SEARCH] phase=LEARNED FAILURE -> SEARCHING ALTERNATIVE x=0.0 y=134.2 plan=1249 candidate=EARLY failures=1250 budget=6 checkpoint=0.0
12:59:48 WARN  [Main] [Imix]: [ImixAI][FAIL] x=1.3 y=132.4 same-region=true -> candidate=LATE plan=1250 errors=1251/6
12:59:48 INFO  [Main] [Imix]: [ImixAI][ROLLBACK] no safe checkpoint yet; returned to x=0
12:59:48 INFO  [Main] [Imix]: [ImixAI][SEARCH] phase=LEARNED FAILURE -> SEARCHING ALTERNATIVE x=0.0 y=132.4 plan=1250 candidate=LATE failures=1251 budget=6 checkpoint=0.0
12:59:48 WARN  [Main] [Imix]: [ImixAI][FAIL] x=1.3 y=130.5 same-region=true -> candidate=CENTER plan=1251 errors=1252/6
12:59:48 INFO  [Main] [Imix]: [ImixAI][ROLLBACK] no safe checkpoint yet; returned to x=0
12:59:48 INFO  [Main] [Imix]: [ImixAI][SEARCH] phase=LEARNED FAILURE -> SEARCHING ALTERNATIVE x=0.0 y=130.5 plan=1251 candidate=CENTER failures=1252 budget=6 checkpoint=0.0
12:59:48 WARN  [Main] [Imix]: [ImixAI][FAIL] x=1.3 y=128.5 same-region=true -> candidate=EARLY plan=1252 errors=1253/6
12:59:48 INFO  [Main] [Imix]: [ImixAI][ROLLBACK] no safe checkpoint yet; returned to x=0
12:59:48 INFO  [Main] [Imix]: [ImixAI][SEARCH] phase=LEARNED FAILURE -> SEARCHING ALTERNATIVE x=0.0 y=128.5 plan=1252 candidate=EARLY failures=1253 budget=6 checkpoint=0.0
12:59:48 WARN  [Main] [Imix]: [ImixAI][FAIL] x=1.3 y=126.5 same-region=true -> candidate=LATE plan=1253 errors=1254/6
12:59:48 INFO  [Main] [Imix]: [ImixAI][ROLLBACK] no safe checkpoint yet; returned to x=0
12:59:48 INFO  [Main] [Imix]: [ImixAI][SEARCH] phase=LEARNED FAILURE -> SEARCHING ALTERNATIVE x=0.0 y=126.5 plan=1253 candidate=LATE failures=1254 budget=6 checkpoint=0.0
12:59:48 WARN  [Main] [Imix]: [ImixAI][FAIL] x=1.3 y=124.5 same-region=true -> candidate=CENTER plan=1254 errors=1255/6
12:59:48 INFO  [Main] [Imix]: [ImixAI][ROLLBACK] no safe checkpoint yet; returned to x=0
12:59:48 INFO  [Main] [Imix]: [ImixAI][SEARCH] phase=LEARNED FAILURE -> SEARCHING ALTERNATIVE x=0.0 y=124.5 plan=1254 candidate=CENTER failures=1255 budget=6 checkpoint=0.0
12:59:48 WARN  [Main] [Imix]: [ImixAI][FAIL] x=1.3 y=122.4 same-region=true -> candidate=EARLY plan=1255 errors=1256/6
12:59:48 INFO  [Main] [Imix]: [ImixAI][ROLLBACK] no safe checkpoint yet; returned to x=0
12:59:48 INFO  [Main] [Imix]: [ImixAI][SEARCH] phase=LEARNED FAILURE -> SEARCHING ALTERNATIVE x=0.0 y=122.4 plan=1255 candidate=EARLY failures=1256 budget=6 checkpoint=0.0
12:59:48 WARN  [Main] [Imix]: [ImixAI][FAIL] x=1.3 y=120.2 same-region=true -> candidate=LATE plan=1256 errors=1257/6
12:59:48 INFO  [Main] [Imix]: [ImixAI][ROLLBACK] no safe checkpoint yet; returned to x=0
12:59:48 INFO  [Main] [Imix]: [ImixAI][SEARCH] phase=LEARNED FAILURE -> SEARCHING ALTERNATIVE x=0.0 y=120.2 plan=1256 candidate=LATE failures=1257 budget=6 checkpoint=0.0
12:59:48 WARN  [Main] [Imix]: [ImixAI][FAIL] x=1.3 y=118.0 same-region=true -> candidate=CENTER plan=1257 errors=1258/6
12:59:48 INFO  [Main] [Imix]: [ImixAI][ROLLBACK] no safe checkpoint yet; returned to x=0
12:59:48 INFO  [Main] [Imix]: [ImixAI][SEARCH] phase=LEARNED FAILURE -> SEARCHING ALTERNATIVE x=0.0 y=118.0 plan=1257 candidate=CENTER failures=1258 budget=6 checkpoint=0.0
12:59:48 WARN  [Main] [Imix]: [ImixAI][FAIL] x=1.3 y=115.8 same-region=true -> candidate=EARLY plan=1258 errors=1259/6
12:59:48 INFO  [Main] [Imix]: [ImixAI][ROLLBACK] no safe checkpoint yet; returned to x=0
12:59:48 INFO  [Main] [Imix]: [ImixAI][SEARCH] phase=LEARNED FAILURE -> SEARCHING ALTERNATIVE x=0.0 y=115.8 plan=1258 candidate=EARLY failures=1259 budget=6 checkpoint=0.0
12:59:48 WARN  [Main] [Imix]: [ImixAI][FAIL] x=1.3 y=113.5 same-region=true -> candidate=LATE plan=1259 errors=1260/6
12:59:48 INFO  [Main] [Imix]: [ImixAI][ROLLBACK] no safe checkpoint yet; returned to x=0
12:59:48 INFO  [Main] [Imix]: [ImixAI][SEARCH] phase=LEARNED FAILURE -> SEARCHING ALTERNATIVE x=0.0 y=113.5 plan=1259 candidate=LATE failures=1260 budget=6 checkpoint=0.0
12:59:48 WARN  [Main] [Imix]: [ImixAI][FAIL] x=1.3 y=111.1 same-region=true -> candidate=CENTER plan=1260 errors=1261/6
12:59:48 INFO  [Main] [Imix]: [ImixAI][ROLLBACK] no safe checkpoint yet; returned to x=0
12:59:48 INFO  [Main] [Imix]: [ImixAI][SEARCH] phase=LEARNED FAILURE -> SEARCHING ALTERNATIVE x=0.0 y=111.1 plan=1260 candidate=CENTER failures=1261 budget=6 checkpoint=0.0
12:59:48 WARN  [Main] [Imix]: [ImixAI][FAIL] x=1.3 y=108.7 same-region=true -> candidate=EARLY plan=1261 errors=1262/6
12:59:48 INFO  [Main] [Imix]: [ImixAI][ROLLBACK] no safe checkpoint yet; returned to x=0
12:59:48 INFO  [Main] [Imix]: [ImixAI][SEARCH] phase=LEARNED FAILURE -> SEARCHING ALTERNATIVE x=0.0 y=108.7 plan=1261 candidate=EARLY failures=1262 budget=6 checkpoint=0.0
12:59:48 WARN  [Main] [Imix]: [ImixAI][FAIL] x=1.3 y=106.3 same-region=true -> candidate=LATE plan=1262 errors=1263/6
12:59:48 INFO  [Main] [Imix]: [ImixAI][ROLLBACK] no safe checkpoint yet; returned to x=0
12:59:48 INFO  [Main] [Imix]: [ImixAI][SEARCH] phase=LEARNED FAILURE -> SEARCHING ALTERNATIVE x=0.0 y=106.3 plan=1262 candidate=LATE failures=1263 budget=6 checkpoint=0.0
12:59:48 WARN  [Main] [Imix]: [ImixAI][FAIL] x=1.3 y=105.0 same-region=true -> candidate=CENTER plan=1263 errors=1264/6
12:59:48 INFO  [Main] [Imix]: [ImixAI][ROLLBACK] no safe checkpoint yet; returned to x=0
12:59:48 INFO  [Main] [Imix]: [ImixAI][SEARCH] phase=LEARNED FAILURE -> SEARCHING ALTERNATIVE x=0.0 y=105.0 plan=1263 candidate=CENTER failures=1264 budget=6 checkpoint=0.0
12:59:48 WARN  [Main] [Imix]: [ImixAI][FAIL] x=1.3 y=105.0 same-region=true -> candidate=EARLY plan=1264 errors=1265/6
12:59:48 INFO  [Main] [Imix]: [ImixAI][ROLLBACK] no safe checkpoint yet; returned to x=0
12:59:48 INFO  [Main] [Imix]: [ImixAI][SEARCH] phase=LEARNED FAILURE -> SEARCHING ALTERNATIVE x=0.0 y=105.0 plan=1264 candidate=EARLY failures=1265 budget=6 checkpoint=0.0
12:59:48 WARN  [Main] [Imix]: [ImixAI][FAIL] x=1.3 y=105.0 same-region=true -> candidate=LATE plan=1265 errors=1266/6
12:59:48 INFO  [Main] [Imix]: [ImixAI][ROLLBACK] no safe checkpoint yet; returned to x=0
12:59:48 INFO  [Main] [Imix]: [ImixAI][SEARCH] phase=LEARNED FAILURE -> SEARCHING ALTERNATIVE x=0.0 y=105.0 plan=1265 candidate=LATE failures=1266 budget=6 checkpoint=0.0
12:59:48 WARN  [Main] [Imix]: [ImixAI][FAIL] x=1.3 y=105.0 same-region=true -> candidate=CENTER plan=1266 errors=1267/6
12:59:48 INFO  [Main] [Imix]: [ImixAI][ROLLBACK] no safe checkpoint yet; returned to x=0
12:59:48 INFO  [Main] [Imix]: [ImixAI][SEARCH] phase=LEARNED FAILURE -> SEARCHING ALTERNATIVE x=0.0 y=105.0 plan=1266 candidate=CENTER failures=1267 budget=6 checkpoint=0.0
12:59:48 WARN  [Main] [Imix]: [ImixAI][FAIL] x=1.3 y=105.0 same-region=true -> candidate=EARLY plan=1267 errors=1268/6
12:59:48 INFO  [Main] [Imix]: [ImixAI][ROLLBACK] no safe checkpoint yet; returned to x=0
12:59:48 INFO  [Main] [Imix]: [ImixAI][SEARCH] phase=LEARNED FAILURE -> SEARCHING ALTERNATIVE x=0.0 y=105.0 plan=1267 candidate=EARLY failures=1268 budget=6 checkpoint=0.0
12:59:48 WARN  [Main] [Imix]: [ImixAI][FAIL] x=1.3 y=105.0 same-region=true -> candidate=LATE plan=1268 errors=1269/6
12:59:48 INFO  [Main] [Imix]: [ImixAI][ROLLBACK] no safe checkpoint yet; returned to x=0
12:59:48 INFO  [Main] [Imix]: [ImixAI][SEARCH] phase=LEARNED FAILURE -> SEARCHING ALTERNATIVE x=0.0 y=105.0 plan=1268 candidate=LATE failures=1269 budget=6 checkpoint=0.0
12:59:48 WARN  [Main] [Imix]: [ImixAI][FAIL] x=1.3 y=105.0 same-region=true -> candidate=CENTER plan=1269 errors=1270/6
12:59:48 INFO  [Main] [Imix]: [ImixAI][ROLLBACK] no safe checkpoint yet; returned to x=0
12:59:48 INFO  [Main] [Imix]: [ImixAI][SEARCH] phase=LEARNED FAILURE -> SEARCHING ALTERNATIVE x=0.0 y=105.0 plan=1269 candidate=CENTER failures=1270 budget=6 checkpoint=0.0
12:59:48 WARN  [Main] [Imix]: [ImixAI][FAIL] x=1.3 y=105.0 same-region=true -> candidate=EARLY plan=1270 errors=1271/6
12:59:48 INFO  [Main] [Imix]: [ImixAI][ROLLBACK] no safe checkpoint yet; returned to x=0
12:59:48 INFO  [Main] [Imix]: [ImixAI][SEARCH] phase=LEARNED FAILURE -> SEARCHING ALTERNATIVE x=0.0 y=105.0 plan=1270 candidate=EARLY failures=1271 budget=6 checkpoint=0.0
12:59:48 WARN  [Main] [Imix]: [ImixAI][FAIL] x=1.3 y=105.0 same-region=true -> candidate=LATE plan=1271 errors=1272/6
12:59:48 INFO  [Main] [Imix]: [ImixAI][ROLLBACK] no safe checkpoint yet; returned to x=0
12:59:48 INFO  [Main] [Imix]: [ImixAI][SEARCH] phase=LEARNED FAILURE -> SEARCHING ALTERNATIVE x=0.0 y=105.0 plan=1271 candidate=LATE failures=1272 budget=6 checkpoint=0.0
12:59:48 WARN  [Main] [Imix]: [ImixAI][FAIL] x=1.3 y=105.0 same-region=true -> candidate=CENTER plan=1272 errors=1273/6
12:59:48 INFO  [Main] [Imix]: [ImixAI][ROLLBACK] no safe checkpoint yet; returned to x=0
12:59:48 INFO  [Main] [Imix]: [ImixAI][SEARCH] phase=LEARNED FAILURE -> SEARCHING ALTERNATIVE x=0.0 y=105.0 plan=1272 candidate=CENTER failures=1273 budget=6 checkpoint=0.0
12:59:48 WARN  [Main] [Imix]: [ImixAI][FAIL] x=1.3 y=105.0 same-region=true -> candidate=EARLY plan=1273 errors=1274/6
12:59:48 INFO  [Main] [Imix]: [ImixAI][ROLLBACK] no safe checkpoint yet; returned to x=0
12:59:48 INFO  [Main] [Imix]: [ImixAI][SEARCH] phase=LEARNED FAILURE -> SEARCHING ALTERNATIVE x=0.0 y=105.0 plan=1273 candidate=EARLY failures=1274 budget=6 checkpoint=0.0
12:59:48 WARN  [Main] [Imix]: [ImixAI][FAIL] x=1.3 y=105.0 same-region=true -> candidate=LATE plan=1274 errors=1275/6
12:59:48 INFO  [Main] [Imix]: [ImixAI][ROLLBACK] no safe checkpoint yet; returned to x=0
12:59:48 INFO  [Main] [Imix]: [ImixAI][SEARCH] phase=LEARNED FAILURE -> SEARCHING ALTERNATIVE x=0.0 y=105.0 plan=1274 candidate=LATE failures=1275 budget=6 checkpoint=0.0
12:59:48 WARN  [Main] [Imix]: [ImixAI][FAIL] x=1.3 y=105.0 same-region=true -> candidate=CENTER plan=1275 errors=1276/6
12:59:48 INFO  [Main] [Imix]: [ImixAI][ROLLBACK] no safe checkpoint yet; returned to x=0
12:59:48 INFO  [Main] [Imix]: [ImixAI][SEARCH] phase=LEARNED FAILURE -> SEARCHING ALTERNATIVE x=0.0 y=105.0 plan=1275 candidate=CENTER failures=1276 budget=6 checkpoint=0.0
12:59:48 WARN  [Main] [Imix]: [ImixAI][FAIL] x=1.3 y=105.0 same-region=true -> candidate=EARLY plan=1276 errors=1277/6
12:59:48 INFO  [Main] [Imix]: [ImixAI][ROLLBACK] no safe checkpoint yet; returned to x=0
12:59:48 INFO  [Main] [Imix]: [ImixAI][SEARCH] phase=LEARNED FAILURE -> SEARCHING ALTERNATIVE x=0.0 y=105.0 plan=1276 candidate=EARLY failures=1277 budget=6 checkpoint=0.0
12:59:48 WARN  [Main] [Imix]: [ImixAI][FAIL] x=1.3 y=107.5 same-region=true -> candidate=LATE plan=1277 errors=1278/6
12:59:48 INFO  [Main] [Imix]: [ImixAI][ROLLBACK] no safe checkpoint yet; returned to x=0
12:59:48 INFO  [Main] [Imix]: [ImixAI][SEARCH] phase=LEARNED FAILURE -> SEARCHING ALTERNATIVE x=0.0 y=107.5 plan=1277 candidate=LATE failures=1278 budget=6 checkpoint=0.0
12:59:48 WARN  [Main] [Imix]: [ImixAI][FAIL] x=1.3 y=109.9 same-region=true -> candidate=CENTER plan=1278 errors=1279/6
12:59:48 INFO  [Main] [Imix]: [ImixAI][ROLLBACK] no safe checkpoint yet; returned to x=0
12:59:48 INFO  [Main] [Imix]: [ImixAI][SEARCH] phase=LEARNED FAILURE -> SEARCHING ALTERNATIVE x=0.0 y=109.9 plan=1278 candidate=CENTER failures=1279 budget=6 checkpoint=0.0
12:59:48 WARN  [Main] [Imix]: [ImixAI][FAIL] x=1.3 y=112.3 same-region=true -> candidate=EARLY plan=1279 errors=1280/6
12:59:48 INFO  [Main] [Imix]: [ImixAI][ROLLBACK] no safe checkpoint yet; returned to x=0
12:59:48 INFO  [Main] [Imix]: [ImixAI][SEARCH] phase=LEARNED FAILURE -> SEARCHING ALTERNATIVE x=0.0 y=112.3 plan=1279 candidate=EARLY failures=1280 budget=6 checkpoint=0.0
12:59:48 WARN  [Main] [Imix]: [ImixAI][FAIL] x=1.3 y=114.6 same-region=true -> candidate=LATE plan=1280 errors=1281/6
12:59:48 INFO  [Main] [Imix]: [ImixAI][ROLLBACK] no safe checkpoint yet; returned to x=0
12:59:48 INFO  [Main] [Imix]: [ImixAI][SEARCH] phase=LEARNED FAILURE -> SEARCHING ALTERNATIVE x=0.0 y=114.6 plan=1280 candidate=LATE failures=1281 budget=6 checkpoint=0.0
12:59:48 WARN  [Main] [Imix]: [ImixAI][FAIL] x=1.3 y=116.8 same-region=true -> candidate=CENTER plan=1281 errors=1282/6
12:59:48 INFO  [Main] [Imix]: [ImixAI][ROLLBACK] no safe checkpoint yet; returned to x=0
12:59:48 INFO  [Main] [Imix]: [ImixAI][SEARCH] phase=LEARNED FAILURE -> SEARCHING ALTERNATIVE x=0.0 y=116.8 plan=1281 candidate=CENTER failures=1282 budget=6 checkpoint=0.0
12:59:48 WARN  [Main] [Imix]: [ImixAI][FAIL] x=1.3 y=119.1 same-region=true -> candidate=EARLY plan=1282 errors=1283/6
12:59:48 INFO  [Main] [Imix]: [ImixAI][ROLLBACK] no safe checkpoint yet; returned to x=0
12:59:48 INFO  [Main] [Imix]: [ImixAI][SEARCH] phase=LEARNED FAILURE -> SEARCHING ALTERNATIVE x=0.0 y=119.1 plan=1282 candidate=EARLY failures=1283 budget=6 checkpoint=0.0
12:59:48 WARN  [Main] [Imix]: [ImixAI][FAIL] x=1.3 y=121.2 same-region=true -> candidate=LATE plan=1283 errors=1284/6
12:59:48 INFO  [Main] [Imix]: [ImixAI][ROLLBACK] no safe checkpoint yet; returned to x=0
12:59:48 INFO  [Main] [Imix]: [ImixAI][SEARCH] phase=LEARNED FAILURE -> SEARCHING ALTERNATIVE x=0.0 y=121.2 plan=1283 candidate=LATE failures=1284 budget=6 checkpoint=0.0
12:59:48 WARN  [Main] [Imix]: [ImixAI][FAIL] x=1.3 y=123.4 same-region=true -> candidate=CENTER plan=1284 errors=1285/6
12:59:48 INFO  [Main] [Imix]: [ImixAI][ROLLBACK] no safe checkpoint yet; returned to x=0
12:59:48 INFO  [Main] [Imix]: [ImixAI][SEARCH] phase=LEARNED FAILURE -> SEARCHING ALTERNATIVE x=0.0 y=123.4 plan=1284 candidate=CENTER failures=1285 budget=6 checkpoint=0.0
12:59:48 WARN  [Main] [Imix]: [ImixAI][FAIL] x=1.3 y=125.5 same-region=true -> candidate=EARLY plan=1285 errors=1286/6
12:59:48 INFO  [Main] [Imix]: [ImixAI][ROLLBACK] no safe checkpoint yet; returned to x=0
12:59:48 INFO  [Main] [Imix]: [ImixAI][SEARCH] phase=LEARNED FAILURE -> SEARCHING ALTERNATIVE x=0.0 y=125.5 plan=1285 candidate=EARLY failures=1286 budget=6 checkpoint=0.0
12:59:48 WARN  [Main] [Imix]: [ImixAI][FAIL] x=1.3 y=127.5 same-region=true -> candidate=LATE plan=1286 errors=1287/6
12:59:48 INFO  [Main] [Imix]: [ImixAI][ROLLBACK] no safe checkpoint yet; returned to x=0
12:59:48 INFO  [Main] [Imix]: [ImixAI][SEARCH] phase=LEARNED FAILURE -> SEARCHING ALTERNATIVE x=0.0 y=127.5 plan=1286 candidate=LATE failures=1287 budget=6 checkpoint=0.0
12:59:48 WARN  [Main] [Imix]: [ImixAI][FAIL] x=1.3 y=129.5 same-region=true -> candidate=CENTER plan=1287 errors=1288/6
12:59:48 INFO  [Main] [Imix]: [ImixAI][ROLLBACK] no safe checkpoint yet; returned to x=0
12:59:48 INFO  [Main] [Imix]: [ImixAI][SEARCH] phase=LEARNED FAILURE -> SEARCHING ALTERNATIVE x=0.0 y=129.5 plan=1287 candidate=CENTER failures=1288 budget=6 checkpoint=0.0
12:59:48 WARN  [Main] [Imix]: [ImixAI][FAIL] x=1.3 y=131.4 same-region=true -> candidate=EARLY plan=1288 errors=1289/6
12:59:48 INFO  [Main] [Imix]: [ImixAI][ROLLBACK] no safe checkpoint yet; returned to x=0
12:59:48 INFO  [Main] [Imix]: [ImixAI][SEARCH] phase=LEARNED FAILURE -> SEARCHING ALTERNATIVE x=0.0 y=131.4 plan=1288 candidate=EARLY failures=1289 budget=6 checkpoint=0.0
12:59:48 WARN  [Main] [Imix]: [ImixAI][FAIL] x=1.3 y=133.3 same-region=true -> candidate=LATE plan=1289 errors=1290/6
12:59:48 INFO  [Main] [Imix]: [ImixAI][ROLLBACK] no safe checkpoint yet; returned to x=0
12:59:48 INFO  [Main] [Imix]: [ImixAI][SEARCH] phase=LEARNED FAILURE -> SEARCHING ALTERNATIVE x=0.0 y=133.3 plan=1289 candidate=LATE failures=1290 budget=6 checkpoint=0.0
12:59:48 WARN  [Main] [Imix]: [ImixAI][FAIL] x=1.3 y=135.1 same-region=true -> candidate=CENTER plan=1290 errors=1291/6
12:59:48 INFO  [Main] [Imix]: [ImixAI][ROLLBACK] no safe checkpoint yet; returned to x=0
12:59:48 INFO  [Main] [Imix]: [ImixAI][SEARCH] phase=LEARNED FAILURE -> SEARCHING ALTERNATIVE x=0.0 y=135.1 plan=1290 candidate=CENTER failures=1291 budget=6 checkpoint=0.0
12:59:48 WARN  [Main] [Imix]: [ImixAI][FAIL] x=1.3 y=136.9 same-region=true -> candidate=EARLY plan=1291 errors=1292/6
12:59:48 INFO  [Main] [Imix]: [ImixAI][ROLLBACK] no safe checkpoint yet; returned to x=0
12:59:48 INFO  [Main] [Imix]: [ImixAI][SEARCH] phase=LEARNED FAILURE -> SEARCHING ALTERNATIVE x=0.0 y=136.9 plan=1291 candidate=EARLY failures=1292 budget=6 checkpoint=0.0
12:59:48 WARN  [Main] [Imix]: [ImixAI][FAIL] x=1.3 y=138.6 same-region=true -> candidate=LATE plan=1292 errors=1293/6
12:59:48 INFO  [Main] [Imix]: [ImixAI][ROLLBACK] no safe checkpoint yet; returned to x=0
12:59:48 INFO  [Main] [Imix]: [ImixAI][SEARCH] phase=LEARNED FAILURE -> SEARCHING ALTERNATIVE x=0.0 y=138.6 plan=1292 candidate=LATE failures=1293 budget=6 checkpoint=0.0
12:59:48 WARN  [Main] [Imix]: [ImixAI][FAIL] x=1.3 y=140.3 same-region=true -> candidate=CENTER plan=1293 errors=1294/6
12:59:48 INFO  [Main] [Imix]: [ImixAI][ROLLBACK] no safe checkpoint yet; returned to x=0
12:59:48 INFO  [Main] [Imix]: [ImixAI][SEARCH] phase=LEARNED FAILURE -> SEARCHING ALTERNATIVE x=0.0 y=140.3 plan=1293 candidate=CENTER failures=1294 budget=6 checkpoint=0.0
12:59:48 WARN  [Main] [Imix]: [ImixAI][FAIL] x=1.3 y=142.0 same-region=true -> candidate=EARLY plan=1294 errors=1295/6
12:59:48 INFO  [Main] [Imix]: [ImixAI][ROLLBACK] no safe checkpoint yet; returned to x=0
12:59:48 INFO  [Main] [Imix]: [ImixAI][SEARCH] phase=LEARNED FAILURE -> SEARCHING ALTERNATIVE x=0.0 y=142.0 plan=1294 candidate=EARLY failures=1295 budget=6 checkpoint=0.0
12:59:48 WARN  [Main] [Imix]: [ImixAI][FAIL] x=1.3 y=143.6 same-region=true -> candidate=LATE plan=1295 errors=1296/6
12:59:48 INFO  [Main] [Imix]: [ImixAI][ROLLBACK] no safe checkpoint yet; returned to x=0
12:59:48 INFO  [Main] [Imix]: [ImixAI][SEARCH] phase=LEARNED FAILURE -> SEARCHING ALTERNATIVE x=0.0 y=143.6 plan=1295 candidate=LATE failures=1296 budget=6 checkpoint=0.0
12:59:48 WARN  [Main] [Imix]: [ImixAI][FAIL] x=1.3 y=145.1 same-region=true -> candidate=CENTER plan=1296 errors=1297/6
12:59:48 INFO  [Main] [Imix]: [ImixAI][ROLLBACK] no safe checkpoint yet; returned to x=0
12:59:48 INFO  [Main] [Imix]: [ImixAI][SEARCH] phase=LEARNED FAILURE -> SEARCHING ALTERNATIVE x=0.0 y=145.1 plan=1296 candidate=CENTER failures=1297 budget=6 checkpoint=0.0
12:59:48 WARN  [Main] [Imix]: [ImixAI][FAIL] x=1.3 y=146.6 same-region=true -> candidate=EARLY plan=1297 errors=1298/6
12:59:48 INFO  [Main] [Imix]: [ImixAI][ROLLBACK] no safe checkpoint yet; returned to x=0
12:59:48 INFO  [Main] [Imix]: [ImixAI][SEARCH] phase=LEARNED FAILURE -> SEARCHING ALTERNATIVE x=0.0 y=146.6 plan=1297 candidate=EARLY failures=1298 budget=6 checkpoint=0.0
12:59:48 WARN  [Main] [Imix]: [ImixAI][FAIL] x=1.3 y=148.0 same-region=true -> candidate=LATE plan=1298 errors=1299/6
12:59:48 INFO  [Main] [Imix]: [ImixAI][ROLLBACK] no safe checkpoint yet; returned to x=0
12:59:48 INFO  [Main] [Imix]: [ImixAI][SEARCH] phase=LEARNED FAILURE -> SEARCHING ALTERNATIVE x=0.0 y=148.0 plan=1298 candidate=LATE failures=1299 budget=6 checkpoint=0.0
12:59:48 WARN  [Main] [Imix]: [ImixAI][FAIL] x=1.3 y=149.4 same-region=true -> candidate=CENTER plan=1299 errors=1300/6
12:59:48 INFO  [Main] [Imix]: [ImixAI][ROLLBACK] no safe checkpoint yet; returned to x=0
12:59:48 INFO  [Main] [Imix]: [ImixAI][SEARCH] phase=LEARNED FAILURE -> SEARCHING ALTERNATIVE x=0.0 y=149.4 plan=1299 candidate=CENTER failures=1300 budget=6 checkpoint=0.0
12:59:48 WARN  [Main] [Imix]: [ImixAI][FAIL] x=1.3 y=150.8 same-region=true -> candidate=EARLY plan=1300 errors=1301/6
12:59:48 INFO  [Main] [Imix]: [ImixAI][ROLLBACK] no safe checkpoint yet; returned to x=0
12:59:48 INFO  [Main] [Imix]: [ImixAI][SEARCH] phase=LEARNED FAILURE -> SEARCHING ALTERNATIVE x=0.0 y=150.8 plan=1300 candidate=EARLY failures=1301 budget=6 checkpoint=0.0
12:59:48 WARN  [Main] [Imix]: [ImixAI][FAIL] x=1.3 y=152.1 same-region=true -> candidate=LATE plan=1301 errors=1302/6
12:59:48 INFO  [Main] [Imix]: [ImixAI][ROLLBACK] no safe checkpoint yet; returned to x=0
12:59:48 INFO  [Main] [Imix]: [ImixAI][SEARCH] phase=LEARNED FAILURE -> SEARCHING ALTERNATIVE x=0.0 y=152.1 plan=1301 candidate=LATE failures=1302 budget=6 checkpoint=0.0
12:59:48 WARN  [Main] [Imix]: [ImixAI][FAIL] x=1.3 y=153.3 same-region=true -> candidate=CENTER plan=1302 errors=1303/6
12:59:48 INFO  [Main] [Imix]: [ImixAI][ROLLBACK] no safe checkpoint yet; returned to x=0
12:59:48 INFO  [Main] [Imix]: [ImixAI][SEARCH] phase=LEARNED FAILURE -> SEARCHING ALTERNATIVE x=0.0 y=153.3 plan=1302 candidate=CENTER failures=1303 budget=6 checkpoint=0.0
12:59:48 WARN  [Main] [Imix]: [ImixAI][FAIL] x=1.3 y=154.5 same-region=true -> candidate=EARLY plan=1303 errors=1304/6
12:59:48 INFO  [Main] [Imix]: [ImixAI][ROLLBACK] no safe checkpoint yet; returned to x=0
12:59:48 INFO  [Main] [Imix]: [ImixAI][SEARCH] phase=LEARNED FAILURE -> SEARCHING ALTERNATIVE x=0.0 y=154.5 plan=1303 candidate=EARLY failures=1304 budget=6 checkpoint=0.0
12:59:48 WARN  [Main] [Imix]: [ImixAI][FAIL] x=1.3 y=155.7 same-region=true -> candidate=LATE plan=1304 errors=1305/6
12:59:48 INFO  [Main] [Imix]: [ImixAI][ROLLBACK] no safe checkpoint yet; returned to x=0
12:59:48 INFO  [Main] [Imix]: [ImixAI][SEARCH] phase=LEARNED FAILURE -> SEARCHING ALTERNATIVE x=0.0 y=155.7 plan=1304 candidate=LATE failures=1305 budget=6 checkpoint=0.0
12:59:48 WARN  [Main] [Imix]: [ImixAI][FAIL] x=1.3 y=156.8 same-region=true -> candidate=CENTER plan=1305 errors=1306/6
12:59:48 INFO  [Main] [Imix]: [ImixAI][ROLLBACK] no safe checkpoint yet; returned to x=0
12:59:48 INFO  [Main] [Imix]: [ImixAI][SEARCH] phase=LEARNED FAILURE -> SEARCHING ALTERNATIVE x=0.0 y=156.8 plan=1305 candidate=CENTER failures=1306 budget=6 checkpoint=0.0
12:59:48 WARN  [Main] [Imix]: [ImixAI][FAIL] x=1.3 y=157.9 same-region=true -> candidate=EARLY plan=1306 errors=1307/6
12:59:48 INFO  [Main] [Imix]: [ImixAI][ROLLBACK] no safe checkpoint yet; returned to x=0
12:59:48 INFO  [Main] [Imix]: [ImixAI][SEARCH] phase=LEARNED FAILURE -> SEARCHING ALTERNATIVE x=0.0 y=157.9 plan=1306 candidate=EARLY failures=1307 budget=6 checkpoint=0.0
12:59:48 WARN  [Main] [Imix]: [ImixAI][FAIL] x=1.3 y=158.9 same-region=true -> candidate=LATE plan=1307 errors=1308/6
12:59:48 INFO  [Main] [Imix]: [ImixAI][ROLLBACK] no safe checkpoint yet; returned to x=0
12:59:48 INFO  [Main] [Imix]: [ImixAI][SEARCH] phase=LEARNED FAILURE -> SEARCHING ALTERNATIVE x=0.0 y=158.9 plan=1307 candidate=LATE failures=1308 budget=6 checkpoint=0.0
12:59:48 WARN  [Main] [Imix]: [ImixAI][FAIL] x=1.3 y=159.8 same-region=true -> candidate=CENTER plan=1308 errors=1309/6
12:59:48 INFO  [Main] [Imix]: [ImixAI][ROLLBACK] no safe checkpoint yet; returned to x=0
12:59:48 INFO  [Main] [Imix]: [ImixAI][SEARCH] phase=LEARNED FAILURE -> SEARCHING ALTERNATIVE x=0.0 y=159.8 plan=1308 candidate=CENTER failures=1309 budget=6 checkpoint=0.0
12:59:48 WARN  [Main] [Imix]: [ImixAI][FAIL] x=1.3 y=160.7 same-region=true -> candidate=EARLY plan=1309 errors=1310/6
12:59:48 INFO  [Main] [Imix]: [ImixAI][ROLLBACK] no safe checkpoint yet; returned to x=0
12:59:48 INFO  [Main] [Imix]: [ImixAI][SEARCH] phase=LEARNED FAILURE -> SEARCHING ALTERNATIVE x=0.0 y=160.7 plan=1309 candidate=EARLY failures=1310 budget=6 checkpoint=0.0
12:59:48 WARN  [Main] [Imix]: [ImixAI][FAIL] x=1.3 y=161.6 same-region=true -> candidate=LATE plan=1310 errors=1311/6
12:59:48 INFO  [Main] [Imix]: [ImixAI][ROLLBACK] no safe checkpoint yet; returned to x=0
12:59:48 INFO  [Main] [Imix]: [ImixAI][SEARCH] phase=LEARNED FAILURE -> SEARCHING ALTERNATIVE x=0.0 y=161.6 plan=1310 candidate=LATE failures=1311 budget=6 checkpoint=0.0
12:59:48 WARN  [Main] [Imix]: [ImixAI][FAIL] x=1.3 y=162.4 same-region=true -> candidate=CENTER plan=1311 errors=1312/6
12:59:48 INFO  [Main] [Imix]: [ImixAI][ROLLBACK] no safe checkpoint yet; returned to x=0
12:59:48 INFO  [Main] [Imix]: [ImixAI][SEARCH] phase=LEARNED FAILURE -> SEARCHING ALTERNATIVE x=0.0 y=162.4 plan=1311 candidate=CENTER failures=1312 budget=6 checkpoint=0.0
12:59:48 WARN  [Main] [Imix]: [ImixAI][FAIL] x=1.3 y=163.2 same-region=true -> candidate=EARLY plan=1312 errors=1313/6
12:59:48 INFO  [Main] [Imix]: [ImixAI][ROLLBACK] no safe checkpoint yet; returned to x=0
12:59:48 INFO  [Main] [Imix]: [ImixAI][SEARCH] phase=LEARNED FAILURE -> SEARCHING ALTERNATIVE x=0.0 y=163.2 plan=1312 candidate=EARLY failures=1313 budget=6 checkpoint=0.0
12:59:48 WARN  [Main] [Imix]: [ImixAI][FAIL] x=1.3 y=163.9 same-region=true -> candidate=LATE plan=1313 errors=1314/6
12:59:48 INFO  [Main] [Imix]: [ImixAI][ROLLBACK] no safe checkpoint yet; returned to x=0
12:59:48 INFO  [Main] [Imix]: [ImixAI][SEARCH] phase=LEARNED FAILURE -> SEARCHING ALTERNATIVE x=0.0 y=163.9 plan=1313 candidate=LATE failures=1314 budget=6 checkpoint=0.0
12:59:48 WARN  [Main] [Imix]: [ImixAI][FAIL] x=1.3 y=164.6 same-region=true -> candidate=CENTER plan=1314 errors=1315/6
12:59:48 INFO  [Main] [Imix]: [ImixAI][ROLLBACK] no safe checkpoint yet; returned to x=0
12:59:48 INFO  [Main] [Imix]: [ImixAI][SEARCH] phase=LEARNED FAILURE -> SEARCHING ALTERNATIVE x=0.0 y=164.6 plan=1314 candidate=CENTER failures=1315 budget=6 checkpoint=0.0
12:59:48 WARN  [Main] [Imix]: [ImixAI][FAIL] x=1.3 y=165.2 same-region=true -> candidate=EARLY plan=1315 errors=1316/6
12:59:48 INFO  [Main] [Imix]: [ImixAI][ROLLBACK] no safe checkpoint yet; returned to x=0
12:59:48 INFO  [Main] [Imix]: [ImixAI][SEARCH] phase=LEARNED FAILURE -> SEARCHING ALTERNATIVE x=0.0 y=165.2 plan=1315 candidate=EARLY failures=1316 budget=6 checkpoint=0.0
12:59:48 WARN  [Main] [Imix]: [ImixAI][FAIL] x=1.3 y=165.8 same-region=true -> candidate=LATE plan=1316 errors=1317/6
12:59:48 INFO  [Main] [Imix]: [ImixAI][ROLLBACK] no safe checkpoint yet; returned to x=0
12:59:48 INFO  [Main] [Imix]: [ImixAI][SEARCH] phase=LEARNED FAILURE -> SEARCHING ALTERNATIVE x=0.0 y=165.8 plan=1316 candidate=LATE failures=1317 budget=6 checkpoint=0.0
12:59:48 WARN  [Main] [Imix]: [ImixAI][FAIL] x=1.3 y=166.3 same-region=true -> candidate=CENTER plan=1317 errors=1318/6
12:59:48 INFO  [Main] [Imix]: [ImixAI][ROLLBACK] no safe checkpoint yet; returned to x=0
12:59:48 INFO  [Main] [Imix]: [ImixAI][SEARCH] phase=LEARNED FAILURE -> SEARCHING ALTERNATIVE x=0.0 y=166.3 plan=1317 candidate=CENTER failures=1318 budget=6 checkpoint=0.0
12:59:48 WARN  [Main] [Imix]: [ImixAI][FAIL] x=1.3 y=166.8 same-region=true -> candidate=EARLY plan=1318 errors=1319/6
12:59:48 INFO  [Main] [Imix]: [ImixAI][ROLLBACK] no safe checkpoint yet; returned to x=0
12:59:48 INFO  [Main] [Imix]: [ImixAI][SEARCH] phase=LEARNED FAILURE -> SEARCHING ALTERNATIVE x=0.0 y=166.8 plan=1318 candidate=EARLY failures=1319 budget=6 checkpoint=0.0
12:59:48 WARN  [Main] [Imix]: [ImixAI][FAIL] x=1.3 y=167.2 same-region=true -> candidate=LATE plan=1319 errors=1320/6
12:59:48 INFO  [Main] [Imix]: [ImixAI][ROLLBACK] no safe checkpoint yet; returned to x=0
12:59:48 INFO  [Main] [Imix]: [ImixAI][SEARCH] phase=LEARNED FAILURE -> SEARCHING ALTERNATIVE x=0.0 y=167.2 plan=1319 candidate=LATE failures=1320 budget=6 checkpoint=0.0
12:59:48 WARN  [Main] [Imix]: [ImixAI][FAIL] x=1.3 y=167.6 same-region=true -> candidate=CENTER plan=1320 errors=1321/6
12:59:48 INFO  [Main] [Imix]: [ImixAI][ROLLBACK] no safe checkpoint yet; returned to x=0
12:59:48 INFO  [Main] [Imix]: [ImixAI][SEARCH] phase=LEARNED FAILURE -> SEARCHING ALTERNATIVE x=0.0 y=167.6 plan=1320 candidate=CENTER failures=1321 budget=6 checkpoint=0.0
12:59:48 WARN  [Main] [Imix]: [ImixAI][FAIL] x=1.3 y=167.9 same-region=true -> candidate=EARLY plan=1321 errors=1322/6
12:59:48 INFO  [Main] [Imix]: [ImixAI][ROLLBACK] no safe checkpoint yet; returned to x=0
12:59:48 INFO  [Main] [Imix]: [ImixAI][SEARCH] phase=LEARNED FAILURE -> SEARCHING ALTERNATIVE x=0.0 y=167.9 plan=1321 candidate=EARLY failures=1322 budget=6 checkpoint=0.0
12:59:48 WARN  [Main] [Imix]: [ImixAI][FAIL] x=1.3 y=168.2 same-region=true -> candidate=LATE plan=1322 errors=1323/6
12:59:48 INFO  [Main] [Imix]: [ImixAI][ROLLBACK] no safe checkpoint yet; returned to x=0
12:59:48 INFO  [Main] [Imix]: [ImixAI][SEARCH] phase=LEARNED FAILURE -> SEARCHING ALTERNATIVE x=0.0 y=168.2 plan=1322 candidate=LATE failures=1323 budget=6 checkpoint=0.0
12:59:48 WARN  [Main] [Imix]: [ImixAI][FAIL] x=1.3 y=168.4 same-region=true -> candidate=CENTER plan=1323 errors=1324/6
12:59:48 INFO  [Main] [Imix]: [ImixAI][ROLLBACK] no safe checkpoint yet; returned to x=0
12:59:48 INFO  [Main] [Imix]: [ImixAI][SEARCH] phase=LEARNED FAILURE -> SEARCHING ALTERNATIVE x=0.0 y=168.4 plan=1323 candidate=CENTER failures=1324 budget=6 checkpoint=0.0
12:59:48 WARN  [Main] [Imix]: [ImixAI][FAIL] x=1.3 y=168.6 same-region=true -> candidate=EARLY plan=1324 errors=1325/6
12:59:48 INFO  [Main] [Imix]: [ImixAI][ROLLBACK] no safe checkpoint yet; returned to x=0
12:59:48 INFO  [Main] [Imix]: [ImixAI][SEARCH] phase=LEARNED FAILURE -> SEARCHING ALTERNATIVE x=0.0 y=168.6 plan=1324 candidate=EARLY failures=1325 budget=6 checkpoint=0.0
12:59:48 WARN  [Main] [Imix]: [ImixAI][FAIL] x=1.3 y=168.7 same-region=true -> candidate=LATE plan=1325 errors=1326/6
12:59:48 INFO  [Main] [Imix]: [ImixAI][ROLLBACK] no safe checkpoint yet; returned to x=0
12:59:48 INFO  [Main] [Imix]: [ImixAI][SEARCH] phase=LEARNED FAILURE -> SEARCHING ALTERNATIVE x=0.0 y=168.7 plan=1325 candidate=LATE failures=1326 budget=6 checkpoint=0.0
12:59:48 WARN  [Main] [Imix]: [ImixAI][FAIL] x=1.3 y=168.8 same-region=true -> candidate=CENTER plan=1326 errors=1327/6
12:59:48 INFO  [Main] [Imix]: [ImixAI][ROLLBACK] no safe checkpoint yet; returned to x=0
12:59:48 INFO  [Main] [Imix]: [ImixAI][SEARCH] phase=LEARNED FAILURE -> SEARCHING ALTERNATIVE x=0.0 y=168.8 plan=1326 candidate=CENTER failures=1327 budget=6 checkpoint=0.0
12:59:48 WARN  [Main] [Imix]: [ImixAI][FAIL] x=1.3 y=168.8 same-region=true -> candidate=EARLY plan=1327 errors=1328/6
12:59:48 INFO  [Main] [Imix]: [ImixAI][ROLLBACK] no safe checkpoint yet; returned to x=0
12:59:48 INFO  [Main] [Imix]: [ImixAI][SEARCH] phase=LEARNED FAILURE -> SEARCHING ALTERNATIVE x=0.0 y=168.8 plan=1327 candidate=EARLY failures=1328 budget=6 checkpoint=0.0
12:59:48 WARN  [Main] [Imix]: [ImixAI][FAIL] x=1.3 y=168.8 same-region=true -> candidate=LATE plan=1328 errors=1329/6
12:59:48 INFO  [Main] [Imix]: [ImixAI][ROLLBACK] no safe checkpoint yet; returned to x=0
12:59:48 INFO  [Main] [Imix]: [ImixAI][SEARCH] phase=LEARNED FAILURE -> SEARCHING ALTERNATIVE x=0.0 y=168.8 plan=1328 candidate=LATE failures=1329 budget=6 checkpoint=0.0
12:59:48 WARN  [Main] [Imix]: [ImixAI][FAIL] x=1.3 y=168.8 same-region=true -> candidate=CENTER plan=1329 errors=1330/6
12:59:48 INFO  [Main] [Imix]: [ImixAI][ROLLBACK] no safe checkpoint yet; returned to x=0
12:59:48 INFO  [Main] [Imix]: [ImixAI][SEARCH] phase=LEARNED FAILURE -> SEARCHING ALTERNATIVE x=0.0 y=168.8 plan=1329 candidate=CENTER failures=1330 budget=6 checkpoint=0.0
12:59:48 WARN  [Main] [Imix]: [ImixAI][FAIL] x=1.3 y=168.7 same-region=true -> candidate=EARLY plan=1330 errors=1331/6
12:59:48 INFO  [Main] [Imix]: [ImixAI][ROLLBACK] no safe checkpoint yet; returned to x=0
12:59:48 INFO  [Main] [Imix]: [ImixAI][SEARCH] phase=LEARNED FAILURE -> SEARCHING ALTERNATIVE x=0.0 y=168.7 plan=1330 candidate=EARLY failures=1331 budget=6 checkpoint=0.0
12:59:48 WARN  [Main] [Imix]: [ImixAI][FAIL] x=1.3 y=168.5 same-region=true -> candidate=LATE plan=1331 errors=1332/6
12:59:48 INFO  [Main] [Imix]: [ImixAI][ROLLBACK] no safe checkpoint yet; returned to x=0
12:59:48 INFO  [Main] [Imix]: [ImixAI][SEARCH] phase=LEARNED FAILURE -> SEARCHING ALTERNATIVE x=0.0 y=168.5 plan=1331 candidate=LATE failures=1332 budget=6 checkpoint=0.0
12:59:48 WARN  [Main] [Imix]: [ImixAI][FAIL] x=1.3 y=168.3 same-region=true -> candidate=CENTER plan=1332 errors=1333/6
12:59:48 INFO  [Main] [Imix]: [ImixAI][ROLLBACK] no safe checkpoint yet; returned to x=0
12:59:48 INFO  [Main] [Imix]: [ImixAI][SEARCH] phase=LEARNED FAILURE -> SEARCHING ALTERNATIVE x=0.0 y=168.3 plan=1332 candidate=CENTER failures=1333 budget=6 checkpoint=0.0
12:59:48 WARN  [Main] [Imix]: [ImixAI][FAIL] x=1.3 y=168.0 same-region=true -> candidate=EARLY plan=1333 errors=1334/6
12:59:48 INFO  [Main] [Imix]: [ImixAI][ROLLBACK] no safe checkpoint yet; returned to x=0
12:59:48 INFO  [Main] [Imix]: [ImixAI][SEARCH] phase=LEARNED FAILURE -> SEARCHING ALTERNATIVE x=0.0 y=168.0 plan=1333 candidate=EARLY failures=1334 budget=6 checkpoint=0.0
12:59:48 WARN  [Main] [Imix]: [ImixAI][FAIL] x=1.3 y=167.7 same-region=true -> candidate=LATE plan=1334 errors=1335/6
12:59:48 INFO  [Main] [Imix]: [ImixAI][ROLLBACK] no safe checkpoint yet; returned to x=0
12:59:48 INFO  [Main] [Imix]: [ImixAI][SEARCH] phase=LEARNED FAILURE -> SEARCHING ALTERNATIVE x=0.0 y=167.7 plan=1334 candidate=LATE failures=1335 budget=6 checkpoint=0.0
12:59:48 WARN  [Main] [Imix]: [ImixAI][FAIL] x=1.3 y=167.4 same-region=true -> candidate=CENTER plan=1335 errors=1336/6
12:59:48 INFO  [Main] [Imix]: [ImixAI][ROLLBACK] no safe checkpoint yet; returned to x=0
12:59:48 INFO  [Main] [Imix]: [ImixAI][SEARCH] phase=LEARNED FAILURE -> SEARCHING ALTERNATIVE x=0.0 y=167.4 plan=1335 candidate=CENTER failures=1336 budget=6 checkpoint=0.0
12:59:48 WARN  [Main] [Imix]: [ImixAI][FAIL] x=1.3 y=167.0 same-region=true -> candidate=EARLY plan=1336 errors=1337/6
12:59:48 INFO  [Main] [Imix]: [ImixAI][ROLLBACK] no safe checkpoint yet; returned to x=0
12:59:48 INFO  [Main] [Imix]: [ImixAI][SEARCH] phase=LEARNED FAILURE -> SEARCHING ALTERNATIVE x=0.0 y=167.0 plan=1336 candidate=EARLY failures=1337 budget=6 checkpoint=0.0
12:59:48 WARN  [Main] [Imix]: [ImixAI][FAIL] x=1.3 y=166.5 same-region=true -> candidate=LATE plan=1337 errors=1338/6
12:59:48 INFO  [Main] [Imix]: [ImixAI][ROLLBACK] no safe checkpoint yet; returned to x=0
12:59:48 INFO  [Main] [Imix]: [ImixAI][SEARCH] phase=LEARNED FAILURE -> SEARCHING ALTERNATIVE x=0.0 y=166.5 plan=1337 candidate=LATE failures=1338 budget=6 checkpoint=0.0
12:59:48 WARN  [Main] [Imix]: [ImixAI][FAIL] x=1.3 y=166.0 same-region=true -> candidate=CENTER plan=1338 errors=1339/6
12:59:48 INFO  [Main] [Imix]: [ImixAI][ROLLBACK] no safe checkpoint yet; returned to x=0
12:59:48 INFO  [Main] [Imix]: [ImixAI][SEARCH] phase=LEARNED FAILURE -> SEARCHING ALTERNATIVE x=0.0 y=166.0 plan=1338 candidate=CENTER failures=1339 budget=6 checkpoint=0.0
12:59:48 WARN  [Main] [Imix]: [ImixAI][FAIL] x=1.3 y=165.5 same-region=true -> candidate=EARLY plan=1339 errors=1340/6
12:59:48 INFO  [Main] [Imix]: [ImixAI][ROLLBACK] no safe checkpoint yet; returned to x=0
12:59:48 INFO  [Main] [Imix]: [ImixAI][SEARCH] phase=LEARNED FAILURE -> SEARCHING ALTERNATIVE x=0.0 y=165.5 plan=1339 candidate=EARLY failures=1340 budget=6 checkpoint=0.0
12:59:48 WARN  [Main] [Imix]: [ImixAI][FAIL] x=1.3 y=164.9 same-region=true -> candidate=LATE plan=1340 errors=1341/6
12:59:48 INFO  [Main] [Imix]: [ImixAI][ROLLBACK] no safe checkpoint yet; returned to x=0
12:59:48 INFO  [Main] [Imix]: [ImixAI][SEARCH] phase=LEARNED FAILURE -> SEARCHING ALTERNATIVE x=0.0 y=164.9 plan=1340 candidate=LATE failures=1341 budget=6 checkpoint=0.0
12:59:48 WARN  [Main] [Imix]: [ImixAI][FAIL] x=1.3 y=164.3 same-region=true -> candidate=CENTER plan=1341 errors=1342/6
12:59:48 INFO  [Main] [Imix]: [ImixAI][ROLLBACK] no safe checkpoint yet; returned to x=0
12:59:48 INFO  [Main] [Imix]: [ImixAI][SEARCH] phase=LEARNED FAILURE -> SEARCHING ALTERNATIVE x=0.0 y=164.3 plan=1341 candidate=CENTER failures=1342 budget=6 checkpoint=0.0
12:59:48 WARN  [Main] [Imix]: [ImixAI][FAIL] x=1.3 y=163.6 same-region=true -> candidate=EARLY plan=1342 errors=1343/6
12:59:48 INFO  [Main] [Imix]: [ImixAI][ROLLBACK] no safe checkpoint yet; returned to x=0
12:59:48 INFO  [Main] [Imix]: [ImixAI][SEARCH] phase=LEARNED FAILURE -> SEARCHING ALTERNATIVE x=0.0 y=163.6 plan=1342 candidate=EARLY failures=1343 budget=6 checkpoint=0.0
12:59:48 WARN  [Main] [Imix]: [ImixAI][FAIL] x=1.3 y=162.8 same-region=true -> candidate=LATE plan=1343 errors=1344/6
12:59:48 INFO  [Main] [Imix]: [ImixAI][ROLLBACK] no safe checkpoint yet; returned to x=0
12:59:48 INFO  [Main] [Imix]: [ImixAI][SEARCH] phase=LEARNED FAILURE -> SEARCHING ALTERNATIVE x=0.0 y=162.8 plan=1343 candidate=LATE failures=1344 budget=6 checkpoint=0.0
12:59:48 WARN  [Main] [Imix]: [ImixAI][FAIL] x=1.3 y=162.0 same-region=true -> candidate=CENTER plan=1344 errors=1345/6
12:59:49 INFO  [Main] [Imix]: [ImixAI][ROLLBACK] no safe checkpoint yet; returned to x=0
12:59:49 INFO  [Main] [Imix]: [ImixAI][SEARCH] phase=LEARNED FAILURE -> SEARCHING ALTERNATIVE x=0.0 y=162.0 plan=1344 candidate=CENTER failures=1345 budget=6 checkpoint=0.0
12:59:49 WARN  [Main] [Imix]: [ImixAI][FAIL] x=1.3 y=161.2 same-region=true -> candidate=EARLY plan=1345 errors=1346/6
12:59:49 INFO  [Main] [Imix]: [ImixAI][ROLLBACK] no safe checkpoint yet; returned to x=0
12:59:49 INFO  [Main] [Imix]: [ImixAI][SEARCH] phase=LEARNED FAILURE -> SEARCHING ALTERNATIVE x=0.0 y=161.2 plan=1345 candidate=EARLY failures=1346 budget=6 checkpoint=0.0
12:59:49 WARN  [Main] [Imix]: [ImixAI][FAIL] x=1.3 y=160.3 same-region=true -> candidate=LATE plan=1346 errors=1347/6
12:59:49 INFO  [Main] [Imix]: [ImixAI][ROLLBACK] no safe checkpoint yet; returned to x=0
12:59:49 INFO  [Main] [Imix]: [ImixAI][SEARCH] phase=LEARNED FAILURE -> SEARCHING ALTERNATIVE x=0.0 y=160.3 plan=1346 candidate=LATE failures=1347 budget=6 checkpoint=0.0
12:59:49 WARN  [Main] [Imix]: [ImixAI][FAIL] x=1.3 y=159.4 same-region=true -> candidate=CENTER plan=1347 errors=1348/6
12:59:49 INFO  [Main] [Imix]: [ImixAI][ROLLBACK] no safe checkpoint yet; returned to x=0
12:59:49 INFO  [Main] [Imix]: [ImixAI][SEARCH] phase=LEARNED FAILURE -> SEARCHING ALTERNATIVE x=0.0 y=159.4 plan=1347 candidate=CENTER failures=1348 budget=6 checkpoint=0.0
12:59:49 WARN  [Main] [Imix]: [ImixAI][FAIL] x=1.3 y=158.4 same-region=true -> candidate=EARLY plan=1348 errors=1349/6
12:59:49 INFO  [Main] [Imix]: [ImixAI][ROLLBACK] no safe checkpoint yet; returned to x=0
12:59:49 INFO  [Main] [Imix]: [ImixAI][SEARCH] phase=LEARNED FAILURE -> SEARCHING ALTERNATIVE x=0.0 y=158.4 plan=1348 candidate=EARLY failures=1349 budget=6 checkpoint=0.0
12:59:49 WARN  [Main] [Imix]: [ImixAI][FAIL] x=1.3 y=157.4 same-region=true -> candidate=LATE plan=1349 errors=1350/6
12:59:49 INFO  [Main] [Imix]: [ImixAI][ROLLBACK] no safe checkpoint yet; returned to x=0
12:59:49 INFO  [Main] [Imix]: [ImixAI][SEARCH] phase=LEARNED FAILURE -> SEARCHING ALTERNATIVE x=0.0 y=157.4 plan=1349 candidate=LATE failures=1350 budget=6 checkpoint=0.0
12:59:49 WARN  [Main] [Imix]: [ImixAI][FAIL] x=1.3 y=156.3 same-region=true -> candidate=CENTER plan=1350 errors=1351/6
12:59:49 INFO  [Main] [Imix]: [ImixAI][ROLLBACK] no safe checkpoint yet; returned to x=0
12:59:49 INFO  [Main] [Imix]: [ImixAI][SEARCH] phase=LEARNED FAILURE -> SEARCHING ALTERNATIVE x=0.0 y=156.3 plan=1350 candidate=CENTER failures=1351 budget=6 checkpoint=0.0
12:59:49 WARN  [Main] [Imix]: [ImixAI][FAIL] x=1.3 y=155.2 same-region=true -> candidate=EARLY plan=1351 errors=1352/6
12:59:49 INFO  [Main] [Imix]: [ImixAI][ROLLBACK] no safe checkpoint yet; returned to x=0
12:59:49 INFO  [Main] [Imix]: [ImixAI][SEARCH] phase=LEARNED FAILURE -> SEARCHING ALTERNATIVE x=0.0 y=155.2 plan=1351 candidate=EARLY failures=1352 budget=6 checkpoint=0.0
12:59:49 WARN  [Main] [Imix]: [ImixAI][FAIL] x=1.3 y=154.0 same-region=true -> candidate=LATE plan=1352 errors=1353/6
12:59:49 INFO  [Main] [Imix]: [ImixAI][ROLLBACK] no safe checkpoint yet; returned to x=0
12:59:49 INFO  [Main] [Imix]: [ImixAI][SEARCH] phase=LEARNED FAILURE -> SEARCHING ALTERNATIVE x=0.0 y=154.0 plan=1352 candidate=LATE failures=1353 budget=6 checkpoint=0.0
12:59:49 WARN  [Main] [Imix]: [ImixAI][FAIL] x=1.3 y=152.7 same-region=true -> candidate=CENTER plan=1353 errors=1354/6
12:59:49 INFO  [Main] [Imix]: [ImixAI][ROLLBACK] no safe checkpoint yet; returned to x=0
12:59:49 INFO  [Main] [Imix]: [ImixAI][SEARCH] phase=LEARNED FAILURE -> SEARCHING ALTERNATIVE x=0.0 y=152.7 plan=1353 candidate=CENTER failures=1354 budget=6 checkpoint=0.0
12:59:49 WARN  [Main] [Imix]: [ImixAI][FAIL] x=1.3 y=151.5 same-region=true -> candidate=EARLY plan=1354 errors=1355/6
12:59:49 INFO  [Main] [Imix]: [ImixAI][ROLLBACK] no safe checkpoint yet; returned to x=0
12:59:49 INFO  [Main] [Imix]: [ImixAI][SEARCH] phase=LEARNED FAILURE -> SEARCHING ALTERNATIVE x=0.0 y=151.5 plan=1354 candidate=EARLY failures=1355 budget=6 checkpoint=0.0
12:59:49 WARN  [Main] [Imix]: [ImixAI][FAIL] x=1.3 y=150.1 same-region=true -> candidate=LATE plan=1355 errors=1356/6
12:59:49 INFO  [Main] [Imix]: [ImixAI][ROLLBACK] no safe checkpoint yet; returned to x=0
12:59:49 INFO  [Main] [Imix]: [ImixAI][SEARCH] phase=LEARNED FAILURE -> SEARCHING ALTERNATIVE x=0.0 y=150.1 plan=1355 candidate=LATE failures=1356 budget=6 checkpoint=0.0
12:59:49 WARN  [Main] [Imix]: [ImixAI][FAIL] x=1.3 y=148.8 same-region=true -> candidate=CENTER plan=1356 errors=1357/6
12:59:49 INFO  [Main] [Imix]: [ImixAI][ROLLBACK] no safe checkpoint yet; returned to x=0
12:59:49 INFO  [Main] [Imix]: [ImixAI][SEARCH] phase=LEARNED FAILURE -> SEARCHING ALTERNATIVE x=0.0 y=148.8 plan=1356 candidate=CENTER failures=1357 budget=6 checkpoint=0.0
12:59:49 WARN  [Main] [Imix]: [ImixAI][FAIL] x=1.3 y=147.4 same-region=true -> candidate=EARLY plan=1357 errors=1358/6
12:59:49 INFO  [Main] [Imix]: [ImixAI][ROLLBACK] no safe checkpoint yet; returned to x=0
12:59:49 INFO  [Main] [Imix]: [ImixAI][SEARCH] phase=LEARNED FAILURE -> SEARCHING ALTERNATIVE x=0.0 y=147.4 plan=1357 candidate=EARLY failures=1358 budget=6 checkpoint=0.0
12:59:49 WARN  [Main] [Imix]: [ImixAI][FAIL] x=1.3 y=145.9 same-region=true -> candidate=LATE plan=1358 errors=1359/6
12:59:49 INFO  [Main] [Imix]: [ImixAI][ROLLBACK] no safe checkpoint yet; returned to x=0
12:59:49 INFO  [Main] [Imix]: [ImixAI][SEARCH] phase=LEARNED FAILURE -> SEARCHING ALTERNATIVE x=0.0 y=145.9 plan=1358 candidate=LATE failures=1359 budget=6 checkpoint=0.0
12:59:49 WARN  [Main] [Imix]: [ImixAI][FAIL] x=1.3 y=144.4 same-region=true -> candidate=CENTER plan=1359 errors=1360/6
12:59:49 INFO  [Main] [Imix]: [ImixAI][ROLLBACK] no safe checkpoint yet; returned to x=0
12:59:49 INFO  [Main] [Imix]: [ImixAI][SEARCH] phase=LEARNED FAILURE -> SEARCHING ALTERNATIVE x=0.0 y=144.4 plan=1359 candidate=CENTER failures=1360 budget=6 checkpoint=0.0
12:59:49 WARN  [Main] [Imix]: [ImixAI][FAIL] x=1.3 y=142.8 same-region=true -> candidate=EARLY plan=1360 errors=1361/6
12:59:49 INFO  [Main] [Imix]: [ImixAI][ROLLBACK] no safe checkpoint yet; returned to x=0
12:59:49 INFO  [Main] [Imix]: [ImixAI][SEARCH] phase=LEARNED FAILURE -> SEARCHING ALTERNATIVE x=0.0 y=142.8 plan=1360 candidate=EARLY failures=1361 budget=6 checkpoint=0.0
12:59:49 WARN  [Main] [Imix]: [ImixAI][FAIL] x=1.3 y=141.2 same-region=true -> candidate=LATE plan=1361 errors=1362/6
12:59:49 INFO  [Main] [Imix]: [ImixAI][ROLLBACK] no safe checkpoint yet; returned to x=0
12:59:49 INFO  [Main] [Imix]: [ImixAI][SEARCH] phase=LEARNED FAILURE -> SEARCHING ALTERNATIVE x=0.0 y=141.2 plan=1361 candidate=LATE failures=1362 budget=6 checkpoint=0.0
12:59:49 WARN  [Main] [Imix]: [ImixAI][FAIL] x=1.3 y=139.5 same-region=true -> candidate=CENTER plan=1362 errors=1363/6
12:59:49 INFO  [Main] [Imix]: [ImixAI][ROLLBACK] no safe checkpoint yet; returned to x=0
12:59:49 INFO  [Main] [Imix]: [ImixAI][SEARCH] phase=LEARNED FAILURE -> SEARCHING ALTERNATIVE x=0.0 y=139.5 plan=1362 candidate=CENTER failures=1363 budget=6 checkpoint=0.0
12:59:49 WARN  [Main] [Imix]: [ImixAI][FAIL] x=1.3 y=137.8 same-region=true -> candidate=EARLY plan=1363 errors=1364/6
12:59:49 INFO  [Main] [Imix]: [ImixAI][ROLLBACK] no safe checkpoint yet; returned to x=0
12:59:49 INFO  [Main] [Imix]: [ImixAI][SEARCH] phase=LEARNED FAILURE -> SEARCHING ALTERNATIVE x=0.0 y=137.8 plan=1363 candidate=EARLY failures=1364 budget=6 checkpoint=0.0
12:59:49 WARN  [Main] [Imix]: [ImixAI][FAIL] x=1.3 y=136.0 same-region=true -> candidate=LATE plan=1364 errors=1365/6
12:59:49 INFO  [Main] [Imix]: [ImixAI][ROLLBACK] no safe checkpoint yet; returned to x=0
12:59:49 INFO  [Main] [Imix]: [ImixAI][SEARCH] phase=LEARNED FAILURE -> SEARCHING ALTERNATIVE x=0.0 y=136.0 plan=1364 candidate=LATE failures=1365 budget=6 checkpoint=0.0
12:59:49 WARN  [Main] [Imix]: [ImixAI][FAIL] x=1.3 y=134.2 same-region=true -> candidate=CENTER plan=1365 errors=1366/6
12:59:49 INFO  [Main] [Imix]: [ImixAI][ROLLBACK] no safe checkpoint yet; returned to x=0
12:59:49 INFO  [Main] [Imix]: [ImixAI][SEARCH] phase=LEARNED FAILURE -> SEARCHING ALTERNATIVE x=0.0 y=134.2 plan=1365 candidate=CENTER failures=1366 budget=6 checkpoint=0.0
12:59:49 WARN  [Main] [Imix]: [ImixAI][FAIL] x=1.3 y=132.4 same-region=true -> candidate=EARLY plan=1366 errors=1367/6
12:59:49 INFO  [Main] [Imix]: [ImixAI][ROLLBACK] no safe checkpoint yet; returned to x=0
12:59:49 INFO  [Main] [Imix]: [ImixAI][SEARCH] phase=LEARNED FAILURE -> SEARCHING ALTERNATIVE x=0.0 y=132.4 plan=1366 candidate=EARLY failures=1367 budget=6 checkpoint=0.0
12:59:49 WARN  [Main] [Imix]: [ImixAI][FAIL] x=1.3 y=130.5 same-region=true -> candidate=LATE plan=1367 errors=1368/6
12:59:49 INFO  [Main] [Imix]: [ImixAI][ROLLBACK] no safe checkpoint yet; returned to x=0
12:59:49 INFO  [Main] [Imix]: [ImixAI][SEARCH] phase=LEARNED FAILURE -> SEARCHING ALTERNATIVE x=0.0 y=130.5 plan=1367 candidate=LATE failures=1368 budget=6 checkpoint=0.0
12:59:49 WARN  [Main] [Imix]: [ImixAI][FAIL] x=1.3 y=128.5 same-region=true -> candidate=CENTER plan=1368 errors=1369/6
12:59:49 INFO  [Main] [Imix]: [ImixAI][ROLLBACK] no safe checkpoint yet; returned to x=0
12:59:49 INFO  [Main] [Imix]: [ImixAI][SEARCH] phase=LEARNED FAILURE -> SEARCHING ALTERNATIVE x=0.0 y=128.5 plan=1368 candidate=CENTER failures=1369 budget=6 checkpoint=0.0
12:59:49 WARN  [Main] [Imix]: [ImixAI][FAIL] x=1.3 y=126.5 same-region=true -> candidate=EARLY plan=1369 errors=1370/6
12:59:49 INFO  [Main] [Imix]: [ImixAI][ROLLBACK] no safe checkpoint yet; returned to x=0
12:59:49 INFO  [Main] [Imix]: [ImixAI][SEARCH] phase=LEARNED FAILURE -> SEARCHING ALTERNATIVE x=0.0 y=126.5 plan=1369 candidate=EARLY failures=1370 budget=6 checkpoint=0.0
12:59:49 WARN  [Main] [Imix]: [ImixAI][FAIL] x=1.3 y=124.5 same-region=true -> candidate=LATE plan=1370 errors=1371/6
12:59:49 INFO  [Main] [Imix]: [ImixAI][ROLLBACK] no safe checkpoint yet; returned to x=0
12:59:49 INFO  [Main] [Imix]: [ImixAI][SEARCH] phase=LEARNED FAILURE -> SEARCHING ALTERNATIVE x=0.0 y=124.5 plan=1370 candidate=LATE failures=1371 budget=6 checkpoint=0.0
12:59:49 WARN  [Main] [Imix]: [ImixAI][FAIL] x=1.3 y=122.4 same-region=true -> candidate=CENTER plan=1371 errors=1372/6
12:59:49 INFO  [Main] [Imix]: [ImixAI][ROLLBACK] no safe checkpoint yet; returned to x=0
12:59:49 INFO  [Main] [Imix]: [ImixAI][SEARCH] phase=LEARNED FAILURE -> SEARCHING ALTERNATIVE x=0.0 y=122.4 plan=1371 candidate=CENTER failures=1372 budget=6 checkpoint=0.0
12:59:49 WARN  [Main] [Imix]: [ImixAI][FAIL] x=1.3 y=120.2 same-region=true -> candidate=EARLY plan=1372 errors=1373/6
12:59:49 INFO  [Main] [Imix]: [ImixAI][ROLLBACK] no safe checkpoint yet; returned to x=0
12:59:49 INFO  [Main] [Imix]: [ImixAI][SEARCH] phase=LEARNED FAILURE -> SEARCHING ALTERNATIVE x=0.0 y=120.2 plan=1372 candidate=EARLY failures=1373 budget=6 checkpoint=0.0
12:59:49 WARN  [Main] [Imix]: [ImixAI][FAIL] x=1.3 y=118.0 same-region=true -> candidate=LATE plan=1373 errors=1374/6
12:59:49 INFO  [Main] [Imix]: [ImixAI][ROLLBACK] no safe checkpoint yet; returned to x=0
12:59:49 INFO  [Main] [Imix]: [ImixAI][SEARCH] phase=LEARNED FAILURE -> SEARCHING ALTERNATIVE x=0.0 y=118.0 plan=1373 candidate=LATE failures=1374 budget=6 checkpoint=0.0
12:59:49 WARN  [Main] [Imix]: [ImixAI][FAIL] x=1.3 y=115.8 same-region=true -> candidate=CENTER plan=1374 errors=1375/6
12:59:49 INFO  [Main] [Imix]: [ImixAI][ROLLBACK] no safe checkpoint yet; returned to x=0
12:59:49 INFO  [Main] [Imix]: [ImixAI][SEARCH] phase=LEARNED FAILURE -> SEARCHING ALTERNATIVE x=0.0 y=115.8 plan=1374 candidate=CENTER failures=1375 budget=6 checkpoint=0.0
12:59:49 WARN  [Main] [Imix]: [ImixAI][FAIL] x=1.3 y=113.5 same-region=true -> candidate=EARLY plan=1375 errors=1376/6
12:59:49 INFO  [Main] [Imix]: [ImixAI][ROLLBACK] no safe checkpoint yet; returned to x=0
12:59:49 INFO  [Main] [Imix]: [ImixAI][SEARCH] phase=LEARNED FAILURE -> SEARCHING ALTERNATIVE x=0.0 y=113.5 plan=1375 candidate=EARLY failures=1376 budget=6 checkpoint=0.0
12:59:49 WARN  [Main] [Imix]: [ImixAI][FAIL] x=1.3 y=111.1 same-region=true -> candidate=LATE plan=1376 errors=1377/6
12:59:49 INFO  [Main] [Imix]: [ImixAI][ROLLBACK] no safe checkpoint yet; returned to x=0
12:59:49 INFO  [Main] [Imix]: [ImixAI][SEARCH] phase=LEARNED FAILURE -> SEARCHING ALTERNATIVE x=0.0 y=111.1 plan=1376 candidate=LATE failures=1377 budget=6 checkpoint=0.0
12:59:49 WARN  [Main] [Imix]: [ImixAI][FAIL] x=1.3 y=108.7 same-region=true -> candidate=CENTER plan=1377 errors=1378/6
12:59:49 INFO  [Main] [Imix]: [ImixAI][ROLLBACK] no safe checkpoint yet; returned to x=0
12:59:49 INFO  [Main] [Imix]: [ImixAI][SEARCH] phase=LEARNED FAILURE -> SEARCHING ALTERNATIVE x=0.0 y=108.7 plan=1377 candidate=CENTER failures=1378 budget=6 checkpoint=0.0
12:59:49 WARN  [Main] [Imix]: [ImixAI][FAIL] x=1.3 y=106.3 same-region=true -> candidate=EARLY plan=1378 errors=1379/6
12:59:49 INFO  [Main] [Imix]: [ImixAI][ROLLBACK] no safe checkpoint yet; returned to x=0
12:59:49 INFO  [Main] [Imix]: [ImixAI][SEARCH] phase=LEARNED FAILURE -> SEARCHING ALTERNATIVE x=0.0 y=106.3 plan=1378 candidate=EARLY failures=1379 budget=6 checkpoint=0.0
12:59:49 WARN  [Main] [Imix]: [ImixAI][FAIL] x=1.3 y=105.0 same-region=true -> candidate=LATE plan=1379 errors=1380/6
12:59:49 INFO  [Main] [Imix]: [ImixAI][ROLLBACK] no safe checkpoint yet; returned to x=0
12:59:49 INFO  [Main] [Imix]: [ImixAI][SEARCH] phase=LEARNED FAILURE -> SEARCHING ALTERNATIVE x=0.0 y=105.0 plan=1379 candidate=LATE failures=1380 budget=6 checkpoint=0.0
12:59:49 WARN  [Main] [Imix]: [ImixAI][FAIL] x=1.3 y=107.5 same-region=true -> candidate=CENTER plan=1380 errors=1381/6
12:59:49 INFO  [Main] [Imix]: [ImixAI][ROLLBACK] no safe checkpoint yet; returned to x=0
12:59:49 INFO  [Main] [Imix]: [ImixAI][SEARCH] phase=LEARNED FAILURE -> SEARCHING ALTERNATIVE x=0.0 y=107.5 plan=1380 candidate=CENTER failures=1381 budget=6 checkpoint=0.0
12:59:49 WARN  [Main] [Imix]: [ImixAI][FAIL] x=1.3 y=110.0 same-region=true -> candidate=EARLY plan=1381 errors=1382/6
12:59:49 INFO  [Main] [Imix]: [ImixAI][ROLLBACK] no safe checkpoint yet; returned to x=0
12:59:49 INFO  [Main] [Imix]: [ImixAI][SEARCH] phase=LEARNED FAILURE -> SEARCHING ALTERNATIVE x=0.0 y=110.0 plan=1381 candidate=EARLY failures=1382 budget=6 checkpoint=0.0
12:59:49 WARN  [Main] [Imix]: [ImixAI][FAIL] x=1.3 y=112.4 same-region=true -> candidate=LATE plan=1382 errors=1383/6
12:59:49 INFO  [Main] [Imix]: [ImixAI][ROLLBACK] no safe checkpoint yet; returned to x=0
12:59:49 INFO  [Main] [Imix]: [ImixAI][SEARCH] phase=LEARNED FAILURE -> SEARCHING ALTERNATIVE x=0.0 y=112.4 plan=1382 candidate=LATE failures=1383 budget=6 checkpoint=0.0
12:59:49 WARN  [Main] [Imix]: [ImixAI][FAIL] x=1.3 y=114.8 same-region=true -> candidate=CENTER plan=1383 errors=1384/6
12:59:49 INFO  [Main] [Imix]: [ImixAI][ROLLBACK] no safe checkpoint yet; returned to x=0
12:59:49 INFO  [Main] [Imix]: [ImixAI][SEARCH] phase=LEARNED FAILURE -> SEARCHING ALTERNATIVE x=0.0 y=114.8 plan=1383 candidate=CENTER failures=1384 budget=6 checkpoint=0.0
12:59:49 WARN  [Main] [Imix]: [ImixAI][FAIL] x=1.3 y=117.1 same-region=true -> candidate=EARLY plan=1384 errors=1385/6
12:59:49 INFO  [Main] [Imix]: [ImixAI][ROLLBACK] no safe checkpoint yet; returned to x=0
12:59:49 INFO  [Main] [Imix]: [ImixAI][SEARCH] phase=LEARNED FAILURE -> SEARCHING ALTERNATIVE x=0.0 y=117.1 plan=1384 candidate=EARLY failures=1385 budget=6 checkpoint=0.0
12:59:49 WARN  [Main] [Imix]: [ImixAI][FAIL] x=1.3 y=119.4 same-region=true -> candidate=LATE plan=1385 errors=1386/6
12:59:49 INFO  [Main] [Imix]: [ImixAI][ROLLBACK] no safe checkpoint yet; returned to x=0
12:59:49 INFO  [Main] [Imix]: [ImixAI][SEARCH] phase=LEARNED FAILURE -> SEARCHING ALTERNATIVE x=0.0 y=119.4 plan=1385 candidate=LATE failures=1386 budget=6 checkpoint=0.0
12:59:49 WARN  [Main] [Imix]: [ImixAI][FAIL] x=1.3 y=121.6 same-region=true -> candidate=CENTER plan=1386 errors=1387/6
12:59:49 INFO  [Main] [Imix]: [ImixAI][ROLLBACK] no safe checkpoint yet; returned to x=0
12:59:49 INFO  [Main] [Imix]: [ImixAI][SEARCH] phase=LEARNED FAILURE -> SEARCHING ALTERNATIVE x=0.0 y=121.6 plan=1386 candidate=CENTER failures=1387 budget=6 checkpoint=0.0
12:59:49 WARN  [Main] [Imix]: [ImixAI][FAIL] x=1.3 y=123.8 same-region=true -> candidate=EARLY plan=1387 errors=1388/6
12:59:49 INFO  [Main] [Imix]: [ImixAI][ROLLBACK] no safe checkpoint yet; returned to x=0
12:59:49 INFO  [Main] [Imix]: [ImixAI][SEARCH] phase=LEARNED FAILURE -> SEARCHING ALTERNATIVE x=0.0 y=123.8 plan=1387 candidate=EARLY failures=1388 budget=6 checkpoint=0.0
12:59:49 WARN  [Main] [Imix]: [ImixAI][FAIL] x=1.3 y=125.9 same-region=true -> candidate=LATE plan=1388 errors=1389/6
12:59:49 INFO  [Main] [Imix]: [ImixAI][ROLLBACK] no safe checkpoint yet; returned to x=0
12:59:49 INFO  [Main] [Imix]: [ImixAI][SEARCH] phase=LEARNED FAILURE -> SEARCHING ALTERNATIVE x=0.0 y=125.9 plan=1388 candidate=LATE failures=1389 budget=6 checkpoint=0.0
12:59:49 WARN  [Main] [Imix]: [ImixAI][FAIL] x=1.3 y=128.0 same-region=true -> candidate=CENTER plan=1389 errors=1390/6
12:59:49 INFO  [Main] [Imix]: [ImixAI][ROLLBACK] no safe checkpoint yet; returned to x=0
12:59:49 INFO  [Main] [Imix]: [ImixAI][SEARCH] phase=LEARNED FAILURE -> SEARCHING ALTERNATIVE x=0.0 y=128.0 plan=1389 candidate=CENTER failures=1390 budget=6 checkpoint=0.0
12:59:49 WARN  [Main] [Imix]: [ImixAI][FAIL] x=1.3 y=130.0 same-region=true -> candidate=EARLY plan=1390 errors=1391/6
12:59:49 INFO  [Main] [Imix]: [ImixAI][ROLLBACK] no safe checkpoint yet; returned to x=0
12:59:49 INFO  [Main] [Imix]: [ImixAI][SEARCH] phase=LEARNED FAILURE -> SEARCHING ALTERNATIVE x=0.0 y=130.0 plan=1390 candidate=EARLY failures=1391 budget=6 checkpoint=0.0
12:59:49 WARN  [Main] [Imix]: [ImixAI][FAIL] x=1.3 y=132.0 same-region=true -> candidate=LATE plan=1391 errors=1392/6
12:59:49 INFO  [Main] [Imix]: [ImixAI][ROLLBACK] no safe checkpoint yet; returned to x=0
12:59:49 INFO  [Main] [Imix]: [ImixAI][SEARCH] phase=LEARNED FAILURE -> SEARCHING ALTERNATIVE x=0.0 y=132.0 plan=1391 candidate=LATE failures=1392 budget=6 checkpoint=0.0
12:59:49 WARN  [Main] [Imix]: [ImixAI][FAIL] x=1.3 y=133.9 same-region=true -> candidate=CENTER plan=1392 errors=1393/6
12:59:49 INFO  [Main] [Imix]: [ImixAI][ROLLBACK] no safe checkpoint yet; returned to x=0
12:59:49 INFO  [Main] [Imix]: [ImixAI][SEARCH] phase=LEARNED FAILURE -> SEARCHING ALTERNATIVE x=0.0 y=133.9 plan=1392 candidate=CENTER failures=1393 budget=6 checkpoint=0.0
12:59:49 WARN  [Main] [Imix]: [ImixAI][FAIL] x=1.3 y=135.8 same-region=true -> candidate=EARLY plan=1393 errors=1394/6
12:59:49 INFO  [Main] [Imix]: [ImixAI][ROLLBACK] no safe checkpoint yet; returned to x=0
12:59:49 INFO  [Main] [Imix]: [ImixAI][SEARCH] phase=LEARNED FAILURE -> SEARCHING ALTERNATIVE x=0.0 y=135.8 plan=1393 candidate=EARLY failures=1394 budget=6 checkpoint=0.0
12:59:49 WARN  [Main] [Imix]: [ImixAI][FAIL] x=1.3 y=137.6 same-region=true -> candidate=LATE plan=1394 errors=1395/6
12:59:49 INFO  [Main] [Imix]: [ImixAI][ROLLBACK] no safe checkpoint yet; returned to x=0
12:59:49 INFO  [Main] [Imix]: [ImixAI][SEARCH] phase=LEARNED FAILURE -> SEARCHING ALTERNATIVE x=0.0 y=137.6 plan=1394 candidate=LATE failures=1395 budget=6 checkpoint=0.0
12:59:49 WARN  [Main] [Imix]: [ImixAI][FAIL] x=1.3 y=139.4 same-region=true -> candidate=CENTER plan=1395 errors=1396/6
12:59:49 INFO  [Main] [Imix]: [ImixAI][ROLLBACK] no safe checkpoint yet; returned to x=0
12:59:49 INFO  [Main] [Imix]: [ImixAI][SEARCH] phase=LEARNED FAILURE -> SEARCHING ALTERNATIVE x=0.0 y=139.4 plan=1395 candidate=CENTER failures=1396 budget=6 checkpoint=0.0
12:59:49 WARN  [Main] [Imix]: [ImixAI][FAIL] x=1.3 y=141.2 same-region=true -> candidate=EARLY plan=1396 errors=1397/6
12:59:49 INFO  [Main] [Imix]: [ImixAI][ROLLBACK] no safe checkpoint yet; returned to x=0
12:59:49 INFO  [Main] [Imix]: [ImixAI][SEARCH] phase=LEARNED FAILURE -> SEARCHING ALTERNATIVE x=0.0 y=141.2 plan=1396 candidate=EARLY failures=1397 budget=6 checkpoint=0.0
12:59:49 WARN  [Main] [Imix]: [ImixAI][FAIL] x=1.3 y=142.8 same-region=true -> candidate=LATE plan=1397 errors=1398/6
12:59:49 INFO  [Main] [Imix]: [ImixAI][ROLLBACK] no safe checkpoint yet; returned to x=0
12:59:49 INFO  [Main] [Imix]: [ImixAI][SEARCH] phase=LEARNED FAILURE -> SEARCHING ALTERNATIVE x=0.0 y=142.8 plan=1397 candidate=LATE failures=1398 budget=6 checkpoint=0.0
12:59:49 WARN  [Main] [Imix]: [ImixAI][FAIL] x=1.3 y=144.5 same-region=true -> candidate=CENTER plan=1398 errors=1399/6
12:59:49 INFO  [Main] [Imix]: [ImixAI][ROLLBACK] no safe checkpoint yet; returned to x=0
12:59:49 INFO  [Main] [Imix]: [ImixAI][SEARCH] phase=LEARNED FAILURE -> SEARCHING ALTERNATIVE x=0.0 y=144.5 plan=1398 candidate=CENTER failures=1399 budget=6 checkpoint=0.0
12:59:49 WARN  [Main] [Imix]: [ImixAI][FAIL] x=1.3 y=146.1 same-region=true -> candidate=EARLY plan=1399 errors=1400/6
12:59:49 INFO  [Main] [Imix]: [ImixAI][ROLLBACK] no safe checkpoint yet; returned to x=0
12:59:49 INFO  [Main] [Imix]: [ImixAI][SEARCH] phase=LEARNED FAILURE -> SEARCHING ALTERNATIVE x=0.0 y=146.1 plan=1399 candidate=EARLY failures=1400 budget=6 checkpoint=0.0
12:59:49 WARN  [Main] [Imix]: [ImixAI][FAIL] x=1.3 y=147.6 same-region=true -> candidate=LATE plan=1400 errors=1401/6
12:59:49 INFO  [Main] [Imix]: [ImixAI][ROLLBACK] no safe checkpoint yet; returned to x=0
12:59:49 INFO  [Main] [Imix]: [ImixAI][SEARCH] phase=LEARNED FAILURE -> SEARCHING ALTERNATIVE x=0.0 y=147.6 plan=1400 candidate=LATE failures=1401 budget=6 checkpoint=0.0
12:59:49 WARN  [Main] [Imix]: [ImixAI][FAIL] x=1.3 y=149.1 same-region=true -> candidate=CENTER plan=1401 errors=1402/6
12:59:49 INFO  [Main] [Imix]: [ImixAI][ROLLBACK] no safe checkpoint yet; returned to x=0
12:59:49 INFO  [Main] [Imix]: [ImixAI][SEARCH] phase=LEARNED FAILURE -> SEARCHING ALTERNATIVE x=0.0 y=149.1 plan=1401 candidate=CENTER failures=1402 budget=6 checkpoint=0.0
12:59:49 WARN  [Main] [Imix]: [ImixAI][FAIL] x=1.3 y=150.6 same-region=true -> candidate=EARLY plan=1402 errors=1403/6
12:59:49 INFO  [Main] [Imix]: [ImixAI][ROLLBACK] no safe checkpoint yet; returned to x=0
12:59:49 INFO  [Main] [Imix]: [ImixAI][SEARCH] phase=LEARNED FAILURE -> SEARCHING ALTERNATIVE x=0.0 y=150.6 plan=1402 candidate=EARLY failures=1403 budget=6 checkpoint=0.0
12:59:49 WARN  [Main] [Imix]: [ImixAI][FAIL] x=1.3 y=152.0 same-region=true -> candidate=LATE plan=1403 errors=1404/6
12:59:49 INFO  [Main] [Imix]: [ImixAI][ROLLBACK] no safe checkpoint yet; returned to x=0
12:59:49 INFO  [Main] [Imix]: [ImixAI][SEARCH] phase=LEARNED FAILURE -> SEARCHING ALTERNATIVE x=0.0 y=152.0 plan=1403 candidate=LATE failures=1404 budget=6 checkpoint=0.0
12:59:49 WARN  [Main] [Imix]: [ImixAI][FAIL] x=1.3 y=153.3 same-region=true -> candidate=CENTER plan=1404 errors=1405/6
12:59:49 INFO  [Main] [Imix]: [ImixAI][ROLLBACK] no safe checkpoint yet; returned to x=0
12:59:49 INFO  [Main] [Imix]: [ImixAI][SEARCH] phase=LEARNED FAILURE -> SEARCHING ALTERNATIVE x=0.0 y=153.3 plan=1404 candidate=CENTER failures=1405 budget=6 checkpoint=0.0
12:59:49 WARN  [Main] [Imix]: [ImixAI][FAIL] x=1.3 y=154.6 same-region=true -> candidate=EARLY plan=1405 errors=1406/6
12:59:49 INFO  [Main] [Imix]: [ImixAI][ROLLBACK] no safe checkpoint yet; returned to x=0
12:59:49 INFO  [Main] [Imix]: [ImixAI][SEARCH] phase=LEARNED FAILURE -> SEARCHING ALTERNATIVE x=0.0 y=154.6 plan=1405 candidate=EARLY failures=1406 budget=6 checkpoint=0.0
12:59:49 WARN  [Main] [Imix]: [ImixAI][FAIL] x=1.3 y=155.9 same-region=true -> candidate=LATE plan=1406 errors=1407/6
12:59:49 INFO  [Main] [Imix]: [ImixAI][ROLLBACK] no safe checkpoint yet; returned to x=0
12:59:49 INFO  [Main] [Imix]: [ImixAI][SEARCH] phase=LEARNED FAILURE -> SEARCHING ALTERNATIVE x=0.0 y=155.9 plan=1406 candidate=LATE failures=1407 budget=6 checkpoint=0.0
12:59:49 WARN  [Main] [Imix]: [ImixAI][FAIL] x=1.3 y=157.1 same-region=true -> candidate=CENTER plan=1407 errors=1408/6
12:59:49 INFO  [Main] [Imix]: [ImixAI][ROLLBACK] no safe checkpoint yet; returned to x=0
12:59:49 INFO  [Main] [Imix]: [ImixAI][SEARCH] phase=LEARNED FAILURE -> SEARCHING ALTERNATIVE x=0.0 y=157.1 plan=1407 candidate=CENTER failures=1408 budget=6 checkpoint=0.0
12:59:49 WARN  [Main] [Imix]: [ImixAI][FAIL] x=1.3 y=158.2 same-region=true -> candidate=EARLY plan=1408 errors=1409/6
12:59:49 INFO  [Main] [Imix]: [ImixAI][ROLLBACK] no safe checkpoint yet; returned to x=0
12:59:49 INFO  [Main] [Imix]: [ImixAI][SEARCH] phase=LEARNED FAILURE -> SEARCHING ALTERNATIVE x=0.0 y=158.2 plan=1408 candidate=EARLY failures=1409 budget=6 checkpoint=0.0
12:59:49 WARN  [Main] [Imix]: [ImixAI][FAIL] x=1.3 y=159.3 same-region=true -> candidate=LATE plan=1409 errors=1410/6
12:59:49 INFO  [Main] [Imix]: [ImixAI][ROLLBACK] no safe checkpoint yet; returned to x=0
12:59:49 INFO  [Main] [Imix]: [ImixAI][SEARCH] phase=LEARNED FAILURE -> SEARCHING ALTERNATIVE x=0.0 y=159.3 plan=1409 candidate=LATE failures=1410 budget=6 checkpoint=0.0
12:59:49 WARN  [Main] [Imix]: [ImixAI][FAIL] x=1.3 y=160.4 same-region=true -> candidate=CENTER plan=1410 errors=1411/6
12:59:49 INFO  [Main] [Imix]: [ImixAI][ROLLBACK] no safe checkpoint yet; returned to x=0
12:59:49 INFO  [Main] [Imix]: [ImixAI][SEARCH] phase=LEARNED FAILURE -> SEARCHING ALTERNATIVE x=0.0 y=160.4 plan=1410 candidate=CENTER failures=1411 budget=6 checkpoint=0.0
12:59:49 WARN  [Main] [Imix]: [ImixAI][FAIL] x=1.3 y=161.4 same-region=true -> candidate=EARLY plan=1411 errors=1412/6
12:59:49 INFO  [Main] [Imix]: [ImixAI][ROLLBACK] no safe checkpoint yet; returned to x=0
12:59:49 INFO  [Main] [Imix]: [ImixAI][SEARCH] phase=LEARNED FAILURE -> SEARCHING ALTERNATIVE x=0.0 y=161.4 plan=1411 candidate=EARLY failures=1412 budget=6 checkpoint=0.0
12:59:49 WARN  [Main] [Imix]: [ImixAI][FAIL] x=1.3 y=162.4 same-region=true -> candidate=LATE plan=1412 errors=1413/6
12:59:49 INFO  [Main] [Imix]: [ImixAI][ROLLBACK] no safe checkpoint yet; returned to x=0
12:59:49 INFO  [Main] [Imix]: [ImixAI][SEARCH] phase=LEARNED FAILURE -> SEARCHING ALTERNATIVE x=0.0 y=162.4 plan=1412 candidate=LATE failures=1413 budget=6 checkpoint=0.0
12:59:49 WARN  [Main] [Imix]: [ImixAI][FAIL] x=1.3 y=163.3 same-region=true -> candidate=CENTER plan=1413 errors=1414/6
12:59:49 INFO  [Main] [Imix]: [ImixAI][ROLLBACK] no safe checkpoint yet; returned to x=0
12:59:49 INFO  [Main] [Imix]: [ImixAI][SEARCH] phase=LEARNED FAILURE -> SEARCHING ALTERNATIVE x=0.0 y=163.3 plan=1413 candidate=CENTER failures=1414 budget=6 checkpoint=0.0
12:59:49 WARN  [Main] [Imix]: [ImixAI][FAIL] x=1.3 y=164.1 same-region=true -> candidate=EARLY plan=1414 errors=1415/6
12:59:49 INFO  [Main] [Imix]: [ImixAI][ROLLBACK] no safe checkpoint yet; returned to x=0
12:59:49 INFO  [Main] [Imix]: [ImixAI][SEARCH] phase=LEARNED FAILURE -> SEARCHING ALTERNATIVE x=0.0 y=164.1 plan=1414 candidate=EARLY failures=1415 budget=6 checkpoint=0.0
12:59:49 WARN  [Main] [Imix]: [ImixAI][FAIL] x=1.3 y=164.9 same-region=true -> candidate=LATE plan=1415 errors=1416/6
12:59:49 INFO  [Main] [Imix]: [ImixAI][ROLLBACK] no safe checkpoint yet; returned to x=0
12:59:49 INFO  [Main] [Imix]: [ImixAI][SEARCH] phase=LEARNED FAILURE -> SEARCHING ALTERNATIVE x=0.0 y=164.9 plan=1415 candidate=LATE failures=1416 budget=6 checkpoint=0.0
12:59:49 WARN  [Main] [Imix]: [ImixAI][FAIL] x=1.3 y=165.7 same-region=true -> candidate=CENTER plan=1416 errors=1417/6
12:59:49 INFO  [Main] [Imix]: [ImixAI][ROLLBACK] no safe checkpoint yet; returned to x=0
12:59:49 INFO  [Main] [Imix]: [ImixAI][SEARCH] phase=LEARNED FAILURE -> SEARCHING ALTERNATIVE x=0.0 y=165.7 plan=1416 candidate=CENTER failures=1417 budget=6 checkpoint=0.0
12:59:49 WARN  [Main] [Imix]: [ImixAI][FAIL] x=1.3 y=166.4 same-region=true -> candidate=EARLY plan=1417 errors=1418/6
12:59:49 INFO  [Main] [Imix]: [ImixAI][ROLLBACK] no safe checkpoint yet; returned to x=0
12:59:49 INFO  [Main] [Imix]: [ImixAI][SEARCH] phase=LEARNED FAILURE -> SEARCHING ALTERNATIVE x=0.0 y=166.4 plan=1417 candidate=EARLY failures=1418 budget=6 checkpoint=0.0
12:59:49 WARN  [Main] [Imix]: [ImixAI][FAIL] x=1.3 y=167.1 same-region=true -> candidate=LATE plan=1418 errors=1419/6
12:59:49 INFO  [Main] [Imix]: [ImixAI][ROLLBACK] no safe checkpoint yet; returned to x=0
12:59:49 INFO  [Main] [Imix]: [ImixAI][SEARCH] phase=LEARNED FAILURE -> SEARCHING ALTERNATIVE x=0.0 y=167.1 plan=1418 candidate=LATE failures=1419 budget=6 checkpoint=0.0
12:59:49 WARN  [Main] [Imix]: [ImixAI][FAIL] x=1.3 y=167.7 same-region=true -> candidate=CENTER plan=1419 errors=1420/6
12:59:49 INFO  [Main] [Imix]: [ImixAI][ROLLBACK] no safe checkpoint yet; returned to x=0
12:59:49 INFO  [Main] [Imix]: [ImixAI][SEARCH] phase=LEARNED FAILURE -> SEARCHING ALTERNATIVE x=0.0 y=167.7 plan=1419 candidate=CENTER failures=1420 budget=6 checkpoint=0.0
12:59:49 WARN  [Main] [Imix]: [ImixAI][FAIL] x=1.3 y=168.3 same-region=true -> candidate=EARLY plan=1420 errors=1421/6
12:59:49 INFO  [Main] [Imix]: [ImixAI][ROLLBACK] no safe checkpoint yet; returned to x=0
12:59:49 INFO  [Main] [Imix]: [ImixAI][SEARCH] phase=LEARNED FAILURE -> SEARCHING ALTERNATIVE x=0.0 y=168.3 plan=1420 candidate=EARLY failures=1421 budget=6 checkpoint=0.0
12:59:49 WARN  [Main] [Imix]: [ImixAI][FAIL] x=1.3 y=168.8 same-region=true -> candidate=LATE plan=1421 errors=1422/6
12:59:49 INFO  [Main] [Imix]: [ImixAI][ROLLBACK] no safe checkpoint yet; returned to x=0
12:59:49 INFO  [Main] [Imix]: [ImixAI][SEARCH] phase=LEARNED FAILURE -> SEARCHING ALTERNATIVE x=0.0 y=168.8 plan=1421 candidate=LATE failures=1422 budget=6 checkpoint=0.0
12:59:49 WARN  [Main] [Imix]: [ImixAI][FAIL] x=1.3 y=169.3 same-region=true -> candidate=CENTER plan=1422 errors=1423/6
12:59:49 INFO  [Main] [Imix]: [ImixAI][ROLLBACK] no safe checkpoint yet; returned to x=0
12:59:49 INFO  [Main] [Imix]: [ImixAI][SEARCH] phase=LEARNED FAILURE -> SEARCHING ALTERNATIVE x=0.0 y=169.3 plan=1422 candidate=CENTER failures=1423 budget=6 checkpoint=0.0
12:59:49 WARN  [Main] [Imix]: [ImixAI][FAIL] x=1.3 y=169.7 same-region=true -> candidate=EARLY plan=1423 errors=1424/6
12:59:49 INFO  [Main] [Imix]: [ImixAI][ROLLBACK] no safe checkpoint yet; returned to x=0
12:59:49 INFO  [Main] [Imix]: [ImixAI][SEARCH] phase=LEARNED FAILURE -> SEARCHING ALTERNATIVE x=0.0 y=169.7 plan=1423 candidate=EARLY failures=1424 budget=6 checkpoint=0.0
12:59:49 WARN  [Main] [Imix]: [ImixAI][FAIL] x=1.3 y=170.1 same-region=true -> candidate=LATE plan=1424 errors=1425/6
12:59:49 INFO  [Main] [Imix]: [ImixAI][ROLLBACK] no safe checkpoint yet; returned to x=0
12:59:49 INFO  [Main] [Imix]: [ImixAI][SEARCH] phase=LEARNED FAILURE -> SEARCHING ALTERNATIVE x=0.0 y=170.1 plan=1424 candidate=LATE failures=1425 budget=6 checkpoint=0.0
12:59:49 WARN  [Main] [Imix]: [ImixAI][FAIL] x=1.3 y=170.4 same-region=true -> candidate=CENTER plan=1425 errors=1426/6
12:59:49 INFO  [Main] [Imix]: [ImixAI][ROLLBACK] no safe checkpoint yet; returned to x=0
12:59:49 INFO  [Main] [Imix]: [ImixAI][SEARCH] phase=LEARNED FAILURE -> SEARCHING ALTERNATIVE x=0.0 y=170.4 plan=1425 candidate=CENTER failures=1426 budget=6 checkpoint=0.0
12:59:49 WARN  [Main] [Imix]: [ImixAI][FAIL] x=1.3 y=170.7 same-region=true -> candidate=EARLY plan=1426 errors=1427/6
12:59:49 INFO  [Main] [Imix]: [ImixAI][ROLLBACK] no safe checkpoint yet; returned to x=0
12:59:49 INFO  [Main] [Imix]: [ImixAI][SEARCH] phase=LEARNED FAILURE -> SEARCHING ALTERNATIVE x=0.0 y=170.7 plan=1426 candidate=EARLY failures=1427 budget=6 checkpoint=0.0
12:59:49 WARN  [Main] [Imix]: [ImixAI][FAIL] x=1.3 y=170.9 same-region=true -> candidate=LATE plan=1427 errors=1428/6
12:59:49 INFO  [Main] [Imix]: [ImixAI][ROLLBACK] no safe checkpoint yet; returned to x=0
12:59:49 INFO  [Main] [Imix]: [ImixAI][SEARCH] phase=LEARNED FAILURE -> SEARCHING ALTERNATIVE x=0.0 y=170.9 plan=1427 candidate=LATE failures=1428 budget=6 checkpoint=0.0
12:59:49 WARN  [Main] [Imix]: [ImixAI][FAIL] x=1.3 y=171.1 same-region=true -> candidate=CENTER plan=1428 errors=1429/6
12:59:49 INFO  [Main] [Imix]: [ImixAI][ROLLBACK] no safe checkpoint yet; returned to x=0
12:59:49 INFO  [Main] [Imix]: [ImixAI][SEARCH] phase=LEARNED FAILURE -> SEARCHING ALTERNATIVE x=0.0 y=171.1 plan=1428 candidate=CENTER failures=1429 budget=6 checkpoint=0.0
12:59:49 WARN  [Main] [Imix]: [ImixAI][FAIL] x=1.3 y=171.2 same-region=true -> candidate=EARLY plan=1429 errors=1430/6
12:59:49 INFO  [Main] [Imix]: [ImixAI][ROLLBACK] no safe checkpoint yet; returned to x=0
12:59:49 INFO  [Main] [Imix]: [ImixAI][SEARCH] phase=LEARNED FAILURE -> SEARCHING ALTERNATIVE x=0.0 y=171.2 plan=1429 candidate=EARLY failures=1430 budget=6 checkpoint=0.0
12:59:49 WARN  [Main] [Imix]: [ImixAI][FAIL] x=1.3 y=171.3 same-region=true -> candidate=LATE plan=1430 errors=1431/6
12:59:49 INFO  [Main] [Imix]: [ImixAI][ROLLBACK] no safe checkpoint yet; returned to x=0
12:59:49 INFO  [Main] [Imix]: [ImixAI][SEARCH] phase=LEARNED FAILURE -> SEARCHING ALTERNATIVE x=0.0 y=171.3 plan=1430 candidate=LATE failures=1431 budget=6 checkpoint=0.0
12:59:49 WARN  [Main] [Imix]: [ImixAI][FAIL] x=1.3 y=171.4 same-region=true -> candidate=CENTER plan=1431 errors=1432/6
12:59:49 INFO  [Main] [Imix]: [ImixAI][ROLLBACK] no safe checkpoint yet; returned to x=0
12:59:49 INFO  [Main] [Imix]: [ImixAI][SEARCH] phase=LEARNED FAILURE -> SEARCHING ALTERNATIVE x=0.0 y=171.4 plan=1431 candidate=CENTER failures=1432 budget=6 checkpoint=0.0
12:59:49 WARN  [Main] [Imix]: [ImixAI][FAIL] x=1.3 y=171.4 same-region=true -> candidate=EARLY plan=1432 errors=1433/6
12:59:49 INFO  [Main] [Imix]: [ImixAI][ROLLBACK] no safe checkpoint yet; returned to x=0
12:59:49 INFO  [Main] [Imix]: [ImixAI][SEARCH] phase=LEARNED FAILURE -> SEARCHING ALTERNATIVE x=0.0 y=171.4 plan=1432 candidate=EARLY failures=1433 budget=6 checkpoint=0.0
12:59:49 WARN  [Main] [Imix]: [ImixAI][FAIL] x=1.3 y=171.3 same-region=true -> candidate=LATE plan=1433 errors=1434/6
12:59:49 INFO  [Main] [Imix]: [ImixAI][ROLLBACK] no safe checkpoint yet; returned to x=0
12:59:49 INFO  [Main] [Imix]: [ImixAI][SEARCH] phase=LEARNED FAILURE -> SEARCHING ALTERNATIVE x=0.0 y=171.3 plan=1433 candidate=LATE failures=1434 budget=6 checkpoint=0.0
12:59:49 WARN  [Main] [Imix]: [ImixAI][FAIL] x=1.3 y=171.2 same-region=true -> candidate=CENTER plan=1434 errors=1435/6
12:59:49 INFO  [Main] [Imix]: [ImixAI][ROLLBACK] no safe checkpoint yet; returned to x=0
12:59:49 INFO  [Main] [Imix]: [ImixAI][SEARCH] phase=LEARNED FAILURE -> SEARCHING ALTERNATIVE x=0.0 y=171.2 plan=1434 candidate=CENTER failures=1435 budget=6 checkpoint=0.0
12:59:49 WARN  [Main] [Imix]: [ImixAI][FAIL] x=1.3 y=171.0 same-region=true -> candidate=EARLY plan=1435 errors=1436/6
12:59:49 INFO  [Main] [Imix]: [ImixAI][ROLLBACK] no safe checkpoint yet; returned to x=0
12:59:49 INFO  [Main] [Imix]: [ImixAI][SEARCH] phase=LEARNED FAILURE -> SEARCHING ALTERNATIVE x=0.0 y=171.0 plan=1435 candidate=EARLY failures=1436 budget=6 checkpoint=0.0
12:59:49 WARN  [Main] [Imix]: [ImixAI][FAIL] x=1.3 y=170.8 same-region=true -> candidate=LATE plan=1436 errors=1437/6
12:59:49 INFO  [Main] [Imix]: [ImixAI][ROLLBACK] no safe checkpoint yet; returned to x=0
12:59:49 INFO  [Main] [Imix]: [ImixAI][SEARCH] phase=LEARNED FAILURE -> SEARCHING ALTERNATIVE x=0.0 y=170.8 plan=1436 candidate=LATE failures=1437 budget=6 checkpoint=0.0
12:59:49 WARN  [Main] [Imix]: [ImixAI][FAIL] x=1.3 y=170.6 same-region=true -> candidate=CENTER plan=1437 errors=1438/6
12:59:49 INFO  [Main] [Imix]: [ImixAI][ROLLBACK] no safe checkpoint yet; returned to x=0
12:59:49 INFO  [Main] [Imix]: [ImixAI][SEARCH] phase=LEARNED FAILURE -> SEARCHING ALTERNATIVE x=0.0 y=170.6 plan=1437 candidate=CENTER failures=1438 budget=6 checkpoint=0.0
12:59:49 WARN  [Main] [Imix]: [ImixAI][FAIL] x=1.3 y=170.3 same-region=true -> candidate=EARLY plan=1438 errors=1439/6
12:59:49 INFO  [Main] [Imix]: [ImixAI][ROLLBACK] no safe checkpoint yet; returned to x=0
12:59:49 INFO  [Main] [Imix]: [ImixAI][SEARCH] phase=LEARNED FAILURE -> SEARCHING ALTERNATIVE x=0.0 y=170.3 plan=1438 candidate=EARLY failures=1439 budget=6 checkpoint=0.0
12:59:49 WARN  [Main] [Imix]: [ImixAI][FAIL] x=1.3 y=169.9 same-region=true -> candidate=LATE plan=1439 errors=1440/6
12:59:49 INFO  [Main] [Imix]: [ImixAI][ROLLBACK] no safe checkpoint yet; returned to x=0
12:59:49 INFO  [Main] [Imix]: [ImixAI][SEARCH] phase=LEARNED FAILURE -> SEARCHING ALTERNATIVE x=0.0 y=169.9 plan=1439 candidate=LATE failures=1440 budget=6 checkpoint=0.0
12:59:49 WARN  [Main] [Imix]: [ImixAI][FAIL] x=1.3 y=169.5 same-region=true -> candidate=CENTER plan=1440 errors=1441/6
12:59:49 INFO  [Main] [Imix]: [ImixAI][ROLLBACK] no safe checkpoint yet; returned to x=0
12:59:49 INFO  [Main] [Imix]: [ImixAI][SEARCH] phase=LEARNED FAILURE -> SEARCHING ALTERNATIVE x=0.0 y=169.5 plan=1440 candidate=CENTER failures=1441 budget=6 checkpoint=0.0
12:59:49 WARN  [Main] [Imix]: [ImixAI][FAIL] x=1.3 y=169.1 same-region=true -> candidate=EARLY plan=1441 errors=1442/6
12:59:49 INFO  [Main] [Imix]: [ImixAI][ROLLBACK] no safe checkpoint yet; returned to x=0
12:59:49 INFO  [Main] [Imix]: [ImixAI][SEARCH] phase=LEARNED FAILURE -> SEARCHING ALTERNATIVE x=0.0 y=169.1 plan=1441 candidate=EARLY failures=1442 budget=6 checkpoint=0.0
12:59:49 WARN  [Main] [Imix]: [ImixAI][FAIL] x=1.3 y=168.6 same-region=true -> candidate=LATE plan=1442 errors=1443/6
12:59:49 INFO  [Main] [Imix]: [ImixAI][ROLLBACK] no safe checkpoint yet; returned to x=0
12:59:49 INFO  [Main] [Imix]: [ImixAI][SEARCH] phase=LEARNED FAILURE -> SEARCHING ALTERNATIVE x=0.0 y=168.6 plan=1442 candidate=LATE failures=1443 budget=6 checkpoint=0.0
12:59:49 WARN  [Main] [Imix]: [ImixAI][FAIL] x=1.3 y=168.0 same-region=true -> candidate=CENTER plan=1443 errors=1444/6
12:59:49 INFO  [Main] [Imix]: [ImixAI][ROLLBACK] no safe checkpoint yet; returned to x=0
12:59:49 INFO  [Main] [Imix]: [ImixAI][SEARCH] phase=LEARNED FAILURE -> SEARCHING ALTERNATIVE x=0.0 y=168.0 plan=1443 candidate=CENTER failures=1444 budget=6 checkpoint=0.0
12:59:49 WARN  [Main] [Imix]: [ImixAI][FAIL] x=1.3 y=167.4 same-region=true -> candidate=EARLY plan=1444 errors=1445/6
12:59:49 INFO  [Main] [Imix]: [ImixAI][ROLLBACK] no safe checkpoint yet; returned to x=0
12:59:49 INFO  [Main] [Imix]: [ImixAI][SEARCH] phase=LEARNED FAILURE -> SEARCHING ALTERNATIVE x=0.0 y=167.4 plan=1444 candidate=EARLY failures=1445 budget=6 checkpoint=0.0
12:59:49 WARN  [Main] [Imix]: [ImixAI][FAIL] x=1.3 y=166.8 same-region=true -> candidate=LATE plan=1445 errors=1446/6
12:59:49 INFO  [Main] [Imix]: [ImixAI][ROLLBACK] no safe checkpoint yet; returned to x=0
12:59:49 INFO  [Main] [Imix]: [ImixAI][SEARCH] phase=LEARNED FAILURE -> SEARCHING ALTERNATIVE x=0.0 y=166.8 plan=1445 candidate=LATE failures=1446 budget=6 checkpoint=0.0
12:59:49 WARN  [Main] [Imix]: [ImixAI][FAIL] x=1.3 y=166.1 same-region=true -> candidate=CENTER plan=1446 errors=1447/6
12:59:49 INFO  [Main] [Imix]: [ImixAI][ROLLBACK] no safe checkpoint yet; returned to x=0
12:59:49 INFO  [Main] [Imix]: [ImixAI][SEARCH] phase=LEARNED FAILURE -> SEARCHING ALTERNATIVE x=0.0 y=166.1 plan=1446 candidate=CENTER failures=1447 budget=6 checkpoint=0.0
12:59:49 WARN  [Main] [Imix]: [ImixAI][FAIL] x=1.3 y=165.3 same-region=true -> candidate=EARLY plan=1447 errors=1448/6
12:59:49 INFO  [Main] [Imix]: [ImixAI][ROLLBACK] no safe checkpoint yet; returned to x=0
12:59:49 INFO  [Main] [Imix]: [ImixAI][SEARCH] phase=LEARNED FAILURE -> SEARCHING ALTERNATIVE x=0.0 y=165.3 plan=1447 candidate=EARLY failures=1448 budget=6 checkpoint=0.0
12:59:49 WARN  [Main] [Imix]: [ImixAI][FAIL] x=1.3 y=164.6 same-region=true -> candidate=LATE plan=1448 errors=1449/6
12:59:49 INFO  [Main] [Imix]: [ImixAI][ROLLBACK] no safe checkpoint yet; returned to x=0
12:59:49 INFO  [Main] [Imix]: [ImixAI][SEARCH] phase=LEARNED FAILURE -> SEARCHING ALTERNATIVE x=0.0 y=164.6 plan=1448 candidate=LATE failures=1449 budget=6 checkpoint=0.0
12:59:49 WARN  [Main] [Imix]: [ImixAI][FAIL] x=1.3 y=163.7 same-region=true -> candidate=CENTER plan=1449 errors=1450/6
12:59:49 INFO  [Main] [Imix]: [ImixAI][ROLLBACK] no safe checkpoint yet; returned to x=0
12:59:49 INFO  [Main] [Imix]: [ImixAI][SEARCH] phase=LEARNED FAILURE -> SEARCHING ALTERNATIVE x=0.0 y=163.7 plan=1449 candidate=CENTER failures=1450 budget=6 checkpoint=0.0
12:59:49 WARN  [Main] [Imix]: [ImixAI][FAIL] x=1.3 y=162.8 same-region=true -> candidate=EARLY plan=1450 errors=1451/6
12:59:49 INFO  [Main] [Imix]: [ImixAI][ROLLBACK] no safe checkpoint yet; returned to x=0
12:59:49 INFO  [Main] [Imix]: [ImixAI][SEARCH] phase=LEARNED FAILURE -> SEARCHING ALTERNATIVE x=0.0 y=162.8 plan=1450 candidate=EARLY failures=1451 budget=6 checkpoint=0.0
12:59:49 WARN  [Main] [Imix]: [ImixAI][FAIL] x=1.3 y=161.9 same-region=true -> candidate=LATE plan=1451 errors=1452/6
12:59:49 INFO  [Main] [Imix]: [ImixAI][ROLLBACK] no safe checkpoint yet; returned to x=0
12:59:49 INFO  [Main] [Imix]: [ImixAI][SEARCH] phase=LEARNED FAILURE -> SEARCHING ALTERNATIVE x=0.0 y=161.9 plan=1451 candidate=LATE failures=1452 budget=6 checkpoint=0.0
12:59:49 WARN  [Main] [Imix]: [ImixAI][FAIL] x=1.3 y=160.9 same-region=true -> candidate=CENTER plan=1452 errors=1453/6
12:59:49 INFO  [Main] [Imix]: [ImixAI][ROLLBACK] no safe checkpoint yet; returned to x=0
12:59:49 INFO  [Main] [Imix]: [ImixAI][SEARCH] phase=LEARNED FAILURE -> SEARCHING ALTERNATIVE x=0.0 y=160.9 plan=1452 candidate=CENTER failures=1453 budget=6 checkpoint=0.0
12:59:49 WARN  [Main] [Imix]: [ImixAI][FAIL] x=1.3 y=159.9 same-region=true -> candidate=EARLY plan=1453 errors=1454/6
12:59:49 INFO  [Main] [Imix]: [ImixAI][ROLLBACK] no safe checkpoint yet; returned to x=0
12:59:49 INFO  [Main] [Imix]: [ImixAI][SEARCH] phase=LEARNED FAILURE -> SEARCHING ALTERNATIVE x=0.0 y=159.9 plan=1453 candidate=EARLY failures=1454 budget=6 checkpoint=0.0
12:59:49 WARN  [Main] [Imix]: [ImixAI][FAIL] x=1.3 y=158.8 same-region=true -> candidate=LATE plan=1454 errors=1455/6
12:59:49 INFO  [Main] [Imix]: [ImixAI][ROLLBACK] no safe checkpoint yet; returned to x=0
12:59:49 INFO  [Main] [Imix]: [ImixAI][SEARCH] phase=LEARNED FAILURE -> SEARCHING ALTERNATIVE x=0.0 y=158.8 plan=1454 candidate=LATE failures=1455 budget=6 checkpoint=0.0
12:59:49 WARN  [Main] [Imix]: [ImixAI][FAIL] x=1.3 y=157.7 same-region=true -> candidate=CENTER plan=1455 errors=1456/6
12:59:49 INFO  [Main] [Imix]: [ImixAI][ROLLBACK] no safe checkpoint yet; returned to x=0
12:59:49 INFO  [Main] [Imix]: [ImixAI][SEARCH] phase=LEARNED FAILURE -> SEARCHING ALTERNATIVE x=0.0 y=157.7 plan=1455 candidate=CENTER failures=1456 budget=6 checkpoint=0.0
12:59:49 WARN  [Main] [Imix]: [ImixAI][FAIL] x=1.3 y=156.5 same-region=true -> candidate=EARLY plan=1456 errors=1457/6
12:59:49 INFO  [Main] [Imix]: [ImixAI][ROLLBACK] no safe checkpoint yet; returned to x=0
12:59:49 INFO  [Main] [Imix]: [ImixAI][SEARCH] phase=LEARNED FAILURE -> SEARCHING ALTERNATIVE x=0.0 y=156.5 plan=1456 candidate=EARLY failures=1457 budget=6 checkpoint=0.0
12:59:49 WARN  [Main] [Imix]: [ImixAI][FAIL] x=1.3 y=155.3 same-region=true -> candidate=LATE plan=1457 errors=1458/6
12:59:49 INFO  [Main] [Imix]: [ImixAI][ROLLBACK] no safe checkpoint yet; returned to x=0
12:59:49 INFO  [Main] [Imix]: [ImixAI][SEARCH] phase=LEARNED FAILURE -> SEARCHING ALTERNATIVE x=0.0 y=155.3 plan=1457 candidate=LATE failures=1458 budget=6 checkpoint=0.0
12:59:49 WARN  [Main] [Imix]: [ImixAI][FAIL] x=1.3 y=154.0 same-region=true -> candidate=CENTER plan=1458 errors=1459/6
12:59:49 INFO  [Main] [Imix]: [ImixAI][ROLLBACK] no safe checkpoint yet; returned to x=0
12:59:49 INFO  [Main] [Imix]: [ImixAI][SEARCH] phase=LEARNED FAILURE -> SEARCHING ALTERNATIVE x=0.0 y=154.0 plan=1458 candidate=CENTER failures=1459 budget=6 checkpoint=0.0
12:59:49 WARN  [Main] [Imix]: [ImixAI][FAIL] x=1.3 y=152.7 same-region=true -> candidate=EARLY plan=1459 errors=1460/6
12:59:49 INFO  [Main] [Imix]: [ImixAI][ROLLBACK] no safe checkpoint yet; returned to x=0
12:59:49 INFO  [Main] [Imix]: [ImixAI][SEARCH] phase=LEARNED FAILURE -> SEARCHING ALTERNATIVE x=0.0 y=152.7 plan=1459 candidate=EARLY failures=1460 budget=6 checkpoint=0.0
12:59:49 WARN  [Main] [Imix]: [ImixAI][FAIL] x=1.3 y=151.3 same-region=true -> candidate=LATE plan=1460 errors=1461/6
12:59:49 INFO  [Main] [Imix]: [ImixAI][ROLLBACK] no safe checkpoint yet; returned to x=0
12:59:49 INFO  [Main] [Imix]: [ImixAI][SEARCH] phase=LEARNED FAILURE -> SEARCHING ALTERNATIVE x=0.0 y=151.3 plan=1460 candidate=LATE failures=1461 budget=6 checkpoint=0.0
12:59:49 WARN  [Main] [Imix]: [ImixAI][FAIL] x=1.3 y=149.9 same-region=true -> candidate=CENTER plan=1461 errors=1462/6
12:59:49 INFO  [Main] [Imix]: [ImixAI][ROLLBACK] no safe checkpoint yet; returned to x=0
12:59:49 INFO  [Main] [Imix]: [ImixAI][SEARCH] phase=LEARNED FAILURE -> SEARCHING ALTERNATIVE x=0.0 y=149.9 plan=1461 candidate=CENTER failures=1462 budget=6 checkpoint=0.0
12:59:49 WARN  [Main] [Imix]: [ImixAI][FAIL] x=1.3 y=148.4 same-region=true -> candidate=EARLY plan=1462 errors=1463/6
12:59:49 INFO  [Main] [Imix]: [ImixAI][ROLLBACK] no safe checkpoint yet; returned to x=0
12:59:49 INFO  [Main] [Imix]: [ImixAI][SEARCH] phase=LEARNED FAILURE -> SEARCHING ALTERNATIVE x=0.0 y=148.4 plan=1462 candidate=EARLY failures=1463 budget=6 checkpoint=0.0
12:59:49 WARN  [Main] [Imix]: [ImixAI][FAIL] x=1.3 y=146.9 same-region=true -> candidate=LATE plan=1463 errors=1464/6
12:59:49 INFO  [Main] [Imix]: [ImixAI][ROLLBACK] no safe checkpoint yet; returned to x=0
12:59:49 INFO  [Main] [Imix]: [ImixAI][SEARCH] phase=LEARNED FAILURE -> SEARCHING ALTERNATIVE x=0.0 y=146.9 plan=1463 candidate=LATE failures=1464 budget=6 checkpoint=0.0
12:59:49 WARN  [Main] [Imix]: [ImixAI][FAIL] x=1.3 y=145.3 same-region=true -> candidate=CENTER plan=1464 errors=1465/6
12:59:49 INFO  [Main] [Imix]: [ImixAI][ROLLBACK] no safe checkpoint yet; returned to x=0
12:59:49 INFO  [Main] [Imix]: [ImixAI][SEARCH] phase=LEARNED FAILURE -> SEARCHING ALTERNATIVE x=0.0 y=145.3 plan=1464 candidate=CENTER failures=1465 budget=6 checkpoint=0.0
12:59:49 WARN  [Main] [Imix]: [ImixAI][FAIL] x=1.3 y=143.7 same-region=true -> candidate=EARLY plan=1465 errors=1466/6
12:59:49 INFO  [Main] [Imix]: [ImixAI][ROLLBACK] no safe checkpoint yet; returned to x=0
12:59:49 INFO  [Main] [Imix]: [ImixAI][SEARCH] phase=LEARNED FAILURE -> SEARCHING ALTERNATIVE x=0.0 y=143.7 plan=1465 candidate=EARLY failures=1466 budget=6 checkpoint=0.0
12:59:49 WARN  [Main] [Imix]: [ImixAI][FAIL] x=1.3 y=142.0 same-region=true -> candidate=LATE plan=1466 errors=1467/6
12:59:49 INFO  [Main] [Imix]: [ImixAI][ROLLBACK] no safe checkpoint yet; returned to x=0
12:59:49 INFO  [Main] [Imix]: [ImixAI][SEARCH] phase=LEARNED FAILURE -> SEARCHING ALTERNATIVE x=0.0 y=142.0 plan=1466 candidate=LATE failures=1467 budget=6 checkpoint=0.0
12:59:49 WARN  [Main] [Imix]: [ImixAI][FAIL] x=1.3 y=140.3 same-region=true -> candidate=CENTER plan=1467 errors=1468/6
12:59:49 INFO  [Main] [Imix]: [ImixAI][ROLLBACK] no safe checkpoint yet; returned to x=0
12:59:49 INFO  [Main] [Imix]: [ImixAI][SEARCH] phase=LEARNED FAILURE -> SEARCHING ALTERNATIVE x=0.0 y=140.3 plan=1467 candidate=CENTER failures=1468 budget=6 checkpoint=0.0
12:59:49 WARN  [Main] [Imix]: [ImixAI][FAIL] x=1.3 y=138.6 same-region=true -> candidate=EARLY plan=1468 errors=1469/6
12:59:49 INFO  [Main] [Imix]: [ImixAI][ROLLBACK] no safe checkpoint yet; returned to x=0
12:59:49 INFO  [Main] [Imix]: [ImixAI][SEARCH] phase=LEARNED FAILURE -> SEARCHING ALTERNATIVE x=0.0 y=138.6 plan=1468 candidate=EARLY failures=1469 budget=6 checkpoint=0.0
12:59:49 WARN  [Main] [Imix]: [ImixAI][FAIL] x=1.3 y=136.8 same-region=true -> candidate=LATE plan=1469 errors=1470/6
12:59:49 INFO  [Main] [Imix]: [ImixAI][ROLLBACK] no safe checkpoint yet; returned to x=0
12:59:49 INFO  [Main] [Imix]: [ImixAI][SEARCH] phase=LEARNED FAILURE -> SEARCHING ALTERNATIVE x=0.0 y=136.8 plan=1469 candidate=LATE failures=1470 budget=6 checkpoint=0.0
12:59:49 WARN  [Main] [Imix]: [ImixAI][FAIL] x=1.3 y=134.9 same-region=true -> candidate=CENTER plan=1470 errors=1471/6
12:59:49 INFO  [Main] [Imix]: [ImixAI][ROLLBACK] no safe checkpoint yet; returned to x=0
12:59:49 INFO  [Main] [Imix]: [ImixAI][SEARCH] phase=LEARNED FAILURE -> SEARCHING ALTERNATIVE x=0.0 y=134.9 plan=1470 candidate=CENTER failures=1471 budget=6 checkpoint=0.0
12:59:49 WARN  [Main] [Imix]: [ImixAI][FAIL] x=1.3 y=133.0 same-region=true -> candidate=EARLY plan=1471 errors=1472/6
12:59:49 INFO  [Main] [Imix]: [ImixAI][ROLLBACK] no safe checkpoint yet; returned to x=0
12:59:49 INFO  [Main] [Imix]: [ImixAI][SEARCH] phase=LEARNED FAILURE -> SEARCHING ALTERNATIVE x=0.0 y=133.0 plan=1471 candidate=EARLY failures=1472 budget=6 checkpoint=0.0
12:59:49 WARN  [Main] [Imix]: [ImixAI][FAIL] x=1.3 y=131.0 same-region=true -> candidate=LATE plan=1472 errors=1473/6
12:59:49 INFO  [Main] [Imix]: [ImixAI][ROLLBACK] no safe checkpoint yet; returned to x=0
12:59:49 INFO  [Main] [Imix]: [ImixAI][SEARCH] phase=LEARNED FAILURE -> SEARCHING ALTERNATIVE x=0.0 y=131.0 plan=1472 candidate=LATE failures=1473 budget=6 checkpoint=0.0
12:59:49 WARN  [Main] [Imix]: [ImixAI][FAIL] x=1.3 y=129.0 same-region=true -> candidate=CENTER plan=1473 errors=1474/6
12:59:49 INFO  [Main] [Imix]: [ImixAI][ROLLBACK] no safe checkpoint yet; returned to x=0
12:59:49 INFO  [Main] [Imix]: [ImixAI][SEARCH] phase=LEARNED FAILURE -> SEARCHING ALTERNATIVE x=0.0 y=129.0 plan=1473 candidate=CENTER failures=1474 budget=6 checkpoint=0.0
12:59:49 WARN  [Main] [Imix]: [ImixAI][FAIL] x=1.3 y=127.0 same-region=true -> candidate=EARLY plan=1474 errors=1475/6
12:59:49 INFO  [Main] [Imix]: [ImixAI][ROLLBACK] no safe checkpoint yet; returned to x=0
12:59:49 INFO  [Main] [Imix]: [ImixAI][SEARCH] phase=LEARNED FAILURE -> SEARCHING ALTERNATIVE x=0.0 y=127.0 plan=1474 candidate=EARLY failures=1475 budget=6 checkpoint=0.0
12:59:49 WARN  [Main] [Imix]: [ImixAI][FAIL] x=1.3 y=124.9 same-region=true -> candidate=LATE plan=1475 errors=1476/6
12:59:49 INFO  [Main] [Imix]: [ImixAI][ROLLBACK] no safe checkpoint yet; returned to x=0
12:59:49 INFO  [Main] [Imix]: [ImixAI][SEARCH] phase=LEARNED FAILURE -> SEARCHING ALTERNATIVE x=0.0 y=124.9 plan=1475 candidate=LATE failures=1476 budget=6 checkpoint=0.0
12:59:49 WARN  [Main] [Imix]: [ImixAI][FAIL] x=1.3 y=122.7 same-region=true -> candidate=CENTER plan=1476 errors=1477/6
12:59:49 INFO  [Main] [Imix]: [ImixAI][ROLLBACK] no safe checkpoint yet; returned to x=0
12:59:49 INFO  [Main] [Imix]: [ImixAI][SEARCH] phase=LEARNED FAILURE -> SEARCHING ALTERNATIVE x=0.0 y=122.7 plan=1476 candidate=CENTER failures=1477 budget=6 checkpoint=0.0
12:59:49 WARN  [Main] [Imix]: [ImixAI][FAIL] x=1.3 y=120.5 same-region=true -> candidate=EARLY plan=1477 errors=1478/6
12:59:49 INFO  [Main] [Imix]: [ImixAI][ROLLBACK] no safe checkpoint yet; returned to x=0
12:59:49 INFO  [Main] [Imix]: [ImixAI][SEARCH] phase=LEARNED FAILURE -> SEARCHING ALTERNATIVE x=0.0 y=120.5 plan=1477 candidate=EARLY failures=1478 budget=6 checkpoint=0.0
12:59:49 WARN  [Main] [Imix]: [ImixAI][FAIL] x=1.3 y=118.3 same-region=true -> candidate=LATE plan=1478 errors=1479/6
12:59:49 INFO  [Main] [Imix]: [ImixAI][ROLLBACK] no safe checkpoint yet; returned to x=0
12:59:49 INFO  [Main] [Imix]: [ImixAI][SEARCH] phase=LEARNED FAILURE -> SEARCHING ALTERNATIVE x=0.0 y=118.3 plan=1478 candidate=LATE failures=1479 budget=6 checkpoint=0.0
12:59:49 WARN  [Main] [Imix]: [ImixAI][FAIL] x=1.3 y=116.0 same-region=true -> candidate=CENTER plan=1479 errors=1480/6
12:59:49 INFO  [Main] [Imix]: [ImixAI][ROLLBACK] no safe checkpoint yet; returned to x=0
12:59:49 INFO  [Main] [Imix]: [ImixAI][SEARCH] phase=LEARNED FAILURE -> SEARCHING ALTERNATIVE x=0.0 y=116.0 plan=1479 candidate=CENTER failures=1480 budget=6 checkpoint=0.0
12:59:49 WARN  [Main] [Imix]: [ImixAI][FAIL] x=1.3 y=113.6 same-region=true -> candidate=EARLY plan=1480 errors=1481/6
12:59:49 INFO  [Main] [Imix]: [ImixAI][ROLLBACK] no safe checkpoint yet; returned to x=0
12:59:49 INFO  [Main] [Imix]: [ImixAI][SEARCH] phase=LEARNED FAILURE -> SEARCHING ALTERNATIVE x=0.0 y=113.6 plan=1480 candidate=EARLY failures=1481 budget=6 checkpoint=0.0
12:59:49 WARN  [Main] [Imix]: [ImixAI][FAIL] x=1.3 y=111.2 same-region=true -> candidate=LATE plan=1481 errors=1482/6
12:59:49 INFO  [Main] [Imix]: [ImixAI][ROLLBACK] no safe checkpoint yet; returned to x=0
12:59:49 INFO  [Main] [Imix]: [ImixAI][SEARCH] phase=LEARNED FAILURE -> SEARCHING ALTERNATIVE x=0.0 y=111.2 plan=1481 candidate=LATE failures=1482 budget=6 checkpoint=0.0
12:59:49 WARN  [Main] [Imix]: [ImixAI][FAIL] x=1.3 y=108.8 same-region=true -> candidate=CENTER plan=1482 errors=1483/6
12:59:49 INFO  [Main] [Imix]: [ImixAI][ROLLBACK] no safe checkpoint yet; returned to x=0
12:59:49 INFO  [Main] [Imix]: [ImixAI][SEARCH] phase=LEARNED FAILURE -> SEARCHING ALTERNATIVE x=0.0 y=108.8 plan=1482 candidate=CENTER failures=1483 budget=6 checkpoint=0.0
12:59:49 WARN  [Main] [Imix]: [ImixAI][FAIL] x=1.3 y=106.3 same-region=true -> candidate=EARLY plan=1483 errors=1484/6
12:59:49 INFO  [Main] [Imix]: [ImixAI][ROLLBACK] no safe checkpoint yet; returned to x=0
12:59:49 INFO  [Main] [Imix]: [ImixAI][SEARCH] phase=LEARNED FAILURE -> SEARCHING ALTERNATIVE x=0.0 y=106.3 plan=1483 candidate=EARLY failures=1484 budget=6 checkpoint=0.0
12:59:49 WARN  [Main] [Imix]: [ImixAI][FAIL] x=1.3 y=105.0 same-region=true -> candidate=LATE plan=1484 errors=1485/6
12:59:49 INFO  [Main] [Imix]: [ImixAI][ROLLBACK] no safe checkpoint yet; returned to x=0
12:59:49 INFO  [Main] [Imix]: [ImixAI][SEARCH] phase=LEARNED FAILURE -> SEARCHING ALTERNATIVE x=0.0 y=105.0 plan=1484 candidate=LATE failures=1485 budget=6 checkpoint=0.0
12:59:49 WARN  [Main] [Imix]: [ImixAI][FAIL] x=1.3 y=107.5 same-region=true -> candidate=CENTER plan=1485 errors=1486/6
12:59:49 INFO  [Main] [Imix]: [ImixAI][ROLLBACK] no safe checkpoint yet; returned to x=0
12:59:49 INFO  [Main] [Imix]: [ImixAI][SEARCH] phase=LEARNED FAILURE -> SEARCHING ALTERNATIVE x=0.0 y=107.5 plan=1485 candidate=CENTER failures=1486 budget=6 checkpoint=0.0
12:59:49 WARN  [Main] [Imix]: [ImixAI][FAIL] x=1.3 y=110.0 same-region=true -> candidate=EARLY plan=1486 errors=1487/6
12:59:49 INFO  [Main] [Imix]: [ImixAI][ROLLBACK] no safe checkpoint yet; returned to x=0
12:59:49 INFO  [Main] [Imix]: [ImixAI][SEARCH] phase=LEARNED FAILURE -> SEARCHING ALTERNATIVE x=0.0 y=110.0 plan=1486 candidate=EARLY failures=1487 budget=6 checkpoint=0.0
12:59:49 WARN  [Main] [Imix]: [ImixAI][FAIL] x=1.3 y=112.4 same-region=true -> candidate=LATE plan=1487 errors=1488/6
12:59:49 INFO  [Main] [Imix]: [ImixAI][ROLLBACK] no safe checkpoint yet; returned to x=0
12:59:49 INFO  [Main] [Imix]: [ImixAI][SEARCH] phase=LEARNED FAILURE -> SEARCHING ALTERNATIVE x=0.0 y=112.4 plan=1487 candidate=LATE failures=1488 budget=6 checkpoint=0.0
12:59:49 WARN  [Main] [Imix]: [ImixAI][FAIL] x=1.3 y=114.8 same-region=true -> candidate=CENTER plan=1488 errors=1489/6
12:59:49 INFO  [Main] [Imix]: [ImixAI][ROLLBACK] no safe checkpoint yet; returned to x=0
12:59:49 INFO  [Main] [Imix]: [ImixAI][SEARCH] phase=LEARNED FAILURE -> SEARCHING ALTERNATIVE x=0.0 y=114.8 plan=1488 candidate=CENTER failures=1489 budget=6 checkpoint=0.0
12:59:49 WARN  [Main] [Imix]: [ImixAI][FAIL] x=1.3 y=117.1 same-region=true -> candidate=EARLY plan=1489 errors=1490/6
12:59:49 INFO  [Main] [Imix]: [ImixAI][ROLLBACK] no safe checkpoint yet; returned to x=0
12:59:49 INFO  [Main] [Imix]: [ImixAI][SEARCH] phase=LEARNED FAILURE -> SEARCHING ALTERNATIVE x=0.0 y=117.1 plan=1489 candidate=EARLY failures=1490 budget=6 checkpoint=0.0
12:59:49 WARN  [Main] [Imix]: [ImixAI][FAIL] x=1.3 y=119.4 same-region=true -> candidate=LATE plan=1490 errors=1491/6
12:59:49 INFO  [Main] [Imix]: [ImixAI][ROLLBACK] no safe checkpoint yet; returned to x=0
12:59:49 INFO  [Main] [Imix]: [ImixAI][SEARCH] phase=LEARNED FAILURE -> SEARCHING ALTERNATIVE x=0.0 y=119.4 plan=1490 candidate=LATE failures=1491 budget=6 checkpoint=0.0
12:59:49 WARN  [Main] [Imix]: [ImixAI][FAIL] x=1.3 y=121.6 same-region=true -> candidate=CENTER plan=1491 errors=1492/6
12:59:49 INFO  [Main] [Imix]: [ImixAI][ROLLBACK] no safe checkpoint yet; returned to x=0
12:59:49 INFO  [Main] [Imix]: [ImixAI][SEARCH] phase=LEARNED FAILURE -> SEARCHING ALTERNATIVE x=0.0 y=121.6 plan=1491 candidate=CENTER failures=1492 budget=6 checkpoint=0.0
12:59:49 WARN  [Main] [Imix]: [ImixAI][FAIL] x=1.3 y=123.8 same-region=true -> candidate=EARLY plan=1492 errors=1493/6
12:59:49 INFO  [Main] [Imix]: [ImixAI][ROLLBACK] no safe checkpoint yet; returned to x=0
12:59:49 INFO  [Main] [Imix]: [ImixAI][SEARCH] phase=LEARNED FAILURE -> SEARCHING ALTERNATIVE x=0.0 y=123.8 plan=1492 candidate=EARLY failures=1493 budget=6 checkpoint=0.0
12:59:49 WARN  [Main] [Imix]: [ImixAI][FAIL] x=1.3 y=125.9 same-region=true -> candidate=LATE plan=1493 errors=1494/6
12:59:49 INFO  [Main] [Imix]: [ImixAI][ROLLBACK] no safe checkpoint yet; returned to x=0
12:59:49 INFO  [Main] [Imix]: [ImixAI][SEARCH] phase=LEARNED FAILURE -> SEARCHING ALTERNATIVE x=0.0 y=125.9 plan=1493 candidate=LATE failures=1494 budget=6 checkpoint=0.0
12:59:49 WARN  [Main] [Imix]: [ImixAI][FAIL] x=1.3 y=128.0 same-region=true -> candidate=CENTER plan=1494 errors=1495/6
12:59:49 INFO  [Main] [Imix]: [ImixAI][ROLLBACK] no safe checkpoint yet; returned to x=0
12:59:49 INFO  [Main] [Imix]: [ImixAI][SEARCH] phase=LEARNED FAILURE -> SEARCHING ALTERNATIVE x=0.0 y=128.0 plan=1494 candidate=CENTER failures=1495 budget=6 checkpoint=0.0
12:59:49 WARN  [Main] [Imix]: [ImixAI][FAIL] x=1.3 y=130.0 same-region=true -> candidate=EARLY plan=1495 errors=1496/6
12:59:49 INFO  [Main] [Imix]: [ImixAI][ROLLBACK] no safe checkpoint yet; returned to x=0
12:59:49 INFO  [Main] [Imix]: [ImixAI][SEARCH] phase=LEARNED FAILURE -> SEARCHING ALTERNATIVE x=0.0 y=130.0 plan=1495 candidate=EARLY failures=1496 budget=6 checkpoint=0.0
12:59:49 WARN  [Main] [Imix]: [ImixAI][FAIL] x=1.3 y=132.0 same-region=true -> candidate=LATE plan=1496 errors=1497/6
12:59:49 INFO  [Main] [Imix]: [ImixAI][ROLLBACK] no safe checkpoint yet; returned to x=0
12:59:49 INFO  [Main] [Imix]: [ImixAI][SEARCH] phase=LEARNED FAILURE -> SEARCHING ALTERNATIVE x=0.0 y=132.0 plan=1496 candidate=LATE failures=1497 budget=6 checkpoint=0.0
12:59:49 WARN  [Main] [Imix]: [ImixAI][FAIL] x=1.3 y=133.9 same-region=true -> candidate=CENTER plan=1497 errors=1498/6
12:59:49 INFO  [Main] [Imix]: [ImixAI][ROLLBACK] no safe checkpoint yet; returned to x=0
12:59:49 INFO  [Main] [Imix]: [ImixAI][SEARCH] phase=LEARNED FAILURE -> SEARCHING ALTERNATIVE x=0.0 y=133.9 plan=1497 candidate=CENTER failures=1498 budget=6 checkpoint=0.0
12:59:49 WARN  [Main] [Imix]: [ImixAI][FAIL] x=1.3 y=135.8 same-region=true -> candidate=EARLY plan=1498 errors=1499/6
12:59:49 INFO  [Main] [Imix]: [ImixAI][ROLLBACK] no safe checkpoint yet; returned to x=0
12:59:49 INFO  [Main] [Imix]: [ImixAI][SEARCH] phase=LEARNED FAILURE -> SEARCHING ALTERNATIVE x=0.0 y=135.8 plan=1498 candidate=EARLY failures=1499 budget=6 checkpoint=0.0
12:59:49 WARN  [Main] [Imix]: [ImixAI][FAIL] x=1.3 y=137.6 same-region=true -> candidate=LATE plan=1499 errors=1500/6
12:59:49 INFO  [Main] [Imix]: [ImixAI][ROLLBACK] no safe checkpoint yet; returned to x=0
12:59:49 INFO  [Main] [Imix]: [ImixAI][SEARCH] phase=LEARNED FAILURE -> SEARCHING ALTERNATIVE x=0.0 y=137.6 plan=1499 candidate=LATE failures=1500 budget=6 checkpoint=0.0
12:59:49 WARN  [Main] [Imix]: [ImixAI][FAIL] x=1.3 y=139.4 same-region=true -> candidate=CENTER plan=1500 errors=1501/6
12:59:49 INFO  [Main] [Imix]: [ImixAI][ROLLBACK] no safe checkpoint yet; returned to x=0
12:59:49 INFO  [Main] [Imix]: [ImixAI][SEARCH] phase=LEARNED FAILURE -> SEARCHING ALTERNATIVE x=0.0 y=139.4 plan=1500 candidate=CENTER failures=1501 budget=6 checkpoint=0.0
12:59:49 WARN  [Main] [Imix]: [ImixAI][FAIL] x=1.3 y=141.2 same-region=true -> candidate=EARLY plan=1501 errors=1502/6
12:59:49 INFO  [Main] [Imix]: [ImixAI][ROLLBACK] no safe checkpoint yet; returned to x=0
12:59:49 INFO  [Main] [Imix]: [ImixAI][SEARCH] phase=LEARNED FAILURE -> SEARCHING ALTERNATIVE x=0.0 y=141.2 plan=1501 candidate=EARLY failures=1502 budget=6 checkpoint=0.0
12:59:49 WARN  [Main] [Imix]: [ImixAI][FAIL] x=1.3 y=142.8 same-region=true -> candidate=LATE plan=1502 errors=1503/6
12:59:49 INFO  [Main] [Imix]: [ImixAI][ROLLBACK] no safe checkpoint yet; returned to x=0
12:59:49 INFO  [Main] [Imix]: [ImixAI][SEARCH] phase=LEARNED FAILURE -> SEARCHING ALTERNATIVE x=0.0 y=142.8 plan=1502 candidate=LATE failures=1503 budget=6 checkpoint=0.0
12:59:49 WARN  [Main] [Imix]: [ImixAI][FAIL] x=1.3 y=144.5 same-region=true -> candidate=CENTER plan=1503 errors=1504/6
12:59:49 INFO  [Main] [Imix]: [ImixAI][ROLLBACK] no safe checkpoint yet; returned to x=0
12:59:49 INFO  [Main] [Imix]: [ImixAI][SEARCH] phase=LEARNED FAILURE -> SEARCHING ALTERNATIVE x=0.0 y=144.5 plan=1503 candidate=CENTER failures=1504 budget=6 checkpoint=0.0
12:59:49 WARN  [Main] [Imix]: [ImixAI][FAIL] x=1.3 y=146.1 same-region=true -> candidate=EARLY plan=1504 errors=1505/6
12:59:49 INFO  [Main] [Imix]: [ImixAI][ROLLBACK] no safe checkpoint yet; returned to x=0
12:59:49 INFO  [Main] [Imix]: [ImixAI][SEARCH] phase=LEARNED FAILURE -> SEARCHING ALTERNATIVE x=0.0 y=146.1 plan=1504 candidate=EARLY failures=1505 budget=6 checkpoint=0.0
12:59:49 WARN  [Main] [Imix]: [ImixAI][FAIL] x=1.3 y=147.6 same-region=true -> candidate=LATE plan=1505 errors=1506/6
12:59:49 INFO  [Main] [Imix]: [ImixAI][ROLLBACK] no safe checkpoint yet; returned to x=0
12:59:49 INFO  [Main] [Imix]: [ImixAI][SEARCH] phase=LEARNED FAILURE -> SEARCHING ALTERNATIVE x=0.0 y=147.6 plan=1505 candidate=LATE failures=1506 budget=6 checkpoint=0.0
12:59:49 WARN  [Main] [Imix]: [ImixAI][FAIL] x=1.3 y=149.1 same-region=true -> candidate=CENTER plan=1506 errors=1507/6
12:59:49 INFO  [Main] [Imix]: [ImixAI][ROLLBACK] no safe checkpoint yet; returned to x=0
12:59:49 INFO  [Main] [Imix]: [ImixAI][SEARCH] phase=LEARNED FAILURE -> SEARCHING ALTERNATIVE x=0.0 y=149.1 plan=1506 candidate=CENTER failures=1507 budget=6 checkpoint=0.0
12:59:49 WARN  [Main] [Imix]: [ImixAI][FAIL] x=1.3 y=150.6 same-region=true -> candidate=EARLY plan=1507 errors=1508/6
12:59:49 INFO  [Main] [Imix]: [ImixAI][ROLLBACK] no safe checkpoint yet; returned to x=0
12:59:49 INFO  [Main] [Imix]: [ImixAI][SEARCH] phase=LEARNED FAILURE -> SEARCHING ALTERNATIVE x=0.0 y=150.6 plan=1507 candidate=EARLY failures=1508 budget=6 checkpoint=0.0
12:59:49 WARN  [Main] [Imix]: [ImixAI][FAIL] x=1.3 y=152.0 same-region=true -> candidate=LATE plan=1508 errors=1509/6
12:59:49 INFO  [Main] [Imix]: [ImixAI][ROLLBACK] no safe checkpoint yet; returned to x=0
12:59:49 INFO  [Main] [Imix]: [ImixAI][SEARCH] phase=LEARNED FAILURE -> SEARCHING ALTERNATIVE x=0.0 y=152.0 plan=1508 candidate=LATE failures=1509 budget=6 checkpoint=0.0
12:59:49 WARN  [Main] [Imix]: [ImixAI][FAIL] x=1.3 y=153.3 same-region=true -> candidate=CENTER plan=1509 errors=1510/6
12:59:49 INFO  [Main] [Imix]: [ImixAI][ROLLBACK] no safe checkpoint yet; returned to x=0
12:59:49 INFO  [Main] [Imix]: [ImixAI][SEARCH] phase=LEARNED FAILURE -> SEARCHING ALTERNATIVE x=0.0 y=153.3 plan=1509 candidate=CENTER failures=1510 budget=6 checkpoint=0.0
12:59:49 WARN  [Main] [Imix]: [ImixAI][FAIL] x=1.3 y=154.6 same-region=true -> candidate=EARLY plan=1510 errors=1511/6
12:59:49 INFO  [Main] [Imix]: [ImixAI][ROLLBACK] no safe checkpoint yet; returned to x=0
12:59:49 INFO  [Main] [Imix]: [ImixAI][SEARCH] phase=LEARNED FAILURE -> SEARCHING ALTERNATIVE x=0.0 y=154.6 plan=1510 candidate=EARLY failures=1511 budget=6 checkpoint=0.0
12:59:49 WARN  [Main] [Imix]: [ImixAI][FAIL] x=1.3 y=155.9 same-region=true -> candidate=LATE plan=1511 errors=1512/6
12:59:49 INFO  [Main] [Imix]: [ImixAI][ROLLBACK] no safe checkpoint yet; returned to x=0
12:59:49 INFO  [Main] [Imix]: [ImixAI][SEARCH] phase=LEARNED FAILURE -> SEARCHING ALTERNATIVE x=0.0 y=155.9 plan=1511 candidate=LATE failures=1512 budget=6 checkpoint=0.0
12:59:49 WARN  [Main] [Imix]: [ImixAI][FAIL] x=1.3 y=157.1 same-region=true -> candidate=CENTER plan=1512 errors=1513/6
12:59:49 INFO  [Main] [Imix]: [ImixAI][ROLLBACK] no safe checkpoint yet; returned to x=0
12:59:49 INFO  [Main] [Imix]: [ImixAI][SEARCH] phase=LEARNED FAILURE -> SEARCHING ALTERNATIVE x=0.0 y=157.1 plan=1512 candidate=CENTER failures=1513 budget=6 checkpoint=0.0
12:59:49 WARN  [Main] [Imix]: [ImixAI][FAIL] x=1.3 y=158.2 same-region=true -> candidate=EARLY plan=1513 errors=1514/6
12:59:49 INFO  [Main] [Imix]: [ImixAI][ROLLBACK] no safe checkpoint yet; returned to x=0
12:59:49 INFO  [Main] [Imix]: [ImixAI][SEARCH] phase=LEARNED FAILURE -> SEARCHING ALTERNATIVE x=0.0 y=158.2 plan=1513 candidate=EARLY failures=1514 budget=6 checkpoint=0.0
12:59:49 WARN  [Main] [Imix]: [ImixAI][FAIL] x=1.3 y=159.3 same-region=true -> candidate=LATE plan=1514 errors=1515/6
12:59:49 INFO  [Main] [Imix]: [ImixAI][ROLLBACK] no safe checkpoint yet; returned to x=0
12:59:49 INFO  [Main] [Imix]: [ImixAI][SEARCH] phase=LEARNED FAILURE -> SEARCHING ALTERNATIVE x=0.0 y=159.3 plan=1514 candidate=LATE failures=1515 budget=6 checkpoint=0.0
12:59:49 WARN  [Main] [Imix]: [ImixAI][FAIL] x=1.3 y=160.4 same-region=true -> candidate=CENTER plan=1515 errors=1516/6
12:59:49 INFO  [Main] [Imix]: [ImixAI][ROLLBACK] no safe checkpoint yet; returned to x=0
12:59:49 INFO  [Main] [Imix]: [ImixAI][SEARCH] phase=LEARNED FAILURE -> SEARCHING ALTERNATIVE x=0.0 y=160.4 plan=1515 candidate=CENTER failures=1516 budget=6 checkpoint=0.0
12:59:49 WARN  [Main] [Imix]: [ImixAI][FAIL] x=1.3 y=161.4 same-region=true -> candidate=EARLY plan=1516 errors=1517/6
12:59:49 INFO  [Main] [Imix]: [ImixAI][ROLLBACK] no safe checkpoint yet; returned to x=0
12:59:49 INFO  [Main] [Imix]: [ImixAI][SEARCH] phase=LEARNED FAILURE -> SEARCHING ALTERNATIVE x=0.0 y=161.4 plan=1516 candidate=EARLY failures=1517 budget=6 checkpoint=0.0
12:59:49 WARN  [Main] [Imix]: [ImixAI][FAIL] x=1.3 y=162.4 same-region=true -> candidate=LATE plan=1517 errors=1518/6
12:59:49 INFO  [Main] [Imix]: [ImixAI][ROLLBACK] no safe checkpoint yet; returned to x=0
12:59:49 INFO  [Main] [Imix]: [ImixAI][SEARCH] phase=LEARNED FAILURE -> SEARCHING ALTERNATIVE x=0.0 y=162.4 plan=1517 candidate=LATE failures=1518 budget=6 checkpoint=0.0
12:59:49 WARN  [Main] [Imix]: [ImixAI][FAIL] x=1.3 y=163.3 same-region=true -> candidate=CENTER plan=1518 errors=1519/6
12:59:49 INFO  [Main] [Imix]: [ImixAI][ROLLBACK] no safe checkpoint yet; returned to x=0
12:59:49 INFO  [Main] [Imix]: [ImixAI][SEARCH] phase=LEARNED FAILURE -> SEARCHING ALTERNATIVE x=0.0 y=163.3 plan=1518 candidate=CENTER failures=1519 budget=6 checkpoint=0.0
12:59:49 WARN  [Main] [Imix]: [ImixAI][FAIL] x=1.3 y=164.1 same-region=true -> candidate=EARLY plan=1519 errors=1520/6
12:59:49 INFO  [Main] [Imix]: [ImixAI][ROLLBACK] no safe checkpoint yet; returned to x=0
12:59:49 INFO  [Main] [Imix]: [ImixAI][SEARCH] phase=LEARNED FAILURE -> SEARCHING ALTERNATIVE x=0.0 y=164.1 plan=1519 candidate=EARLY failures=1520 budget=6 checkpoint=0.0
12:59:49 WARN  [Main] [Imix]: [ImixAI][FAIL] x=1.3 y=164.9 same-region=true -> candidate=LATE plan=1520 errors=1521/6
12:59:49 INFO  [Main] [Imix]: [ImixAI][ROLLBACK] no safe checkpoint yet; returned to x=0
12:59:49 INFO  [Main] [Imix]: [ImixAI][SEARCH] phase=LEARNED FAILURE -> SEARCHING ALTERNATIVE x=0.0 y=164.9 plan=1520 candidate=LATE failures=1521 budget=6 checkpoint=0.0
12:59:49 WARN  [Main] [Imix]: [ImixAI][FAIL] x=1.3 y=165.7 same-region=true -> candidate=CENTER plan=1521 errors=1522/6
12:59:49 INFO  [Main] [Imix]: [ImixAI][ROLLBACK] no safe checkpoint yet; returned to x=0
12:59:49 INFO  [Main] [Imix]: [ImixAI][SEARCH] phase=LEARNED FAILURE -> SEARCHING ALTERNATIVE x=0.0 y=165.7 plan=1521 candidate=CENTER failures=1522 budget=6 checkpoint=0.0
12:59:49 WARN  [Main] [Imix]: [ImixAI][FAIL] x=1.3 y=166.4 same-region=true -> candidate=EARLY plan=1522 errors=1523/6
12:59:49 INFO  [Main] [Imix]: [ImixAI][ROLLBACK] no safe checkpoint yet; returned to x=0
12:59:49 INFO  [Main] [Imix]: [ImixAI][SEARCH] phase=LEARNED FAILURE -> SEARCHING ALTERNATIVE x=0.0 y=166.4 plan=1522 candidate=EARLY failures=1523 budget=6 checkpoint=0.0
12:59:49 WARN  [Main] [Imix]: [ImixAI][FAIL] x=1.3 y=167.1 same-region=true -> candidate=LATE plan=1523 errors=1524/6
12:59:49 INFO  [Main] [Imix]: [ImixAI][ROLLBACK] no safe checkpoint yet; returned to x=0
12:59:49 INFO  [Main] [Imix]: [ImixAI][SEARCH] phase=LEARNED FAILURE -> SEARCHING ALTERNATIVE x=0.0 y=167.1 plan=1523 candidate=LATE failures=1524 budget=6 checkpoint=0.0
12:59:49 WARN  [Main] [Imix]: [ImixAI][FAIL] x=1.3 y=167.7 same-region=true -> candidate=CENTER plan=1524 errors=1525/6
12:59:49 INFO  [Main] [Imix]: [ImixAI][ROLLBACK] no safe checkpoint yet; returned to x=0
12:59:49 INFO  [Main] [Imix]: [ImixAI][SEARCH] phase=LEARNED FAILURE -> SEARCHING ALTERNATIVE x=0.0 y=167.7 plan=1524 candidate=CENTER failures=1525 budget=6 checkpoint=0.0
12:59:49 WARN  [Main] [Imix]: [ImixAI][FAIL] x=1.3 y=168.3 same-region=true -> candidate=EARLY plan=1525 errors=1526/6
12:59:49 INFO  [Main] [Imix]: [ImixAI][ROLLBACK] no safe checkpoint yet; returned to x=0
12:59:49 INFO  [Main] [Imix]: [ImixAI][SEARCH] phase=LEARNED FAILURE -> SEARCHING ALTERNATIVE x=0.0 y=168.3 plan=1525 candidate=EARLY failures=1526 budget=6 checkpoint=0.0
12:59:49 WARN  [Main] [Imix]: [ImixAI][FAIL] x=1.3 y=168.8 same-region=true -> candidate=LATE plan=1526 errors=1527/6
12:59:49 INFO  [Main] [Imix]: [ImixAI][ROLLBACK] no safe checkpoint yet; returned to x=0
12:59:49 INFO  [Main] [Imix]: [ImixAI][SEARCH] phase=LEARNED FAILURE -> SEARCHING ALTERNATIVE x=0.0 y=168.8 plan=1526 candidate=LATE failures=1527 budget=6 checkpoint=0.0
12:59:49 WARN  [Main] [Imix]: [ImixAI][FAIL] x=1.3 y=169.3 same-region=true -> candidate=CENTER plan=1527 errors=1528/6
12:59:49 INFO  [Main] [Imix]: [ImixAI][ROLLBACK] no safe checkpoint yet; returned to x=0
12:59:49 INFO  [Main] [Imix]: [ImixAI][SEARCH] phase=LEARNED FAILURE -> SEARCHING ALTERNATIVE x=0.0 y=169.3 plan=1527 candidate=CENTER failures=1528 budget=6 checkpoint=0.0
12:59:49 WARN  [Main] [Imix]: [ImixAI][FAIL] x=1.3 y=169.7 same-region=true -> candidate=EARLY plan=1528 errors=1529/6
12:59:49 INFO  [Main] [Imix]: [ImixAI][ROLLBACK] no safe checkpoint yet; returned to x=0
12:59:49 INFO  [Main] [Imix]: [ImixAI][SEARCH] phase=LEARNED FAILURE -> SEARCHING ALTERNATIVE x=0.0 y=169.7 plan=1528 candidate=EARLY failures=1529 budget=6 checkpoint=0.0
12:59:49 WARN  [Main] [Imix]: [ImixAI][FAIL] x=1.3 y=170.1 same-region=true -> candidate=LATE plan=1529 errors=1530/6
12:59:49 INFO  [Main] [Imix]: [ImixAI][ROLLBACK] no safe checkpoint yet; returned to x=0
12:59:49 INFO  [Main] [Imix]: [ImixAI][SEARCH] phase=LEARNED FAILURE -> SEARCHING ALTERNATIVE x=0.0 y=170.1 plan=1529 candidate=LATE failures=1530 budget=6 checkpoint=0.0
12:59:49 WARN  [Main] [Imix]: [ImixAI][FAIL] x=1.3 y=170.4 same-region=true -> candidate=CENTER plan=1530 errors=1531/6
12:59:49 INFO  [Main] [Imix]: [ImixAI][ROLLBACK] no safe checkpoint yet; returned to x=0
12:59:49 INFO  [Main] [Imix]: [ImixAI][SEARCH] phase=LEARNED FAILURE -> SEARCHING ALTERNATIVE x=0.0 y=170.4 plan=1530 candidate=CENTER failures=1531 budget=6 checkpoint=0.0
12:59:49 WARN  [Main] [Imix]: [ImixAI][FAIL] x=1.3 y=170.7 same-region=true -> candidate=EARLY plan=1531 errors=1532/6
12:59:49 INFO  [Main] [Imix]: [ImixAI][ROLLBACK] no safe checkpoint yet; returned to x=0
12:59:49 INFO  [Main] [Imix]: [ImixAI][SEARCH] phase=LEARNED FAILURE -> SEARCHING ALTERNATIVE x=0.0 y=170.7 plan=1531 candidate=EARLY failures=1532 budget=6 checkpoint=0.0
12:59:49 WARN  [Main] [Imix]: [ImixAI][FAIL] x=1.3 y=170.9 same-region=true -> candidate=LATE plan=1532 errors=1533/6
12:59:49 INFO  [Main] [Imix]: [ImixAI][ROLLBACK] no safe checkpoint yet; returned to x=0
12:59:49 INFO  [Main] [Imix]: [ImixAI][SEARCH] phase=LEARNED FAILURE -> SEARCHING ALTERNATIVE x=0.0 y=170.9 plan=1532 candidate=LATE failures=1533 budget=6 checkpoint=0.0
12:59:49 WARN  [Main] [Imix]: [ImixAI][FAIL] x=1.3 y=171.1 same-region=true -> candidate=CENTER plan=1533 errors=1534/6
12:59:49 INFO  [Main] [Imix]: [ImixAI][ROLLBACK] no safe checkpoint yet; returned to x=0
12:59:49 INFO  [Main] [Imix]: [ImixAI][SEARCH] phase=LEARNED FAILURE -> SEARCHING ALTERNATIVE x=0.0 y=171.1 plan=1533 candidate=CENTER failures=1534 budget=6 checkpoint=0.0
12:59:49 WARN  [Main] [Imix]: [ImixAI][FAIL] x=1.3 y=171.2 same-region=true -> candidate=EARLY plan=1534 errors=1535/6
12:59:49 INFO  [Main] [Imix]: [ImixAI][ROLLBACK] no safe checkpoint yet; returned to x=0
12:59:49 INFO  [Main] [Imix]: [ImixAI][SEARCH] phase=LEARNED FAILURE -> SEARCHING ALTERNATIVE x=0.0 y=171.2 plan=1534 candidate=EARLY failures=1535 budget=6 checkpoint=0.0
12:59:49 WARN  [Main] [Imix]: [ImixAI][FAIL] x=1.3 y=171.3 same-region=true -> candidate=LATE plan=1535 errors=1536/6
12:59:49 INFO  [Main] [Imix]: [ImixAI][ROLLBACK] no safe checkpoint yet; returned to x=0
12:59:49 INFO  [Main] [Imix]: [ImixAI][SEARCH] phase=LEARNED FAILURE -> SEARCHING ALTERNATIVE x=0.0 y=171.3 plan=1535 candidate=LATE failures=1536 budget=6 checkpoint=0.0
12:59:49 WARN  [Main] [Imix]: [ImixAI][FAIL] x=1.3 y=171.4 same-region=true -> candidate=CENTER plan=1536 errors=1537/6
12:59:49 INFO  [Main] [Imix]: [ImixAI][ROLLBACK] no safe checkpoint yet; returned to x=0
12:59:49 INFO  [Main] [Imix]: [ImixAI][SEARCH] phase=LEARNED FAILURE -> SEARCHING ALTERNATIVE x=0.0 y=171.4 plan=1536 candidate=CENTER failures=1537 budget=6 checkpoint=0.0
12:59:49 WARN  [Main] [Imix]: [ImixAI][FAIL] x=1.3 y=171.4 same-region=true -> candidate=EARLY plan=1537 errors=1538/6
12:59:49 INFO  [Main] [Imix]: [ImixAI][ROLLBACK] no safe checkpoint yet; returned to x=0
12:59:49 INFO  [Main] [Imix]: [ImixAI][SEARCH] phase=LEARNED FAILURE -> SEARCHING ALTERNATIVE x=0.0 y=171.4 plan=1537 candidate=EARLY failures=1538 budget=6 checkpoint=0.0
12:59:49 WARN  [Main] [Imix]: [ImixAI][FAIL] x=1.3 y=171.3 same-region=true -> candidate=LATE plan=1538 errors=1539/6
12:59:49 INFO  [Main] [Imix]: [ImixAI][ROLLBACK] no safe checkpoint yet; returned to x=0
12:59:49 INFO  [Main] [Imix]: [ImixAI][SEARCH] phase=LEARNED FAILURE -> SEARCHING ALTERNATIVE x=0.0 y=171.3 plan=1538 candidate=LATE failures=1539 budget=6 checkpoint=0.0
12:59:49 WARN  [Main] [Imix]: [ImixAI][FAIL] x=1.3 y=171.2 same-region=true -> candidate=CENTER plan=1539 errors=1540/6
12:59:49 INFO  [Main] [Imix]: [ImixAI][ROLLBACK] no safe checkpoint yet; returned to x=0
12:59:49 INFO  [Main] [Imix]: [ImixAI][SEARCH] phase=LEARNED FAILURE -> SEARCHING ALTERNATIVE x=0.0 y=171.2 plan=1539 candidate=CENTER failures=1540 budget=6 checkpoint=0.0
12:59:49 WARN  [Main] [Imix]: [ImixAI][FAIL] x=1.3 y=171.0 same-region=true -> candidate=EARLY plan=1540 errors=1541/6
12:59:49 INFO  [Main] [Imix]: [ImixAI][ROLLBACK] no safe checkpoint yet; returned to x=0
12:59:49 INFO  [Main] [Imix]: [ImixAI][SEARCH] phase=LEARNED FAILURE -> SEARCHING ALTERNATIVE x=0.0 y=171.0 plan=1540 candidate=EARLY failures=1541 budget=6 checkpoint=0.0
12:59:49 WARN  [Main] [Imix]: [ImixAI][FAIL] x=1.3 y=170.8 same-region=true -> candidate=LATE plan=1541 errors=1542/6
12:59:49 INFO  [Main] [Imix]: [ImixAI][ROLLBACK] no safe checkpoint yet; returned to x=0
12:59:49 INFO  [Main] [Imix]: [ImixAI][SEARCH] phase=LEARNED FAILURE -> SEARCHING ALTERNATIVE x=0.0 y=170.8 plan=1541 candidate=LATE failures=1542 budget=6 checkpoint=0.0
12:59:49 WARN  [Main] [Imix]: [ImixAI][FAIL] x=1.3 y=170.6 same-region=true -> candidate=CENTER plan=1542 errors=1543/6
12:59:49 INFO  [Main] [Imix]: [ImixAI][ROLLBACK] no safe checkpoint yet; returned to x=0
12:59:49 INFO  [Main] [Imix]: [ImixAI][SEARCH] phase=LEARNED FAILURE -> SEARCHING ALTERNATIVE x=0.0 y=170.6 plan=1542 candidate=CENTER failures=1543 budget=6 checkpoint=0.0
12:59:49 WARN  [Main] [Imix]: [ImixAI][FAIL] x=1.3 y=170.3 same-region=true -> candidate=EARLY plan=1543 errors=1544/6
12:59:49 INFO  [Main] [Imix]: [ImixAI][ROLLBACK] no safe checkpoint yet; returned to x=0
12:59:49 INFO  [Main] [Imix]: [ImixAI][SEARCH] phase=LEARNED FAILURE -> SEARCHING ALTERNATIVE x=0.0 y=170.3 plan=1543 candidate=EARLY failures=1544 budget=6 checkpoint=0.0
12:59:49 WARN  [Main] [Imix]: [ImixAI][FAIL] x=1.3 y=169.9 same-region=true -> candidate=LATE plan=1544 errors=1545/6
12:59:49 INFO  [Main] [Imix]: [ImixAI][ROLLBACK] no safe checkpoint yet; returned to x=0
12:59:49 INFO  [Main] [Imix]: [ImixAI][SEARCH] phase=LEARNED FAILURE -> SEARCHING ALTERNATIVE x=0.0 y=169.9 plan=1544 candidate=LATE failures=1545 budget=6 checkpoint=0.0
12:59:49 WARN  [Main] [Imix]: [ImixAI][FAIL] x=1.3 y=169.5 same-region=true -> candidate=CENTER plan=1545 errors=1546/6
12:59:49 INFO  [Main] [Imix]: [ImixAI][ROLLBACK] no safe checkpoint yet; returned to x=0
12:59:49 INFO  [Main] [Imix]: [ImixAI][SEARCH] phase=LEARNED FAILURE -> SEARCHING ALTERNATIVE x=0.0 y=169.5 plan=1545 candidate=CENTER failures=1546 budget=6 checkpoint=0.0
12:59:49 WARN  [Main] [Imix]: [ImixAI][FAIL] x=1.3 y=169.1 same-region=true -> candidate=EARLY plan=1546 errors=1547/6
12:59:49 INFO  [Main] [Imix]: [ImixAI][ROLLBACK] no safe checkpoint yet; returned to x=0
12:59:49 INFO  [Main] [Imix]: [ImixAI][SEARCH] phase=LEARNED FAILURE -> SEARCHING ALTERNATIVE x=0.0 y=169.1 plan=1546 candidate=EARLY failures=1547 budget=6 checkpoint=0.0
12:59:49 WARN  [Main] [Imix]: [ImixAI][FAIL] x=1.3 y=168.6 same-region=true -> candidate=LATE plan=1547 errors=1548/6
12:59:49 INFO  [Main] [Imix]: [ImixAI][ROLLBACK] no safe checkpoint yet; returned to x=0
12:59:49 INFO  [Main] [Imix]: [ImixAI][SEARCH] phase=LEARNED FAILURE -> SEARCHING ALTERNATIVE x=0.0 y=168.6 plan=1547 candidate=LATE failures=1548 budget=6 checkpoint=0.0
12:59:49 WARN  [Main] [Imix]: [ImixAI][FAIL] x=1.3 y=168.0 same-region=true -> candidate=CENTER plan=1548 errors=1549/6
12:59:49 INFO  [Main] [Imix]: [ImixAI][ROLLBACK] no safe checkpoint yet; returned to x=0
12:59:49 INFO  [Main] [Imix]: [ImixAI][SEARCH] phase=LEARNED FAILURE -> SEARCHING ALTERNATIVE x=0.0 y=168.0 plan=1548 candidate=CENTER failures=1549 budget=6 checkpoint=0.0
12:59:49 WARN  [Main] [Imix]: [ImixAI][FAIL] x=1.3 y=167.4 same-region=true -> candidate=EARLY plan=1549 errors=1550/6
12:59:49 INFO  [Main] [Imix]: [ImixAI][ROLLBACK] no safe checkpoint yet; returned to x=0
12:59:49 INFO  [Main] [Imix]: [ImixAI][SEARCH] phase=LEARNED FAILURE -> SEARCHING ALTERNATIVE x=0.0 y=167.4 plan=1549 candidate=EARLY failures=1550 budget=6 checkpoint=0.0
12:59:49 WARN  [Main] [Imix]: [ImixAI][FAIL] x=1.3 y=166.8 same-region=true -> candidate=LATE plan=1550 errors=1551/6
12:59:49 INFO  [Main] [Imix]: [ImixAI][ROLLBACK] no safe checkpoint yet; returned to x=0
12:59:49 INFO  [Main] [Imix]: [ImixAI][SEARCH] phase=LEARNED FAILURE -> SEARCHING ALTERNATIVE x=0.0 y=166.8 plan=1550 candidate=LATE failures=1551 budget=6 checkpoint=0.0
12:59:49 WARN  [Main] [Imix]: [ImixAI][FAIL] x=1.3 y=166.1 same-region=true -> candidate=CENTER plan=1551 errors=1552/6
12:59:49 INFO  [Main] [Imix]: [ImixAI][ROLLBACK] no safe checkpoint yet; returned to x=0
12:59:49 INFO  [Main] [Imix]: [ImixAI][SEARCH] phase=LEARNED FAILURE -> SEARCHING ALTERNATIVE x=0.0 y=166.1 plan=1551 candidate=CENTER failures=1552 budget=6 checkpoint=0.0
12:59:49 WARN  [Main] [Imix]: [ImixAI][FAIL] x=1.3 y=165.3 same-region=true -> candidate=EARLY plan=1552 errors=1553/6
12:59:49 INFO  [Main] [Imix]: [ImixAI][ROLLBACK] no safe checkpoint yet; returned to x=0
12:59:49 INFO  [Main] [Imix]: [ImixAI][SEARCH] phase=LEARNED FAILURE -> SEARCHING ALTERNATIVE x=0.0 y=165.3 plan=1552 candidate=EARLY failures=1553 budget=6 checkpoint=0.0
12:59:49 WARN  [Main] [Imix]: [ImixAI][FAIL] x=1.3 y=164.6 same-region=true -> candidate=LATE plan=1553 errors=1554/6
12:59:49 INFO  [Main] [Imix]: [ImixAI][ROLLBACK] no safe checkpoint yet; returned to x=0
12:59:49 INFO  [Main] [Imix]: [ImixAI][SEARCH] phase=LEARNED FAILURE -> SEARCHING ALTERNATIVE x=0.0 y=164.6 plan=1553 candidate=LATE failures=1554 budget=6 checkpoint=0.0
12:59:49 WARN  [Main] [Imix]: [ImixAI][FAIL] x=1.3 y=163.7 same-region=true -> candidate=CENTER plan=1554 errors=1555/6
12:59:49 INFO  [Main] [Imix]: [ImixAI][ROLLBACK] no safe checkpoint yet; returned to x=0
12:59:49 INFO  [Main] [Imix]: [ImixAI][SEARCH] phase=LEARNED FAILURE -> SEARCHING ALTERNATIVE x=0.0 y=163.7 plan=1554 candidate=CENTER failures=1555 budget=6 checkpoint=0.0
12:59:49 WARN  [Main] [Imix]: [ImixAI][FAIL] x=1.3 y=162.8 same-region=true -> candidate=EARLY plan=1555 errors=1556/6
12:59:49 INFO  [Main] [Imix]: [ImixAI][ROLLBACK] no safe checkpoint yet; returned to x=0
12:59:49 INFO  [Main] [Imix]: [ImixAI][SEARCH] phase=LEARNED FAILURE -> SEARCHING ALTERNATIVE x=0.0 y=162.8 plan=1555 candidate=EARLY failures=1556 budget=6 checkpoint=0.0
12:59:49 WARN  [Main] [Imix]: [ImixAI][FAIL] x=1.3 y=161.9 same-region=true -> candidate=LATE plan=1556 errors=1557/6
12:59:49 INFO  [Main] [Imix]: [ImixAI][ROLLBACK] no safe checkpoint yet; returned to x=0
12:59:49 INFO  [Main] [Imix]: [ImixAI][SEARCH] phase=LEARNED FAILURE -> SEARCHING ALTERNATIVE x=0.0 y=161.9 plan=1556 candidate=LATE failures=1557 budget=6 checkpoint=0.0
12:59:49 WARN  [Main] [Imix]: [ImixAI][FAIL] x=1.3 y=160.9 same-region=true -> candidate=CENTER plan=1557 errors=1558/6
12:59:49 INFO  [Main] [Imix]: [ImixAI][ROLLBACK] no safe checkpoint yet; returned to x=0
12:59:49 INFO  [Main] [Imix]: [ImixAI][SEARCH] phase=LEARNED FAILURE -> SEARCHING ALTERNATIVE x=0.0 y=160.9 plan=1557 candidate=CENTER failures=1558 budget=6 checkpoint=0.0
12:59:49 WARN  [Main] [Imix]: [ImixAI][FAIL] x=1.3 y=159.9 same-region=true -> candidate=EARLY plan=1558 errors=1559/6
12:59:49 INFO  [Main] [Imix]: [ImixAI][ROLLBACK] no safe checkpoint yet; returned to x=0
12:59:49 INFO  [Main] [Imix]: [ImixAI][SEARCH] phase=LEARNED FAILURE -> SEARCHING ALTERNATIVE x=0.0 y=159.9 plan=1558 candidate=EARLY failures=1559 budget=6 checkpoint=0.0
12:59:49 WARN  [Main] [Imix]: [ImixAI][FAIL] x=1.3 y=158.8 same-region=true -> candidate=LATE plan=1559 errors=1560/6
12:59:49 INFO  [Main] [Imix]: [ImixAI][ROLLBACK] no safe checkpoint yet; returned to x=0
12:59:49 INFO  [Main] [Imix]: [ImixAI][SEARCH] phase=LEARNED FAILURE -> SEARCHING ALTERNATIVE x=0.0 y=158.8 plan=1559 candidate=LATE failures=1560 budget=6 checkpoint=0.0
12:59:49 WARN  [Main] [Imix]: [ImixAI][FAIL] x=1.3 y=157.7 same-region=true -> candidate=CENTER plan=1560 errors=1561/6
12:59:49 INFO  [Main] [Imix]: [ImixAI][ROLLBACK] no safe checkpoint yet; returned to x=0
12:59:49 INFO  [Main] [Imix]: [ImixAI][SEARCH] phase=LEARNED FAILURE -> SEARCHING ALTERNATIVE x=0.0 y=157.7 plan=1560 candidate=CENTER failures=1561 budget=6 checkpoint=0.0
12:59:49 WARN  [Main] [Imix]: [ImixAI][FAIL] x=1.3 y=156.5 same-region=true -> candidate=EARLY plan=1561 errors=1562/6
12:59:49 INFO  [Main] [Imix]: [ImixAI][ROLLBACK] no safe checkpoint yet; returned to x=0
12:59:49 INFO  [Main] [Imix]: [ImixAI][SEARCH] phase=LEARNED FAILURE -> SEARCHING ALTERNATIVE x=0.0 y=156.5 plan=1561 candidate=EARLY failures=1562 budget=6 checkpoint=0.0
12:59:49 WARN  [Main] [Imix]: [ImixAI][FAIL] x=1.3 y=155.3 same-region=true -> candidate=LATE plan=1562 errors=1563/6
12:59:49 INFO  [Main] [Imix]: [ImixAI][ROLLBACK] no safe checkpoint yet; returned to x=0
12:59:49 INFO  [Main] [Imix]: [ImixAI][SEARCH] phase=LEARNED FAILURE -> SEARCHING ALTERNATIVE x=0.0 y=155.3 plan=1562 candidate=LATE failures=1563 budget=6 checkpoint=0.0
12:59:49 WARN  [Main] [Imix]: [ImixAI][FAIL] x=1.3 y=154.0 same-region=true -> candidate=CENTER plan=1563 errors=1564/6
12:59:49 INFO  [Main] [Imix]: [ImixAI][ROLLBACK] no safe checkpoint yet; returned to x=0
12:59:49 INFO  [Main] [Imix]: [ImixAI][SEARCH] phase=LEARNED FAILURE -> SEARCHING ALTERNATIVE x=0.0 y=154.0 plan=1563 candidate=CENTER failures=1564 budget=6 checkpoint=0.0
12:59:49 WARN  [Main] [Imix]: [ImixAI][FAIL] x=1.3 y=152.7 same-region=true -> candidate=EARLY plan=1564 errors=1565/6
12:59:49 INFO  [Main] [Imix]: [ImixAI][ROLLBACK] no safe checkpoint yet; returned to x=0
12:59:49 INFO  [Main] [Imix]: [ImixAI][SEARCH] phase=LEARNED FAILURE -> SEARCHING ALTERNATIVE x=0.0 y=152.7 plan=1564 candidate=EARLY failures=1565 budget=6 checkpoint=0.0
12:59:49 WARN  [Main] [Imix]: [ImixAI][FAIL] x=1.3 y=151.3 same-region=true -> candidate=LATE plan=1565 errors=1566/6
12:59:49 INFO  [Main] [Imix]: [ImixAI][ROLLBACK] no safe checkpoint yet; returned to x=0
12:59:49 INFO  [Main] [Imix]: [ImixAI][SEARCH] phase=LEARNED FAILURE -> SEARCHING ALTERNATIVE x=0.0 y=151.3 plan=1565 candidate=LATE failures=1566 budget=6 checkpoint=0.0
12:59:49 WARN  [Main] [Imix]: [ImixAI][FAIL] x=1.3 y=149.9 same-region=true -> candidate=CENTER plan=1566 errors=1567/6
12:59:49 INFO  [Main] [Imix]: [ImixAI][ROLLBACK] no safe checkpoint yet; returned to x=0
12:59:49 INFO  [Main] [Imix]: [ImixAI][SEARCH] phase=LEARNED FAILURE -> SEARCHING ALTERNATIVE x=0.0 y=149.9 plan=1566 candidate=CENTER failures=1567 budget=6 checkpoint=0.0
12:59:49 WARN  [Main] [Imix]: [ImixAI][FAIL] x=1.3 y=148.4 same-region=true -> candidate=EARLY plan=1567 errors=1568/6
12:59:49 INFO  [Main] [Imix]: [ImixAI][ROLLBACK] no safe checkpoint yet; returned to x=0
12:59:49 INFO  [Main] [Imix]: [ImixAI][SEARCH] phase=LEARNED FAILURE -> SEARCHING ALTERNATIVE x=0.0 y=148.4 plan=1567 candidate=EARLY failures=1568 budget=6 checkpoint=0.0
12:59:49 WARN  [Main] [Imix]: [ImixAI][FAIL] x=1.3 y=146.9 same-region=true -> candidate=LATE plan=1568 errors=1569/6
12:59:49 INFO  [Main] [Imix]: [ImixAI][ROLLBACK] no safe checkpoint yet; returned to x=0
12:59:49 INFO  [Main] [Imix]: [ImixAI][SEARCH] phase=LEARNED FAILURE -> SEARCHING ALTERNATIVE x=0.0 y=146.9 plan=1568 candidate=LATE failures=1569 budget=6 checkpoint=0.0
12:59:49 WARN  [Main] [Imix]: [ImixAI][FAIL] x=1.3 y=145.3 same-region=true -> candidate=CENTER plan=1569 errors=1570/6
12:59:49 INFO  [Main] [Imix]: [ImixAI][ROLLBACK] no safe checkpoint yet; returned to x=0
12:59:49 INFO  [Main] [Imix]: [ImixAI][SEARCH] phase=LEARNED FAILURE -> SEARCHING ALTERNATIVE x=0.0 y=145.3 plan=1569 candidate=CENTER failures=1570 budget=6 checkpoint=0.0
12:59:49 WARN  [Main] [Imix]: [ImixAI][FAIL] x=1.3 y=143.7 same-region=true -> candidate=EARLY plan=1570 errors=1571/6
12:59:49 INFO  [Main] [Imix]: [ImixAI][ROLLBACK] no safe checkpoint yet; returned to x=0
12:59:49 INFO  [Main] [Imix]: [ImixAI][SEARCH] phase=LEARNED FAILURE -> SEARCHING ALTERNATIVE x=0.0 y=143.7 plan=1570 candidate=EARLY failures=1571 budget=6 checkpoint=0.0
12:59:49 WARN  [Main] [Imix]: [ImixAI][FAIL] x=1.3 y=142.0 same-region=true -> candidate=LATE plan=1571 errors=1572/6
12:59:49 INFO  [Main] [Imix]: [ImixAI][ROLLBACK] no safe checkpoint yet; returned to x=0
12:59:49 INFO  [Main] [Imix]: [ImixAI][SEARCH] phase=LEARNED FAILURE -> SEARCHING ALTERNATIVE x=0.0 y=142.0 plan=1571 candidate=LATE failures=1572 budget=6 checkpoint=0.0
12:59:49 WARN  [Main] [Imix]: [ImixAI][FAIL] x=1.3 y=140.3 same-region=true -> candidate=CENTER plan=1572 errors=1573/6
12:59:49 INFO  [Main] [Imix]: [ImixAI][ROLLBACK] no safe checkpoint yet; returned to x=0
12:59:49 INFO  [Main] [Imix]: [ImixAI][SEARCH] phase=LEARNED FAILURE -> SEARCHING ALTERNATIVE x=0.0 y=140.3 plan=1572 candidate=CENTER failures=1573 budget=6 checkpoint=0.0
12:59:49 WARN  [Main] [Imix]: [ImixAI][FAIL] x=1.3 y=138.6 same-region=true -> candidate=EARLY plan=1573 errors=1574/6
12:59:49 INFO  [Main] [Imix]: [ImixAI][ROLLBACK] no safe checkpoint yet; returned to x=0
12:59:49 INFO  [Main] [Imix]: [ImixAI][SEARCH] phase=LEARNED FAILURE -> SEARCHING ALTERNATIVE x=0.0 y=138.6 plan=1573 candidate=EARLY failures=1574 budget=6 checkpoint=0.0
12:59:49 WARN  [Main] [Imix]: [ImixAI][FAIL] x=1.3 y=136.8 same-region=true -> candidate=LATE plan=1574 errors=1575/6
12:59:49 INFO  [Main] [Imix]: [ImixAI][ROLLBACK] no safe checkpoint yet; returned to x=0
12:59:49 INFO  [Main] [Imix]: [ImixAI][SEARCH] phase=LEARNED FAILURE -> SEARCHING ALTERNATIVE x=0.0 y=136.8 plan=1574 candidate=LATE failures=1575 budget=6 checkpoint=0.0
12:59:49 WARN  [Main] [Imix]: [ImixAI][FAIL] x=1.3 y=134.9 same-region=true -> candidate=CENTER plan=1575 errors=1576/6
12:59:49 INFO  [Main] [Imix]: [ImixAI][ROLLBACK] no safe checkpoint yet; returned to x=0
12:59:49 INFO  [Main] [Imix]: [ImixAI][SEARCH] phase=LEARNED FAILURE -> SEARCHING ALTERNATIVE x=0.0 y=134.9 plan=1575 candidate=CENTER failures=1576 budget=6 checkpoint=0.0
12:59:49 WARN  [Main] [Imix]: [ImixAI][FAIL] x=1.3 y=133.0 same-region=true -> candidate=EARLY plan=1576 errors=1577/6
12:59:49 INFO  [Main] [Imix]: [ImixAI][ROLLBACK] no safe checkpoint yet; returned to x=0
12:59:49 INFO  [Main] [Imix]: [ImixAI][SEARCH] phase=LEARNED FAILURE -> SEARCHING ALTERNATIVE x=0.0 y=133.0 plan=1576 candidate=EARLY failures=1577 budget=6 checkpoint=0.0
12:59:49 WARN  [Main] [Imix]: [ImixAI][FAIL] x=1.3 y=131.0 same-region=true -> candidate=LATE plan=1577 errors=1578/6
12:59:49 INFO  [Main] [Imix]: [ImixAI][ROLLBACK] no safe checkpoint yet; returned to x=0
12:59:49 INFO  [Main] [Imix]: [ImixAI][SEARCH] phase=LEARNED FAILURE -> SEARCHING ALTERNATIVE x=0.0 y=131.0 plan=1577 candidate=LATE failures=1578 budget=6 checkpoint=0.0
12:59:49 WARN  [Main] [Imix]: [ImixAI][FAIL] x=1.3 y=129.0 same-region=true -> candidate=CENTER plan=1578 errors=1579/6
12:59:49 INFO  [Main] [Imix]: [ImixAI][ROLLBACK] no safe checkpoint yet; returned to x=0
12:59:49 INFO  [Main] [Imix]: [ImixAI][SEARCH] phase=LEARNED FAILURE -> SEARCHING ALTERNATIVE x=0.0 y=129.0 plan=1578 candidate=CENTER failures=1579 budget=6 checkpoint=0.0
12:59:49 WARN  [Main] [Imix]: [ImixAI][FAIL] x=1.3 y=127.0 same-region=true -> candidate=EARLY plan=1579 errors=1580/6
12:59:49 INFO  [Main] [Imix]: [ImixAI][ROLLBACK] no safe checkpoint yet; returned to x=0
12:59:49 INFO  [Main] [Imix]: [ImixAI][SEARCH] phase=LEARNED FAILURE -> SEARCHING ALTERNATIVE x=0.0 y=127.0 plan=1579 candidate=EARLY failures=1580 budget=6 checkpoint=0.0
12:59:49 WARN  [Main] [Imix]: [ImixAI][FAIL] x=1.3 y=124.9 same-region=true -> candidate=LATE plan=1580 errors=1581/6
12:59:49 INFO  [Main] [Imix]: [ImixAI][ROLLBACK] no safe checkpoint yet; returned to x=0
12:59:49 INFO  [Main] [Imix]: [ImixAI][SEARCH] phase=LEARNED FAILURE -> SEARCHING ALTERNATIVE x=0.0 y=124.9 plan=1580 candidate=LATE failures=1581 budget=6 checkpoint=0.0
12:59:49 WARN  [Main] [Imix]: [ImixAI][FAIL] x=1.3 y=122.7 same-region=true -> candidate=CENTER plan=1581 errors=1582/6
12:59:49 INFO  [Main] [Imix]: [ImixAI][ROLLBACK] no safe checkpoint yet; returned to x=0
12:59:49 INFO  [Main] [Imix]: [ImixAI][SEARCH] phase=LEARNED FAILURE -> SEARCHING ALTERNATIVE x=0.0 y=122.7 plan=1581 candidate=CENTER failures=1582 budget=6 checkpoint=0.0
12:59:49 WARN  [Main] [Imix]: [ImixAI][FAIL] x=1.3 y=120.5 same-region=true -> candidate=EARLY plan=1582 errors=1583/6
12:59:49 INFO  [Main] [Imix]: [ImixAI][ROLLBACK] no safe checkpoint yet; returned to x=0
12:59:49 INFO  [Main] [Imix]: [ImixAI][SEARCH] phase=LEARNED FAILURE -> SEARCHING ALTERNATIVE x=0.0 y=120.5 plan=1582 candidate=EARLY failures=1583 budget=6 checkpoint=0.0
12:59:49 WARN  [Main] [Imix]: [ImixAI][FAIL] x=1.3 y=118.3 same-region=true -> candidate=LATE plan=1583 errors=1584/6
12:59:49 INFO  [Main] [Imix]: [ImixAI][ROLLBACK] no safe checkpoint yet; returned to x=0
12:59:49 INFO  [Main] [Imix]: [ImixAI][SEARCH] phase=LEARNED FAILURE -> SEARCHING ALTERNATIVE x=0.0 y=118.3 plan=1583 candidate=LATE failures=1584 budget=6 checkpoint=0.0
12:59:49 WARN  [Main] [Imix]: [ImixAI][FAIL] x=1.3 y=116.0 same-region=true -> candidate=CENTER plan=1584 errors=1585/6
12:59:49 INFO  [Main] [Imix]: [ImixAI][ROLLBACK] no safe checkpoint yet; returned to x=0
12:59:49 INFO  [Main] [Imix]: [ImixAI][SEARCH] phase=LEARNED FAILURE -> SEARCHING ALTERNATIVE x=0.0 y=116.0 plan=1584 candidate=CENTER failures=1585 budget=6 checkpoint=0.0
12:59:49 WARN  [Main] [Imix]: [ImixAI][FAIL] x=1.3 y=113.6 same-region=true -> candidate=EARLY plan=1585 errors=1586/6
12:59:49 INFO  [Main] [Imix]: [ImixAI][ROLLBACK] no safe checkpoint yet; returned to x=0
12:59:49 INFO  [Main] [Imix]: [ImixAI][SEARCH] phase=LEARNED FAILURE -> SEARCHING ALTERNATIVE x=0.0 y=113.6 plan=1585 candidate=EARLY failures=1586 budget=6 checkpoint=0.0
12:59:49 WARN  [Main] [Imix]: [ImixAI][FAIL] x=1.3 y=111.2 same-region=true -> candidate=LATE plan=1586 errors=1587/6
12:59:49 INFO  [Main] [Imix]: [ImixAI][ROLLBACK] no safe checkpoint yet; returned to x=0
12:59:49 INFO  [Main] [Imix]: [ImixAI][SEARCH] phase=LEARNED FAILURE -> SEARCHING ALTERNATIVE x=0.0 y=111.2 plan=1586 candidate=LATE failures=1587 budget=6 checkpoint=0.0
12:59:49 WARN  [Main] [Imix]: [ImixAI][FAIL] x=1.3 y=108.8 same-region=true -> candidate=CENTER plan=1587 errors=1588/6
12:59:49 INFO  [Main] [Imix]: [ImixAI][ROLLBACK] no safe checkpoint yet; returned to x=0
12:59:49 INFO  [Main] [Imix]: [ImixAI][SEARCH] phase=LEARNED FAILURE -> SEARCHING ALTERNATIVE x=0.0 y=108.8 plan=1587 candidate=CENTER failures=1588 budget=6 checkpoint=0.0
12:59:50 WARN  [Main] [Imix]: [ImixAI][FAIL] x=1.3 y=106.3 same-region=true -> candidate=EARLY plan=1588 errors=1589/6
12:59:50 INFO  [Main] [Imix]: [ImixAI][ROLLBACK] no safe checkpoint yet; returned to x=0
12:59:50 INFO  [Main] [Imix]: [ImixAI][SEARCH] phase=LEARNED FAILURE -> SEARCHING ALTERNATIVE x=0.0 y=106.3 plan=1588 candidate=EARLY failures=1589 budget=6 checkpoint=0.0
12:59:50 WARN  [Main] [Imix]: [ImixAI][FAIL] x=1.3 y=105.0 same-region=true -> candidate=LATE plan=1589 errors=1590/6
12:59:50 INFO  [Main] [Imix]: [ImixAI][ROLLBACK] no safe checkpoint yet; returned to x=0
12:59:50 INFO  [Main] [Imix]: [ImixAI][SEARCH] phase=LEARNED FAILURE -> SEARCHING ALTERNATIVE x=0.0 y=105.0 plan=1589 candidate=LATE failures=1590 budget=6 checkpoint=0.0
12:59:50 WARN  [Main] [Imix]: [ImixAI][FAIL] x=1.3 y=105.0 same-region=true -> candidate=CENTER plan=1590 errors=1591/6
12:59:50 INFO  [Main] [Imix]: [ImixAI][ROLLBACK] no safe checkpoint yet; returned to x=0
12:59:50 INFO  [Main] [Imix]: [ImixAI][SEARCH] phase=LEARNED FAILURE -> SEARCHING ALTERNATIVE x=0.0 y=105.0 plan=1590 candidate=CENTER failures=1591 budget=6 checkpoint=0.0
12:59:50 WARN  [Main] [Imix]: [ImixAI][FAIL] x=1.3 y=105.0 same-region=true -> candidate=EARLY plan=1591 errors=1592/6
12:59:50 INFO  [Main] [Imix]: [ImixAI][ROLLBACK] no safe checkpoint yet; returned to x=0
12:59:50 INFO  [Main] [Imix]: [ImixAI][SEARCH] phase=LEARNED FAILURE -> SEARCHING ALTERNATIVE x=0.0 y=105.0 plan=1591 candidate=EARLY failures=1592 budget=6 checkpoint=0.0
12:59:50 WARN  [Main] [Imix]: [ImixAI][FAIL] x=1.3 y=105.0 same-region=true -> candidate=LATE plan=1592 errors=1593/6
12:59:50 INFO  [Main] [Imix]: [ImixAI][ROLLBACK] no safe checkpoint yet; returned to x=0
12:59:50 INFO  [Main] [Imix]: [ImixAI][SEARCH] phase=LEARNED FAILURE -> SEARCHING ALTERNATIVE x=0.0 y=105.0 plan=1592 candidate=LATE failures=1593 budget=6 checkpoint=0.0
12:59:50 WARN  [Main] [Imix]: [ImixAI][FAIL] x=1.3 y=105.0 same-region=true -> candidate=CENTER plan=1593 errors=1594/6
12:59:50 INFO  [Main] [Imix]: [ImixAI][ROLLBACK] no safe checkpoint yet; returned to x=0
12:59:50 INFO  [Main] [Imix]: [ImixAI][SEARCH] phase=LEARNED FAILURE -> SEARCHING ALTERNATIVE x=0.0 y=105.0 plan=1593 candidate=CENTER failures=1594 budget=6 checkpoint=0.0
12:59:50 WARN  [Main] [Imix]: [ImixAI][FAIL] x=1.3 y=105.0 same-region=true -> candidate=EARLY plan=1594 errors=1595/6
12:59:50 INFO  [Main] [Imix]: [ImixAI][ROLLBACK] no safe checkpoint yet; returned to x=0
12:59:50 INFO  [Main] [Imix]: [ImixAI][SEARCH] phase=LEARNED FAILURE -> SEARCHING ALTERNATIVE x=0.0 y=105.0 plan=1594 candidate=EARLY failures=1595 budget=6 checkpoint=0.0
12:59:50 WARN  [Main] [Imix]: [ImixAI][FAIL] x=1.3 y=105.0 same-region=true -> candidate=LATE plan=1595 errors=1596/6
12:59:50 INFO  [Main] [Imix]: [ImixAI][ROLLBACK] no safe checkpoint yet; returned to x=0
12:59:50 INFO  [Main] [Imix]: [ImixAI][SEARCH] phase=LEARNED FAILURE -> SEARCHING ALTERNATIVE x=0.0 y=105.0 plan=1595 candidate=LATE failures=1596 budget=6 checkpoint=0.0
12:59:50 WARN  [Main] [Imix]: [ImixAI][FAIL] x=1.3 y=105.0 same-region=true -> candidate=CENTER plan=1596 errors=1597/6
12:59:50 INFO  [Main] [Imix]: [ImixAI][ROLLBACK] no safe checkpoint yet; returned to x=0
12:59:50 INFO  [Main] [Imix]: [ImixAI][SEARCH] phase=LEARNED FAILURE -> SEARCHING ALTERNATIVE x=0.0 y=105.0 plan=1596 candidate=CENTER failures=1597 budget=6 checkpoint=0.0
12:59:50 WARN  [Main] [Imix]: [ImixAI][FAIL] x=1.3 y=105.0 same-region=true -> candidate=EARLY plan=1597 errors=1598/6
12:59:50 INFO  [Main] [Imix]: [ImixAI][ROLLBACK] no safe checkpoint yet; returned to x=0
12:59:50 INFO  [Main] [Imix]: [ImixAI][SEARCH] phase=LEARNED FAILURE -> SEARCHING ALTERNATIVE x=0.0 y=105.0 plan=1597 candidate=EARLY failures=1598 budget=6 checkpoint=0.0
12:59:50 WARN  [Main] [Imix]: [ImixAI][FAIL] x=1.3 y=105.0 same-region=true -> candidate=LATE plan=1598 errors=1599/6
12:59:50 INFO  [Main] [Imix]: [ImixAI][ROLLBACK] no safe checkpoint yet; returned to x=0
12:59:50 INFO  [Main] [Imix]: [ImixAI][SEARCH] phase=LEARNED FAILURE -> SEARCHING ALTERNATIVE x=0.0 y=105.0 plan=1598 candidate=LATE failures=1599 budget=6 checkpoint=0.0
12:59:50 WARN  [Main] [Imix]: [ImixAI][FAIL] x=1.3 y=105.0 same-region=true -> candidate=CENTER plan=1599 errors=1600/6
12:59:50 INFO  [Main] [Imix]: [ImixAI][ROLLBACK] no safe checkpoint yet; returned to x=0
12:59:50 INFO  [Main] [Imix]: [ImixAI][SEARCH] phase=LEARNED FAILURE -> SEARCHING ALTERNATIVE x=0.0 y=105.0 plan=1599 candidate=CENTER failures=1600 budget=6 checkpoint=0.0
12:59:50 WARN  [Main] [Imix]: [ImixAI][FAIL] x=1.3 y=105.0 same-region=true -> candidate=EARLY plan=1600 errors=1601/6
12:59:50 INFO  [Main] [Imix]: [ImixAI][ROLLBACK] no safe checkpoint yet; returned to x=0
12:59:50 INFO  [Main] [Imix]: [ImixAI][SEARCH] phase=LEARNED FAILURE -> SEARCHING ALTERNATIVE x=0.0 y=105.0 plan=1600 candidate=EARLY failures=1601 budget=6 checkpoint=0.0
12:59:50 WARN  [Main] [Imix]: [ImixAI][FAIL] x=1.3 y=105.0 same-region=true -> candidate=LATE plan=1601 errors=1602/6
12:59:50 INFO  [Main] [Imix]: [ImixAI][ROLLBACK] no safe checkpoint yet; returned to x=0
12:59:50 INFO  [Main] [Imix]: [ImixAI][SEARCH] phase=LEARNED FAILURE -> SEARCHING ALTERNATIVE x=0.0 y=105.0 plan=1601 candidate=LATE failures=1602 budget=6 checkpoint=0.0
12:59:50 WARN  [Main] [Imix]: [ImixAI][FAIL] x=1.3 y=105.0 same-region=true -> candidate=CENTER plan=1602 errors=1603/6
12:59:50 INFO  [Main] [Imix]: [ImixAI][ROLLBACK] no safe checkpoint yet; returned to x=0
12:59:50 INFO  [Main] [Imix]: [ImixAI][SEARCH] phase=LEARNED FAILURE -> SEARCHING ALTERNATIVE x=0.0 y=105.0 plan=1602 candidate=CENTER failures=1603 budget=6 checkpoint=0.0
12:59:50 WARN  [Main] [Imix]: [ImixAI][FAIL] x=1.3 y=105.0 same-region=true -> candidate=EARLY plan=1603 errors=1604/6
12:59:50 INFO  [Main] [Imix]: [ImixAI][ROLLBACK] no safe checkpoint yet; returned to x=0
12:59:50 INFO  [Main] [Imix]: [ImixAI][SEARCH] phase=LEARNED FAILURE -> SEARCHING ALTERNATIVE x=0.0 y=105.0 plan=1603 candidate=EARLY failures=1604 budget=6 checkpoint=0.0
12:59:50 WARN  [Main] [Imix]: [ImixAI][FAIL] x=1.3 y=105.0 same-region=true -> candidate=LATE plan=1604 errors=1605/6
12:59:50 INFO  [Main] [Imix]: [ImixAI][ROLLBACK] no safe checkpoint yet; returned to x=0
12:59:50 INFO  [Main] [Imix]: [ImixAI][SEARCH] phase=LEARNED FAILURE -> SEARCHING ALTERNATIVE x=0.0 y=105.0 plan=1604 candidate=LATE failures=1605 budget=6 checkpoint=0.0
12:59:50 WARN  [Main] [Imix]: [ImixAI][FAIL] x=1.3 y=105.0 same-region=true -> candidate=CENTER plan=1605 errors=1606/6
12:59:50 INFO  [Main] [Imix]: [ImixAI][ROLLBACK] no safe checkpoint yet; returned to x=0
12:59:50 INFO  [Main] [Imix]: [ImixAI][SEARCH] phase=LEARNED FAILURE -> SEARCHING ALTERNATIVE x=0.0 y=105.0 plan=1605 candidate=CENTER failures=1606 budget=6 checkpoint=0.0
12:59:50 WARN  [Main] [Imix]: [ImixAI][FAIL] x=1.3 y=107.5 same-region=true -> candidate=EARLY plan=1606 errors=1607/6
12:59:50 INFO  [Main] [Imix]: [ImixAI][ROLLBACK] no safe checkpoint yet; returned to x=0
12:59:50 INFO  [Main] [Imix]: [ImixAI][SEARCH] phase=LEARNED FAILURE -> SEARCHING ALTERNATIVE x=0.0 y=107.5 plan=1606 candidate=EARLY failures=1607 budget=6 checkpoint=0.0
12:59:50 WARN  [Main] [Imix]: [ImixAI][FAIL] x=1.3 y=109.9 same-region=true -> candidate=LATE plan=1607 errors=1608/6
12:59:50 INFO  [Main] [Imix]: [ImixAI][ROLLBACK] no safe checkpoint yet; returned to x=0
12:59:50 INFO  [Main] [Imix]: [ImixAI][SEARCH] phase=LEARNED FAILURE -> SEARCHING ALTERNATIVE x=0.0 y=109.9 plan=1607 candidate=LATE failures=1608 budget=6 checkpoint=0.0
12:59:50 WARN  [Main] [Imix]: [ImixAI][FAIL] x=1.3 y=112.3 same-region=true -> candidate=CENTER plan=1608 errors=1609/6
12:59:50 INFO  [Main] [Imix]: [ImixAI][ROLLBACK] no safe checkpoint yet; returned to x=0
12:59:50 INFO  [Main] [Imix]: [ImixAI][SEARCH] phase=LEARNED FAILURE -> SEARCHING ALTERNATIVE x=0.0 y=112.3 plan=1608 candidate=CENTER failures=1609 budget=6 checkpoint=0.0
12:59:50 WARN  [Main] [Imix]: [ImixAI][FAIL] x=1.3 y=114.6 same-region=true -> candidate=EARLY plan=1609 errors=1610/6
12:59:50 INFO  [Main] [Imix]: [ImixAI][ROLLBACK] no safe checkpoint yet; returned to x=0
12:59:50 INFO  [Main] [Imix]: [ImixAI][SEARCH] phase=LEARNED FAILURE -> SEARCHING ALTERNATIVE x=0.0 y=114.6 plan=1609 candidate=EARLY failures=1610 budget=6 checkpoint=0.0
12:59:50 WARN  [Main] [Imix]: [ImixAI][FAIL] x=1.3 y=116.8 same-region=true -> candidate=LATE plan=1610 errors=1611/6
12:59:50 INFO  [Main] [Imix]: [ImixAI][ROLLBACK] no safe checkpoint yet; returned to x=0
12:59:50 INFO  [Main] [Imix]: [ImixAI][SEARCH] phase=LEARNED FAILURE -> SEARCHING ALTERNATIVE x=0.0 y=116.8 plan=1610 candidate=LATE failures=1611 budget=6 checkpoint=0.0
12:59:50 WARN  [Main] [Imix]: [ImixAI][FAIL] x=1.3 y=119.1 same-region=true -> candidate=CENTER plan=1611 errors=1612/6
12:59:50 INFO  [Main] [Imix]: [ImixAI][ROLLBACK] no safe checkpoint yet; returned to x=0
12:59:50 INFO  [Main] [Imix]: [ImixAI][SEARCH] phase=LEARNED FAILURE -> SEARCHING ALTERNATIVE x=0.0 y=119.1 plan=1611 candidate=CENTER failures=1612 budget=6 checkpoint=0.0
12:59:50 WARN  [Main] [Imix]: [ImixAI][FAIL] x=1.3 y=121.2 same-region=true -> candidate=EARLY plan=1612 errors=1613/6
12:59:50 INFO  [Main] [Imix]: [ImixAI][ROLLBACK] no safe checkpoint yet; returned to x=0
12:59:50 INFO  [Main] [Imix]: [ImixAI][SEARCH] phase=LEARNED FAILURE -> SEARCHING ALTERNATIVE x=0.0 y=121.2 plan=1612 candidate=EARLY failures=1613 budget=6 checkpoint=0.0
12:59:50 WARN  [Main] [Imix]: [ImixAI][FAIL] x=1.3 y=123.4 same-region=true -> candidate=LATE plan=1613 errors=1614/6
12:59:50 INFO  [Main] [Imix]: [ImixAI][ROLLBACK] no safe checkpoint yet; returned to x=0
12:59:50 INFO  [Main] [Imix]: [ImixAI][SEARCH] phase=LEARNED FAILURE -> SEARCHING ALTERNATIVE x=0.0 y=123.4 plan=1613 candidate=LATE failures=1614 budget=6 checkpoint=0.0
12:59:50 WARN  [Main] [Imix]: [ImixAI][FAIL] x=1.3 y=125.5 same-region=true -> candidate=CENTER plan=1614 errors=1615/6
12:59:50 INFO  [Main] [Imix]: [ImixAI][ROLLBACK] no safe checkpoint yet; returned to x=0
12:59:50 INFO  [Main] [Imix]: [ImixAI][SEARCH] phase=LEARNED FAILURE -> SEARCHING ALTERNATIVE x=0.0 y=125.5 plan=1614 candidate=CENTER failures=1615 budget=6 checkpoint=0.0
12:59:50 WARN  [Main] [Imix]: [ImixAI][FAIL] x=1.3 y=127.5 same-region=true -> candidate=EARLY plan=1615 errors=1616/6
12:59:50 INFO  [Main] [Imix]: [ImixAI][ROLLBACK] no safe checkpoint yet; returned to x=0
12:59:50 INFO  [Main] [Imix]: [ImixAI][SEARCH] phase=LEARNED FAILURE -> SEARCHING ALTERNATIVE x=0.0 y=127.5 plan=1615 candidate=EARLY failures=1616 budget=6 checkpoint=0.0
12:59:50 WARN  [Main] [Imix]: [ImixAI][FAIL] x=1.3 y=129.5 same-region=true -> candidate=LATE plan=1616 errors=1617/6
12:59:50 INFO  [Main] [Imix]: [ImixAI][ROLLBACK] no safe checkpoint yet; returned to x=0
12:59:50 INFO  [Main] [Imix]: [ImixAI][SEARCH] phase=LEARNED FAILURE -> SEARCHING ALTERNATIVE x=0.0 y=129.5 plan=1616 candidate=LATE failures=1617 budget=6 checkpoint=0.0
12:59:50 WARN  [Main] [Imix]: [ImixAI][FAIL] x=1.3 y=131.4 same-region=true -> candidate=CENTER plan=1617 errors=1618/6
12:59:50 INFO  [Main] [Imix]: [ImixAI][ROLLBACK] no safe checkpoint yet; returned to x=0
12:59:50 INFO  [Main] [Imix]: [ImixAI][SEARCH] phase=LEARNED FAILURE -> SEARCHING ALTERNATIVE x=0.0 y=131.4 plan=1617 candidate=CENTER failures=1618 budget=6 checkpoint=0.0
12:59:50 WARN  [Main] [Imix]: [ImixAI][FAIL] x=1.3 y=133.3 same-region=true -> candidate=EARLY plan=1618 errors=1619/6
12:59:50 INFO  [Main] [Imix]: [ImixAI][ROLLBACK] no safe checkpoint yet; returned to x=0
12:59:50 INFO  [Main] [Imix]: [ImixAI][SEARCH] phase=LEARNED FAILURE -> SEARCHING ALTERNATIVE x=0.0 y=133.3 plan=1618 candidate=EARLY failures=1619 budget=6 checkpoint=0.0
12:59:50 WARN  [Main] [Imix]: [ImixAI][FAIL] x=1.3 y=135.1 same-region=true -> candidate=LATE plan=1619 errors=1620/6
12:59:50 INFO  [Main] [Imix]: [ImixAI][ROLLBACK] no safe checkpoint yet; returned to x=0
12:59:50 INFO  [Main] [Imix]: [ImixAI][SEARCH] phase=LEARNED FAILURE -> SEARCHING ALTERNATIVE x=0.0 y=135.1 plan=1619 candidate=LATE failures=1620 budget=6 checkpoint=0.0
12:59:50 WARN  [Main] [Imix]: [ImixAI][FAIL] x=1.3 y=136.9 same-region=true -> candidate=CENTER plan=1620 errors=1621/6
12:59:50 INFO  [Main] [Imix]: [ImixAI][ROLLBACK] no safe checkpoint yet; returned to x=0
12:59:50 INFO  [Main] [Imix]: [ImixAI][SEARCH] phase=LEARNED FAILURE -> SEARCHING ALTERNATIVE x=0.0 y=136.9 plan=1620 candidate=CENTER failures=1621 budget=6 checkpoint=0.0
12:59:50 WARN  [Main] [Imix]: [ImixAI][FAIL] x=1.3 y=138.6 same-region=true -> candidate=EARLY plan=1621 errors=1622/6
12:59:50 INFO  [Main] [Imix]: [ImixAI][ROLLBACK] no safe checkpoint yet; returned to x=0
12:59:50 INFO  [Main] [Imix]: [ImixAI][SEARCH] phase=LEARNED FAILURE -> SEARCHING ALTERNATIVE x=0.0 y=138.6 plan=1621 candidate=EARLY failures=1622 budget=6 checkpoint=0.0
12:59:50 WARN  [Main] [Imix]: [ImixAI][FAIL] x=1.3 y=140.3 same-region=true -> candidate=LATE plan=1622 errors=1623/6
12:59:50 INFO  [Main] [Imix]: [ImixAI][ROLLBACK] no safe checkpoint yet; returned to x=0
12:59:50 INFO  [Main] [Imix]: [ImixAI][SEARCH] phase=LEARNED FAILURE -> SEARCHING ALTERNATIVE x=0.0 y=140.3 plan=1622 candidate=LATE failures=1623 budget=6 checkpoint=0.0
12:59:50 WARN  [Main] [Imix]: [ImixAI][FAIL] x=1.3 y=142.0 same-region=true -> candidate=CENTER plan=1623 errors=1624/6
12:59:50 INFO  [Main] [Imix]: [ImixAI][ROLLBACK] no safe checkpoint yet; returned to x=0
12:59:50 INFO  [Main] [Imix]: [ImixAI][SEARCH] phase=LEARNED FAILURE -> SEARCHING ALTERNATIVE x=0.0 y=142.0 plan=1623 candidate=CENTER failures=1624 budget=6 checkpoint=0.0
12:59:50 WARN  [Main] [Imix]: [ImixAI][FAIL] x=1.3 y=143.6 same-region=true -> candidate=EARLY plan=1624 errors=1625/6
12:59:50 INFO  [Main] [Imix]: [ImixAI][ROLLBACK] no safe checkpoint yet; returned to x=0
12:59:50 INFO  [Main] [Imix]: [ImixAI][SEARCH] phase=LEARNED FAILURE -> SEARCHING ALTERNATIVE x=0.0 y=143.6 plan=1624 candidate=EARLY failures=1625 budget=6 checkpoint=0.0
12:59:50 WARN  [Main] [Imix]: [ImixAI][FAIL] x=1.3 y=145.1 same-region=true -> candidate=LATE plan=1625 errors=1626/6
12:59:50 INFO  [Main] [Imix]: [ImixAI][ROLLBACK] no safe checkpoint yet; returned to x=0
12:59:50 INFO  [Main] [Imix]: [ImixAI][SEARCH] phase=LEARNED FAILURE -> SEARCHING ALTERNATIVE x=0.0 y=145.1 plan=1625 candidate=LATE failures=1626 budget=6 checkpoint=0.0
12:59:50 WARN  [Main] [Imix]: [ImixAI][FAIL] x=1.3 y=146.6 same-region=true -> candidate=CENTER plan=1626 errors=1627/6
12:59:50 INFO  [Main] [Imix]: [ImixAI][ROLLBACK] no safe checkpoint yet; returned to x=0
12:59:50 INFO  [Main] [Imix]: [ImixAI][SEARCH] phase=LEARNED FAILURE -> SEARCHING ALTERNATIVE x=0.0 y=146.6 plan=1626 candidate=CENTER failures=1627 budget=6 checkpoint=0.0
12:59:50 WARN  [Main] [Imix]: [ImixAI][FAIL] x=1.3 y=148.0 same-region=true -> candidate=EARLY plan=1627 errors=1628/6
12:59:50 INFO  [Main] [Imix]: [ImixAI][ROLLBACK] no safe checkpoint yet; returned to x=0
12:59:50 INFO  [Main] [Imix]: [ImixAI][SEARCH] phase=LEARNED FAILURE -> SEARCHING ALTERNATIVE x=0.0 y=148.0 plan=1627 candidate=EARLY failures=1628 budget=6 checkpoint=0.0
12:59:50 WARN  [Main] [Imix]: [ImixAI][FAIL] x=1.3 y=149.4 same-region=true -> candidate=LATE plan=1628 errors=1629/6
12:59:50 INFO  [Main] [Imix]: [ImixAI][ROLLBACK] no safe checkpoint yet; returned to x=0
12:59:50 INFO  [Main] [Imix]: [ImixAI][SEARCH] phase=LEARNED FAILURE -> SEARCHING ALTERNATIVE x=0.0 y=149.4 plan=1628 candidate=LATE failures=1629 budget=6 checkpoint=0.0
12:59:50 WARN  [Main] [Imix]: [ImixAI][FAIL] x=1.3 y=150.8 same-region=true -> candidate=CENTER plan=1629 errors=1630/6
12:59:50 INFO  [Main] [Imix]: [ImixAI][ROLLBACK] no safe checkpoint yet; returned to x=0
12:59:50 INFO  [Main] [Imix]: [ImixAI][SEARCH] phase=LEARNED FAILURE -> SEARCHING ALTERNATIVE x=0.0 y=150.8 plan=1629 candidate=CENTER failures=1630 budget=6 checkpoint=0.0
12:59:50 WARN  [Main] [Imix]: [ImixAI][FAIL] x=1.3 y=152.1 same-region=true -> candidate=EARLY plan=1630 errors=1631/6
12:59:50 INFO  [Main] [Imix]: [ImixAI][ROLLBACK] no safe checkpoint yet; returned to x=0
12:59:50 INFO  [Main] [Imix]: [ImixAI][SEARCH] phase=LEARNED FAILURE -> SEARCHING ALTERNATIVE x=0.0 y=152.1 plan=1630 candidate=EARLY failures=1631 budget=6 checkpoint=0.0
12:59:50 WARN  [Main] [Imix]: [ImixAI][FAIL] x=1.3 y=153.3 same-region=true -> candidate=LATE plan=1631 errors=1632/6
12:59:50 INFO  [Main] [Imix]: [ImixAI][ROLLBACK] no safe checkpoint yet; returned to x=0
12:59:50 INFO  [Main] [Imix]: [ImixAI][SEARCH] phase=LEARNED FAILURE -> SEARCHING ALTERNATIVE x=0.0 y=153.3 plan=1631 candidate=LATE failures=1632 budget=6 checkpoint=0.0
12:59:50 WARN  [Main] [Imix]: [ImixAI][FAIL] x=1.3 y=154.5 same-region=true -> candidate=CENTER plan=1632 errors=1633/6
12:59:50 INFO  [Main] [Imix]: [ImixAI][ROLLBACK] no safe checkpoint yet; returned to x=0
12:59:50 INFO  [Main] [Imix]: [ImixAI][SEARCH] phase=LEARNED FAILURE -> SEARCHING ALTERNATIVE x=0.0 y=154.5 plan=1632 candidate=CENTER failures=1633 budget=6 checkpoint=0.0
12:59:50 WARN  [Main] [Imix]: [ImixAI][FAIL] x=1.3 y=155.7 same-region=true -> candidate=EARLY plan=1633 errors=1634/6
12:59:50 INFO  [Main] [Imix]: [ImixAI][ROLLBACK] no safe checkpoint yet; returned to x=0
12:59:50 INFO  [Main] [Imix]: [ImixAI][SEARCH] phase=LEARNED FAILURE -> SEARCHING ALTERNATIVE x=0.0 y=155.7 plan=1633 candidate=EARLY failures=1634 budget=6 checkpoint=0.0
12:59:50 WARN  [Main] [Imix]: [ImixAI][FAIL] x=1.3 y=156.8 same-region=true -> candidate=LATE plan=1634 errors=1635/6
12:59:50 INFO  [Main] [Imix]: [ImixAI][ROLLBACK] no safe checkpoint yet; returned to x=0
12:59:50 INFO  [Main] [Imix]: [ImixAI][SEARCH] phase=LEARNED FAILURE -> SEARCHING ALTERNATIVE x=0.0 y=156.8 plan=1634 candidate=LATE failures=1635 budget=6 checkpoint=0.0
12:59:50 WARN  [Main] [Imix]: [ImixAI][FAIL] x=1.3 y=157.9 same-region=true -> candidate=CENTER plan=1635 errors=1636/6
12:59:50 INFO  [Main] [Imix]: [ImixAI][ROLLBACK] no safe checkpoint yet; returned to x=0
12:59:50 INFO  [Main] [Imix]: [ImixAI][SEARCH] phase=LEARNED FAILURE -> SEARCHING ALTERNATIVE x=0.0 y=157.9 plan=1635 candidate=CENTER failures=1636 budget=6 checkpoint=0.0
12:59:50 WARN  [Main] [Imix]: [ImixAI][FAIL] x=1.3 y=158.9 same-region=true -> candidate=EARLY plan=1636 errors=1637/6
12:59:50 INFO  [Main] [Imix]: [ImixAI][ROLLBACK] no safe checkpoint yet; returned to x=0
12:59:50 INFO  [Main] [Imix]: [ImixAI][SEARCH] phase=LEARNED FAILURE -> SEARCHING ALTERNATIVE x=0.0 y=158.9 plan=1636 candidate=EARLY failures=1637 budget=6 checkpoint=0.0
12:59:50 WARN  [Main] [Imix]: [ImixAI][FAIL] x=1.3 y=159.8 same-region=true -> candidate=LATE plan=1637 errors=1638/6
12:59:50 INFO  [Main] [Imix]: [ImixAI][ROLLBACK] no safe checkpoint yet; returned to x=0
12:59:50 INFO  [Main] [Imix]: [ImixAI][SEARCH] phase=LEARNED FAILURE -> SEARCHING ALTERNATIVE x=0.0 y=159.8 plan=1637 candidate=LATE failures=1638 budget=6 checkpoint=0.0
12:59:50 WARN  [Main] [Imix]: [ImixAI][FAIL] x=1.3 y=160.7 same-region=true -> candidate=CENTER plan=1638 errors=1639/6
12:59:50 INFO  [Main] [Imix]: [ImixAI][ROLLBACK] no safe checkpoint yet; returned to x=0
12:59:50 INFO  [Main] [Imix]: [ImixAI][SEARCH] phase=LEARNED FAILURE -> SEARCHING ALTERNATIVE x=0.0 y=160.7 plan=1638 candidate=CENTER failures=1639 budget=6 checkpoint=0.0
12:59:50 WARN  [Main] [Imix]: [ImixAI][FAIL] x=1.3 y=161.6 same-region=true -> candidate=EARLY plan=1639 errors=1640/6
12:59:50 INFO  [Main] [Imix]: [ImixAI][ROLLBACK] no safe checkpoint yet; returned to x=0
12:59:50 INFO  [Main] [Imix]: [ImixAI][SEARCH] phase=LEARNED FAILURE -> SEARCHING ALTERNATIVE x=0.0 y=161.6 plan=1639 candidate=EARLY failures=1640 budget=6 checkpoint=0.0
12:59:50 WARN  [Main] [Imix]: [ImixAI][FAIL] x=1.3 y=162.4 same-region=true -> candidate=LATE plan=1640 errors=1641/6
12:59:50 INFO  [Main] [Imix]: [ImixAI][ROLLBACK] no safe checkpoint yet; returned to x=0
12:59:50 INFO  [Main] [Imix]: [ImixAI][SEARCH] phase=LEARNED FAILURE -> SEARCHING ALTERNATIVE x=0.0 y=162.4 plan=1640 candidate=LATE failures=1641 budget=6 checkpoint=0.0
12:59:50 WARN  [Main] [Imix]: [ImixAI][FAIL] x=1.3 y=163.2 same-region=true -> candidate=CENTER plan=1641 errors=1642/6
12:59:50 INFO  [Main] [Imix]: [ImixAI][ROLLBACK] no safe checkpoint yet; returned to x=0
12:59:50 INFO  [Main] [Imix]: [ImixAI][SEARCH] phase=LEARNED FAILURE -> SEARCHING ALTERNATIVE x=0.0 y=163.2 plan=1641 candidate=CENTER failures=1642 budget=6 checkpoint=0.0
12:59:50 WARN  [Main] [Imix]: [ImixAI][FAIL] x=1.3 y=163.9 same-region=true -> candidate=EARLY plan=1642 errors=1643/6
12:59:50 INFO  [Main] [Imix]: [ImixAI][ROLLBACK] no safe checkpoint yet; returned to x=0
12:59:50 INFO  [Main] [Imix]: [ImixAI][SEARCH] phase=LEARNED FAILURE -> SEARCHING ALTERNATIVE x=0.0 y=163.9 plan=1642 candidate=EARLY failures=1643 budget=6 checkpoint=0.0
12:59:50 WARN  [Main] [Imix]: [ImixAI][FAIL] x=1.3 y=164.6 same-region=true -> candidate=LATE plan=1643 errors=1644/6
12:59:50 INFO  [Main] [Imix]: [ImixAI][ROLLBACK] no safe checkpoint yet; returned to x=0
12:59:50 INFO  [Main] [Imix]: [ImixAI][SEARCH] phase=LEARNED FAILURE -> SEARCHING ALTERNATIVE x=0.0 y=164.6 plan=1643 candidate=LATE failures=1644 budget=6 checkpoint=0.0
12:59:50 WARN  [Main] [Imix]: [ImixAI][FAIL] x=1.3 y=165.2 same-region=true -> candidate=CENTER plan=1644 errors=1645/6
12:59:50 INFO  [Main] [Imix]: [ImixAI][ROLLBACK] no safe checkpoint yet; returned to x=0
12:59:50 INFO  [Main] [Imix]: [ImixAI][SEARCH] phase=LEARNED FAILURE -> SEARCHING ALTERNATIVE x=0.0 y=165.2 plan=1644 candidate=CENTER failures=1645 budget=6 checkpoint=0.0
12:59:50 WARN  [Main] [Imix]: [ImixAI][FAIL] x=1.3 y=165.8 same-region=true -> candidate=EARLY plan=1645 errors=1646/6
12:59:50 INFO  [Main] [Imix]: [ImixAI][ROLLBACK] no safe checkpoint yet; returned to x=0
12:59:50 INFO  [Main] [Imix]: [ImixAI][SEARCH] phase=LEARNED FAILURE -> SEARCHING ALTERNATIVE x=0.0 y=165.8 plan=1645 candidate=EARLY failures=1646 budget=6 checkpoint=0.0
12:59:50 WARN  [Main] [Imix]: [ImixAI][FAIL] x=1.3 y=166.3 same-region=true -> candidate=LATE plan=1646 errors=1647/6
12:59:50 INFO  [Main] [Imix]: [ImixAI][ROLLBACK] no safe checkpoint yet; returned to x=0
12:59:50 INFO  [Main] [Imix]: [ImixAI][SEARCH] phase=LEARNED FAILURE -> SEARCHING ALTERNATIVE x=0.0 y=166.3 plan=1646 candidate=LATE failures=1647 budget=6 checkpoint=0.0
12:59:50 WARN  [Main] [Imix]: [ImixAI][FAIL] x=1.3 y=166.8 same-region=true -> candidate=CENTER plan=1647 errors=1648/6
12:59:50 INFO  [Main] [Imix]: [ImixAI][ROLLBACK] no safe checkpoint yet; returned to x=0
12:59:50 INFO  [Main] [Imix]: [ImixAI][SEARCH] phase=LEARNED FAILURE -> SEARCHING ALTERNATIVE x=0.0 y=166.8 plan=1647 candidate=CENTER failures=1648 budget=6 checkpoint=0.0
12:59:50 WARN  [Main] [Imix]: [ImixAI][FAIL] x=1.3 y=167.2 same-region=true -> candidate=EARLY plan=1648 errors=1649/6
12:59:50 INFO  [Main] [Imix]: [ImixAI][ROLLBACK] no safe checkpoint yet; returned to x=0
12:59:50 INFO  [Main] [Imix]: [ImixAI][SEARCH] phase=LEARNED FAILURE -> SEARCHING ALTERNATIVE x=0.0 y=167.2 plan=1648 candidate=EARLY failures=1649 budget=6 checkpoint=0.0
12:59:50 WARN  [Main] [Imix]: [ImixAI][FAIL] x=1.3 y=167.6 same-region=true -> candidate=LATE plan=1649 errors=1650/6
12:59:50 INFO  [Main] [Imix]: [ImixAI][ROLLBACK] no safe checkpoint yet; returned to x=0
12:59:50 INFO  [Main] [Imix]: [ImixAI][SEARCH] phase=LEARNED FAILURE -> SEARCHING ALTERNATIVE x=0.0 y=167.6 plan=1649 candidate=LATE failures=1650 budget=6 checkpoint=0.0
12:59:50 WARN  [Main] [Imix]: [ImixAI][FAIL] x=1.3 y=167.9 same-region=true -> candidate=CENTER plan=1650 errors=1651/6
12:59:50 INFO  [Main] [Imix]: [ImixAI][ROLLBACK] no safe checkpoint yet; returned to x=0
12:59:50 INFO  [Main] [Imix]: [ImixAI][SEARCH] phase=LEARNED FAILURE -> SEARCHING ALTERNATIVE x=0.0 y=167.9 plan=1650 candidate=CENTER failures=1651 budget=6 checkpoint=0.0
12:59:50 WARN  [Main] [Imix]: [ImixAI][FAIL] x=1.3 y=168.2 same-region=true -> candidate=EARLY plan=1651 errors=1652/6
12:59:50 INFO  [Main] [Imix]: [ImixAI][ROLLBACK] no safe checkpoint yet; returned to x=0
12:59:50 INFO  [Main] [Imix]: [ImixAI][SEARCH] phase=LEARNED FAILURE -> SEARCHING ALTERNATIVE x=0.0 y=168.2 plan=1651 candidate=EARLY failures=1652 budget=6 checkpoint=0.0
12:59:50 WARN  [Main] [Imix]: [ImixAI][FAIL] x=1.3 y=168.4 same-region=true -> candidate=LATE plan=1652 errors=1653/6
12:59:50 INFO  [Main] [Imix]: [ImixAI][ROLLBACK] no safe checkpoint yet; returned to x=0
12:59:50 INFO  [Main] [Imix]: [ImixAI][SEARCH] phase=LEARNED FAILURE -> SEARCHING ALTERNATIVE x=0.0 y=168.4 plan=1652 candidate=LATE failures=1653 budget=6 checkpoint=0.0
12:59:50 WARN  [Main] [Imix]: [ImixAI][FAIL] x=1.3 y=168.6 same-region=true -> candidate=CENTER plan=1653 errors=1654/6
12:59:50 INFO  [Main] [Imix]: [ImixAI][ROLLBACK] no safe checkpoint yet; returned to x=0
12:59:50 INFO  [Main] [Imix]: [ImixAI][SEARCH] phase=LEARNED FAILURE -> SEARCHING ALTERNATIVE x=0.0 y=168.6 plan=1653 candidate=CENTER failures=1654 budget=6 checkpoint=0.0
12:59:50 WARN  [Main] [Imix]: [ImixAI][FAIL] x=1.3 y=168.7 same-region=true -> candidate=EARLY plan=1654 errors=1655/6
12:59:50 INFO  [Main] [Imix]: [ImixAI][ROLLBACK] no safe checkpoint yet; returned to x=0
12:59:50 INFO  [Main] [Imix]: [ImixAI][SEARCH] phase=LEARNED FAILURE -> SEARCHING ALTERNATIVE x=0.0 y=168.7 plan=1654 candidate=EARLY failures=1655 budget=6 checkpoint=0.0
12:59:50 WARN  [Main] [Imix]: [ImixAI][FAIL] x=1.3 y=168.8 same-region=true -> candidate=LATE plan=1655 errors=1656/6
12:59:50 INFO  [Main] [Imix]: [ImixAI][ROLLBACK] no safe checkpoint yet; returned to x=0
12:59:50 INFO  [Main] [Imix]: [ImixAI][SEARCH] phase=LEARNED FAILURE -> SEARCHING ALTERNATIVE x=0.0 y=168.8 plan=1655 candidate=LATE failures=1656 budget=6 checkpoint=0.0
12:59:50 WARN  [Main] [Imix]: [ImixAI][FAIL] x=1.3 y=168.8 same-region=true -> candidate=CENTER plan=1656 errors=1657/6
12:59:50 INFO  [Main] [Imix]: [ImixAI][ROLLBACK] no safe checkpoint yet; returned to x=0
12:59:50 INFO  [Main] [Imix]: [ImixAI][SEARCH] phase=LEARNED FAILURE -> SEARCHING ALTERNATIVE x=0.0 y=168.8 plan=1656 candidate=CENTER failures=1657 budget=6 checkpoint=0.0
12:59:50 WARN  [Main] [Imix]: [ImixAI][FAIL] x=1.3 y=168.8 same-region=true -> candidate=EARLY plan=1657 errors=1658/6
12:59:50 INFO  [Main] [Imix]: [ImixAI][ROLLBACK] no safe checkpoint yet; returned to x=0
12:59:50 INFO  [Main] [Imix]: [ImixAI][SEARCH] phase=LEARNED FAILURE -> SEARCHING ALTERNATIVE x=0.0 y=168.8 plan=1657 candidate=EARLY failures=1658 budget=6 checkpoint=0.0
12:59:50 WARN  [Main] [Imix]: [ImixAI][FAIL] x=1.3 y=168.8 same-region=true -> candidate=LATE plan=1658 errors=1659/6
12:59:50 INFO  [Main] [Imix]: [ImixAI][ROLLBACK] no safe checkpoint yet; returned to x=0
12:59:50 INFO  [Main] [Imix]: [ImixAI][SEARCH] phase=LEARNED FAILURE -> SEARCHING ALTERNATIVE x=0.0 y=168.8 plan=1658 candidate=LATE failures=1659 budget=6 checkpoint=0.0
12:59:50 WARN  [Main] [Imix]: [ImixAI][FAIL] x=1.3 y=168.7 same-region=true -> candidate=CENTER plan=1659 errors=1660/6
12:59:50 INFO  [Main] [Imix]: [ImixAI][ROLLBACK] no safe checkpoint yet; returned to x=0
12:59:50 INFO  [Main] [Imix]: [ImixAI][SEARCH] phase=LEARNED FAILURE -> SEARCHING ALTERNATIVE x=0.0 y=168.7 plan=1659 candidate=CENTER failures=1660 budget=6 checkpoint=0.0
12:59:50 WARN  [Main] [Imix]: [ImixAI][FAIL] x=1.3 y=168.5 same-region=true -> candidate=EARLY plan=1660 errors=1661/6
12:59:50 INFO  [Main] [Imix]: [ImixAI][ROLLBACK] no safe checkpoint yet; returned to x=0
12:59:50 INFO  [Main] [Imix]: [ImixAI][SEARCH] phase=LEARNED FAILURE -> SEARCHING ALTERNATIVE x=0.0 y=168.5 plan=1660 candidate=EARLY failures=1661 budget=6 checkpoint=0.0
12:59:50 WARN  [Main] [Imix]: [ImixAI][FAIL] x=1.3 y=168.3 same-region=true -> candidate=LATE plan=1661 errors=1662/6
12:59:50 INFO  [Main] [Imix]: [ImixAI][ROLLBACK] no safe checkpoint yet; returned to x=0
12:59:50 INFO  [Main] [Imix]: [ImixAI][SEARCH] phase=LEARNED FAILURE -> SEARCHING ALTERNATIVE x=0.0 y=168.3 plan=1661 candidate=LATE failures=1662 budget=6 checkpoint=0.0
12:59:50 WARN  [Main] [Imix]: [ImixAI][FAIL] x=1.3 y=168.0 same-region=true -> candidate=CENTER plan=1662 errors=1663/6
12:59:50 INFO  [Main] [Imix]: [ImixAI][ROLLBACK] no safe checkpoint yet; returned to x=0
12:59:50 INFO  [Main] [Imix]: [ImixAI][SEARCH] phase=LEARNED FAILURE -> SEARCHING ALTERNATIVE x=0.0 y=168.0 plan=1662 candidate=CENTER failures=1663 budget=6 checkpoint=0.0
12:59:50 WARN  [Main] [Imix]: [ImixAI][FAIL] x=1.3 y=167.7 same-region=true -> candidate=EARLY plan=1663 errors=1664/6
12:59:50 INFO  [Main] [Imix]: [ImixAI][ROLLBACK] no safe checkpoint yet; returned to x=0
12:59:50 INFO  [Main] [Imix]: [ImixAI][SEARCH] phase=LEARNED FAILURE -> SEARCHING ALTERNATIVE x=0.0 y=167.7 plan=1663 candidate=EARLY failures=1664 budget=6 checkpoint=0.0
12:59:50 WARN  [Main] [Imix]: [ImixAI][FAIL] x=1.3 y=167.4 same-region=true -> candidate=LATE plan=1664 errors=1665/6
12:59:50 INFO  [Main] [Imix]: [ImixAI][ROLLBACK] no safe checkpoint yet; returned to x=0
12:59:50 INFO  [Main] [Imix]: [ImixAI][SEARCH] phase=LEARNED FAILURE -> SEARCHING ALTERNATIVE x=0.0 y=167.4 plan=1664 candidate=LATE failures=1665 budget=6 checkpoint=0.0
12:59:50 WARN  [Main] [Imix]: [ImixAI][FAIL] x=1.3 y=167.0 same-region=true -> candidate=CENTER plan=1665 errors=1666/6
12:59:50 INFO  [Main] [Imix]: [ImixAI][ROLLBACK] no safe checkpoint yet; returned to x=0
12:59:50 INFO  [Main] [Imix]: [ImixAI][SEARCH] phase=LEARNED FAILURE -> SEARCHING ALTERNATIVE x=0.0 y=167.0 plan=1665 candidate=CENTER failures=1666 budget=6 checkpoint=0.0
12:59:50 WARN  [Main] [Imix]: [ImixAI][FAIL] x=1.3 y=166.5 same-region=true -> candidate=EARLY plan=1666 errors=1667/6
12:59:50 INFO  [Main] [Imix]: [ImixAI][ROLLBACK] no safe checkpoint yet; returned to x=0
12:59:50 INFO  [Main] [Imix]: [ImixAI][SEARCH] phase=LEARNED FAILURE -> SEARCHING ALTERNATIVE x=0.0 y=166.5 plan=1666 candidate=EARLY failures=1667 budget=6 checkpoint=0.0
12:59:50 WARN  [Main] [Imix]: [ImixAI][FAIL] x=1.3 y=166.0 same-region=true -> candidate=LATE plan=1667 errors=1668/6
12:59:50 INFO  [Main] [Imix]: [ImixAI][ROLLBACK] no safe checkpoint yet; returned to x=0
12:59:50 INFO  [Main] [Imix]: [ImixAI][SEARCH] phase=LEARNED FAILURE -> SEARCHING ALTERNATIVE x=0.0 y=166.0 plan=1667 candidate=LATE failures=1668 budget=6 checkpoint=0.0
12:59:50 WARN  [Main] [Imix]: [ImixAI][FAIL] x=1.3 y=165.5 same-region=true -> candidate=CENTER plan=1668 errors=1669/6
12:59:50 INFO  [Main] [Imix]: [ImixAI][ROLLBACK] no safe checkpoint yet; returned to x=0
12:59:50 INFO  [Main] [Imix]: [ImixAI][SEARCH] phase=LEARNED FAILURE -> SEARCHING ALTERNATIVE x=0.0 y=165.5 plan=1668 candidate=CENTER failures=1669 budget=6 checkpoint=0.0
12:59:50 WARN  [Main] [Imix]: [ImixAI][FAIL] x=1.3 y=164.9 same-region=true -> candidate=EARLY plan=1669 errors=1670/6
12:59:50 INFO  [Main] [Imix]: [ImixAI][ROLLBACK] no safe checkpoint yet; returned to x=0
12:59:50 INFO  [Main] [Imix]: [ImixAI][SEARCH] phase=LEARNED FAILURE -> SEARCHING ALTERNATIVE x=0.0 y=164.9 plan=1669 candidate=EARLY failures=1670 budget=6 checkpoint=0.0
12:59:50 WARN  [Main] [Imix]: [ImixAI][FAIL] x=1.3 y=164.3 same-region=true -> candidate=LATE plan=1670 errors=1671/6
12:59:50 INFO  [Main] [Imix]: [ImixAI][ROLLBACK] no safe checkpoint yet; returned to x=0
12:59:50 INFO  [Main] [Imix]: [ImixAI][SEARCH] phase=LEARNED FAILURE -> SEARCHING ALTERNATIVE x=0.0 y=164.3 plan=1670 candidate=LATE failures=1671 budget=6 checkpoint=0.0
12:59:50 WARN  [Main] [Imix]: [ImixAI][FAIL] x=1.3 y=163.6 same-region=true -> candidate=CENTER plan=1671 errors=1672/6
12:59:50 INFO  [Main] [Imix]: [ImixAI][ROLLBACK] no safe checkpoint yet; returned to x=0
12:59:50 INFO  [Main] [Imix]: [ImixAI][SEARCH] phase=LEARNED FAILURE -> SEARCHING ALTERNATIVE x=0.0 y=163.6 plan=1671 candidate=CENTER failures=1672 budget=6 checkpoint=0.0
12:59:50 WARN  [Main] [Imix]: [ImixAI][FAIL] x=1.3 y=162.8 same-region=true -> candidate=EARLY plan=1672 errors=1673/6
12:59:50 INFO  [Main] [Imix]: [ImixAI][ROLLBACK] no safe checkpoint yet; returned to x=0
12:59:50 INFO  [Main] [Imix]: [ImixAI][SEARCH] phase=LEARNED FAILURE -> SEARCHING ALTERNATIVE x=0.0 y=162.8 plan=1672 candidate=EARLY failures=1673 budget=6 checkpoint=0.0
12:59:50 WARN  [Main] [Imix]: [ImixAI][FAIL] x=1.3 y=162.0 same-region=true -> candidate=LATE plan=1673 errors=1674/6
12:59:50 INFO  [Main] [Imix]: [ImixAI][ROLLBACK] no safe checkpoint yet; returned to x=0
12:59:50 INFO  [Main] [Imix]: [ImixAI][SEARCH] phase=LEARNED FAILURE -> SEARCHING ALTERNATIVE x=0.0 y=162.0 plan=1673 candidate=LATE failures=1674 budget=6 checkpoint=0.0
12:59:50 WARN  [Main] [Imix]: [ImixAI][FAIL] x=1.3 y=161.2 same-region=true -> candidate=CENTER plan=1674 errors=1675/6
12:59:50 INFO  [Main] [Imix]: [ImixAI][ROLLBACK] no safe checkpoint yet; returned to x=0
12:59:50 INFO  [Main] [Imix]: [ImixAI][SEARCH] phase=LEARNED FAILURE -> SEARCHING ALTERNATIVE x=0.0 y=161.2 plan=1674 candidate=CENTER failures=1675 budget=6 checkpoint=0.0
12:59:50 WARN  [Main] [Imix]: [ImixAI][FAIL] x=1.3 y=160.3 same-region=true -> candidate=EARLY plan=1675 errors=1676/6
12:59:50 INFO  [Main] [Imix]: [ImixAI][ROLLBACK] no safe checkpoint yet; returned to x=0
12:59:50 INFO  [Main] [Imix]: [ImixAI][SEARCH] phase=LEARNED FAILURE -> SEARCHING ALTERNATIVE x=0.0 y=160.3 plan=1675 candidate=EARLY failures=1676 budget=6 checkpoint=0.0
12:59:50 WARN  [Main] [Imix]: [ImixAI][FAIL] x=1.3 y=159.4 same-region=true -> candidate=LATE plan=1676 errors=1677/6
12:59:50 INFO  [Main] [Imix]: [ImixAI][ROLLBACK] no safe checkpoint yet; returned to x=0
12:59:50 INFO  [Main] [Imix]: [ImixAI][SEARCH] phase=LEARNED FAILURE -> SEARCHING ALTERNATIVE x=0.0 y=159.4 plan=1676 candidate=LATE failures=1677 budget=6 checkpoint=0.0
12:59:50 WARN  [Main] [Imix]: [ImixAI][FAIL] x=1.3 y=158.4 same-region=true -> candidate=CENTER plan=1677 errors=1678/6
12:59:50 INFO  [Main] [Imix]: [ImixAI][ROLLBACK] no safe checkpoint yet; returned to x=0
12:59:50 INFO  [Main] [Imix]: [ImixAI][SEARCH] phase=LEARNED FAILURE -> SEARCHING ALTERNATIVE x=0.0 y=158.4 plan=1677 candidate=CENTER failures=1678 budget=6 checkpoint=0.0
12:59:50 WARN  [Main] [Imix]: [ImixAI][FAIL] x=1.3 y=157.4 same-region=true -> candidate=EARLY plan=1678 errors=1679/6
12:59:50 INFO  [Main] [Imix]: [ImixAI][ROLLBACK] no safe checkpoint yet; returned to x=0
12:59:50 INFO  [Main] [Imix]: [ImixAI][SEARCH] phase=LEARNED FAILURE -> SEARCHING ALTERNATIVE x=0.0 y=157.4 plan=1678 candidate=EARLY failures=1679 budget=6 checkpoint=0.0
12:59:50 WARN  [Main] [Imix]: [ImixAI][FAIL] x=1.3 y=156.3 same-region=true -> candidate=LATE plan=1679 errors=1680/6
12:59:50 INFO  [Main] [Imix]: [ImixAI][ROLLBACK] no safe checkpoint yet; returned to x=0
12:59:50 INFO  [Main] [Imix]: [ImixAI][SEARCH] phase=LEARNED FAILURE -> SEARCHING ALTERNATIVE x=0.0 y=156.3 plan=1679 candidate=LATE failures=1680 budget=6 checkpoint=0.0
12:59:50 WARN  [Main] [Imix]: [ImixAI][FAIL] x=1.3 y=155.2 same-region=true -> candidate=CENTER plan=1680 errors=1681/6
12:59:50 INFO  [Main] [Imix]: [ImixAI][ROLLBACK] no safe checkpoint yet; returned to x=0
12:59:50 INFO  [Main] [Imix]: [ImixAI][SEARCH] phase=LEARNED FAILURE -> SEARCHING ALTERNATIVE x=0.0 y=155.2 plan=1680 candidate=CENTER failures=1681 budget=6 checkpoint=0.0
12:59:50 WARN  [Main] [Imix]: [ImixAI][FAIL] x=1.3 y=154.0 same-region=true -> candidate=EARLY plan=1681 errors=1682/6
12:59:50 INFO  [Main] [Imix]: [ImixAI][ROLLBACK] no safe checkpoint yet; returned to x=0
12:59:50 INFO  [Main] [Imix]: [ImixAI][SEARCH] phase=LEARNED FAILURE -> SEARCHING ALTERNATIVE x=0.0 y=154.0 plan=1681 candidate=EARLY failures=1682 budget=6 checkpoint=0.0
12:59:50 WARN  [Main] [Imix]: [ImixAI][FAIL] x=1.3 y=152.7 same-region=true -> candidate=LATE plan=1682 errors=1683/6
12:59:50 INFO  [Main] [Imix]: [ImixAI][ROLLBACK] no safe checkpoint yet; returned to x=0
12:59:50 INFO  [Main] [Imix]: [ImixAI][SEARCH] phase=LEARNED FAILURE -> SEARCHING ALTERNATIVE x=0.0 y=152.7 plan=1682 candidate=LATE failures=1683 budget=6 checkpoint=0.0
12:59:50 WARN  [Main] [Imix]: [ImixAI][FAIL] x=1.3 y=151.5 same-region=true -> candidate=CENTER plan=1683 errors=1684/6
12:59:50 INFO  [Main] [Imix]: [ImixAI][ROLLBACK] no safe checkpoint yet; returned to x=0
12:59:50 INFO  [Main] [Imix]: [ImixAI][SEARCH] phase=LEARNED FAILURE -> SEARCHING ALTERNATIVE x=0.0 y=151.5 plan=1683 candidate=CENTER failures=1684 budget=6 checkpoint=0.0
12:59:50 WARN  [Main] [Imix]: [ImixAI][FAIL] x=1.3 y=150.1 same-region=true -> candidate=EARLY plan=1684 errors=1685/6
12:59:50 INFO  [Main] [Imix]: [ImixAI][ROLLBACK] no safe checkpoint yet; returned to x=0
12:59:50 INFO  [Main] [Imix]: [ImixAI][SEARCH] phase=LEARNED FAILURE -> SEARCHING ALTERNATIVE x=0.0 y=150.1 plan=1684 candidate=EARLY failures=1685 budget=6 checkpoint=0.0
12:59:50 WARN  [Main] [Imix]: [ImixAI][FAIL] x=1.3 y=148.8 same-region=true -> candidate=LATE plan=1685 errors=1686/6
12:59:50 INFO  [Main] [Imix]: [ImixAI][ROLLBACK] no safe checkpoint yet; returned to x=0
12:59:50 INFO  [Main] [Imix]: [ImixAI][SEARCH] phase=LEARNED FAILURE -> SEARCHING ALTERNATIVE x=0.0 y=148.8 plan=1685 candidate=LATE failures=1686 budget=6 checkpoint=0.0
12:59:50 WARN  [Main] [Imix]: [ImixAI][FAIL] x=1.3 y=147.4 same-region=true -> candidate=CENTER plan=1686 errors=1687/6
12:59:50 INFO  [Main] [Imix]: [ImixAI][ROLLBACK] no safe checkpoint yet; returned to x=0
12:59:50 INFO  [Main] [Imix]: [ImixAI][SEARCH] phase=LEARNED FAILURE -> SEARCHING ALTERNATIVE x=0.0 y=147.4 plan=1686 candidate=CENTER failures=1687 budget=6 checkpoint=0.0
12:59:50 WARN  [Main] [Imix]: [ImixAI][FAIL] x=1.3 y=145.9 same-region=true -> candidate=EARLY plan=1687 errors=1688/6
12:59:50 INFO  [Main] [Imix]: [ImixAI][ROLLBACK] no safe checkpoint yet; returned to x=0
12:59:50 INFO  [Main] [Imix]: [ImixAI][SEARCH] phase=LEARNED FAILURE -> SEARCHING ALTERNATIVE x=0.0 y=145.9 plan=1687 candidate=EARLY failures=1688 budget=6 checkpoint=0.0
12:59:50 WARN  [Main] [Imix]: [ImixAI][FAIL] x=1.3 y=144.4 same-region=true -> candidate=LATE plan=1688 errors=1689/6
12:59:50 INFO  [Main] [Imix]: [ImixAI][ROLLBACK] no safe checkpoint yet; returned to x=0
12:59:50 INFO  [Main] [Imix]: [ImixAI][SEARCH] phase=LEARNED FAILURE -> SEARCHING ALTERNATIVE x=0.0 y=144.4 plan=1688 candidate=LATE failures=1689 budget=6 checkpoint=0.0
12:59:50 WARN  [Main] [Imix]: [ImixAI][FAIL] x=1.3 y=142.8 same-region=true -> candidate=CENTER plan=1689 errors=1690/6
12:59:50 INFO  [Main] [Imix]: [ImixAI][ROLLBACK] no safe checkpoint yet; returned to x=0
12:59:50 INFO  [Main] [Imix]: [ImixAI][SEARCH] phase=LEARNED FAILURE -> SEARCHING ALTERNATIVE x=0.0 y=142.8 plan=1689 candidate=CENTER failures=1690 budget=6 checkpoint=0.0
12:59:50 WARN  [Main] [Imix]: [ImixAI][FAIL] x=1.3 y=141.2 same-region=true -> candidate=EARLY plan=1690 errors=1691/6
12:59:50 INFO  [Main] [Imix]: [ImixAI][ROLLBACK] no safe checkpoint yet; returned to x=0
12:59:50 INFO  [Main] [Imix]: [ImixAI][SEARCH] phase=LEARNED FAILURE -> SEARCHING ALTERNATIVE x=0.0 y=141.2 plan=1690 candidate=EARLY failures=1691 budget=6 checkpoint=0.0
12:59:50 WARN  [Main] [Imix]: [ImixAI][FAIL] x=1.3 y=139.5 same-region=true -> candidate=LATE plan=1691 errors=1692/6
12:59:50 INFO  [Main] [Imix]: [ImixAI][ROLLBACK] no safe checkpoint yet; returned to x=0
12:59:50 INFO  [Main] [Imix]: [ImixAI][SEARCH] phase=LEARNED FAILURE -> SEARCHING ALTERNATIVE x=0.0 y=139.5 plan=1691 candidate=LATE failures=1692 budget=6 checkpoint=0.0
12:59:50 WARN  [Main] [Imix]: [ImixAI][FAIL] x=1.3 y=137.8 same-region=true -> candidate=CENTER plan=1692 errors=1693/6
12:59:50 INFO  [Main] [Imix]: [ImixAI][ROLLBACK] no safe checkpoint yet; returned to x=0
12:59:50 INFO  [Main] [Imix]: [ImixAI][SEARCH] phase=LEARNED FAILURE -> SEARCHING ALTERNATIVE x=0.0 y=137.8 plan=1692 candidate=CENTER failures=1693 budget=6 checkpoint=0.0
12:59:50 WARN  [Main] [Imix]: [ImixAI][FAIL] x=1.3 y=136.0 same-region=true -> candidate=EARLY plan=1693 errors=1694/6
12:59:50 INFO  [Main] [Imix]: [ImixAI][ROLLBACK] no safe checkpoint yet; returned to x=0
12:59:50 INFO  [Main] [Imix]: [ImixAI][SEARCH] phase=LEARNED FAILURE -> SEARCHING ALTERNATIVE x=0.0 y=136.0 plan=1693 candidate=EARLY failures=1694 budget=6 checkpoint=0.0
12:59:50 WARN  [Main] [Imix]: [ImixAI][FAIL] x=1.3 y=134.2 same-region=true -> candidate=LATE plan=1694 errors=1695/6
12:59:50 INFO  [Main] [Imix]: [ImixAI][ROLLBACK] no safe checkpoint yet; returned to x=0
12:59:50 INFO  [Main] [Imix]: [ImixAI][SEARCH] phase=LEARNED FAILURE -> SEARCHING ALTERNATIVE x=0.0 y=134.2 plan=1694 candidate=LATE failures=1695 budget=6 checkpoint=0.0
12:59:50 WARN  [Main] [Imix]: [ImixAI][FAIL] x=1.3 y=132.4 same-region=true -> candidate=CENTER plan=1695 errors=1696/6
12:59:50 INFO  [Main] [Imix]: [ImixAI][ROLLBACK] no safe checkpoint yet; returned to x=0
12:59:50 INFO  [Main] [Imix]: [ImixAI][SEARCH] phase=LEARNED FAILURE -> SEARCHING ALTERNATIVE x=0.0 y=132.4 plan=1695 candidate=CENTER failures=1696 budget=6 checkpoint=0.0
12:59:50 WARN  [Main] [Imix]: [ImixAI][FAIL] x=1.3 y=130.5 same-region=true -> candidate=EARLY plan=1696 errors=1697/6
12:59:50 INFO  [Main] [Imix]: [ImixAI][ROLLBACK] no safe checkpoint yet; returned to x=0
12:59:50 INFO  [Main] [Imix]: [ImixAI][SEARCH] phase=LEARNED FAILURE -> SEARCHING ALTERNATIVE x=0.0 y=130.5 plan=1696 candidate=EARLY failures=1697 budget=6 checkpoint=0.0
12:59:50 WARN  [Main] [Imix]: [ImixAI][FAIL] x=1.3 y=128.5 same-region=true -> candidate=LATE plan=1697 errors=1698/6
12:59:50 INFO  [Main] [Imix]: [ImixAI][ROLLBACK] no safe checkpoint yet; returned to x=0
12:59:50 INFO  [Main] [Imix]: [ImixAI][SEARCH] phase=LEARNED FAILURE -> SEARCHING ALTERNATIVE x=0.0 y=128.5 plan=1697 candidate=LATE failures=1698 budget=6 checkpoint=0.0
12:59:50 WARN  [Main] [Imix]: [ImixAI][FAIL] x=1.3 y=126.5 same-region=true -> candidate=CENTER plan=1698 errors=1699/6
12:59:50 INFO  [Main] [Imix]: [ImixAI][ROLLBACK] no safe checkpoint yet; returned to x=0
12:59:50 INFO  [Main] [Imix]: [ImixAI][SEARCH] phase=LEARNED FAILURE -> SEARCHING ALTERNATIVE x=0.0 y=126.5 plan=1698 candidate=CENTER failures=1699 budget=6 checkpoint=0.0
12:59:50 WARN  [Main] [Imix]: [ImixAI][FAIL] x=1.3 y=124.5 same-region=true -> candidate=EARLY plan=1699 errors=1700/6
12:59:50 INFO  [Main] [Imix]: [ImixAI][ROLLBACK] no safe checkpoint yet; returned to x=0
12:59:50 INFO  [Main] [Imix]: [ImixAI][SEARCH] phase=LEARNED FAILURE -> SEARCHING ALTERNATIVE x=0.0 y=124.5 plan=1699 candidate=EARLY failures=1700 budget=6 checkpoint=0.0
12:59:50 WARN  [Main] [Imix]: [ImixAI][FAIL] x=1.3 y=122.4 same-region=true -> candidate=LATE plan=1700 errors=1701/6
12:59:50 INFO  [Main] [Imix]: [ImixAI][ROLLBACK] no safe checkpoint yet; returned to x=0
12:59:50 INFO  [Main] [Imix]: [ImixAI][SEARCH] phase=LEARNED FAILURE -> SEARCHING ALTERNATIVE x=0.0 y=122.4 plan=1700 candidate=LATE failures=1701 budget=6 checkpoint=0.0
12:59:50 WARN  [Main] [Imix]: [ImixAI][FAIL] x=1.3 y=120.2 same-region=true -> candidate=CENTER plan=1701 errors=1702/6
12:59:50 INFO  [Main] [Imix]: [ImixAI][ROLLBACK] no safe checkpoint yet; returned to x=0
12:59:50 INFO  [Main] [Imix]: [ImixAI][SEARCH] phase=LEARNED FAILURE -> SEARCHING ALTERNATIVE x=0.0 y=120.2 plan=1701 candidate=CENTER failures=1702 budget=6 checkpoint=0.0
12:59:50 WARN  [Main] [Imix]: [ImixAI][FAIL] x=1.3 y=118.0 same-region=true -> candidate=EARLY plan=1702 errors=1703/6
12:59:50 INFO  [Main] [Imix]: [ImixAI][ROLLBACK] no safe checkpoint yet; returned to x=0
12:59:50 INFO  [Main] [Imix]: [ImixAI][SEARCH] phase=LEARNED FAILURE -> SEARCHING ALTERNATIVE x=0.0 y=118.0 plan=1702 candidate=EARLY failures=1703 budget=6 checkpoint=0.0
12:59:50 WARN  [Main] [Imix]: [ImixAI][FAIL] x=1.3 y=115.8 same-region=true -> candidate=LATE plan=1703 errors=1704/6
12:59:50 INFO  [Main] [Imix]: [ImixAI][ROLLBACK] no safe checkpoint yet; returned to x=0
12:59:50 INFO  [Main] [Imix]: [ImixAI][SEARCH] phase=LEARNED FAILURE -> SEARCHING ALTERNATIVE x=0.0 y=115.8 plan=1703 candidate=LATE failures=1704 budget=6 checkpoint=0.0
12:59:50 WARN  [Main] [Imix]: [ImixAI][FAIL] x=1.3 y=113.5 same-region=true -> candidate=CENTER plan=1704 errors=1705/6
12:59:50 INFO  [Main] [Imix]: [ImixAI][ROLLBACK] no safe checkpoint yet; returned to x=0
12:59:50 INFO  [Main] [Imix]: [ImixAI][SEARCH] phase=LEARNED FAILURE -> SEARCHING ALTERNATIVE x=0.0 y=113.5 plan=1704 candidate=CENTER failures=1705 budget=6 checkpoint=0.0
12:59:50 WARN  [Main] [Imix]: [ImixAI][FAIL] x=1.3 y=111.1 same-region=true -> candidate=EARLY plan=1705 errors=1706/6
12:59:50 INFO  [Main] [Imix]: [ImixAI][ROLLBACK] no safe checkpoint yet; returned to x=0
12:59:50 INFO  [Main] [Imix]: [ImixAI][SEARCH] phase=LEARNED FAILURE -> SEARCHING ALTERNATIVE x=0.0 y=111.1 plan=1705 candidate=EARLY failures=1706 budget=6 checkpoint=0.0
12:59:50 WARN  [Main] [Imix]: [ImixAI][FAIL] x=1.3 y=108.7 same-region=true -> candidate=LATE plan=1706 errors=1707/6
12:59:50 INFO  [Main] [Imix]: [ImixAI][ROLLBACK] no safe checkpoint yet; returned to x=0
12:59:50 INFO  [Main] [Imix]: [ImixAI][SEARCH] phase=LEARNED FAILURE -> SEARCHING ALTERNATIVE x=0.0 y=108.7 plan=1706 candidate=LATE failures=1707 budget=6 checkpoint=0.0
12:59:50 WARN  [Main] [Imix]: [ImixAI][FAIL] x=1.3 y=106.3 same-region=true -> candidate=CENTER plan=1707 errors=1708/6
12:59:50 INFO  [Main] [Imix]: [ImixAI][ROLLBACK] no safe checkpoint yet; returned to x=0
12:59:50 INFO  [Main] [Imix]: [ImixAI][SEARCH] phase=LEARNED FAILURE -> SEARCHING ALTERNATIVE x=0.0 y=106.3 plan=1707 candidate=CENTER failures=1708 budget=6 checkpoint=0.0
12:59:50 WARN  [Main] [Imix]: [ImixAI][FAIL] x=1.3 y=105.0 same-region=true -> candidate=EARLY plan=1708 errors=1709/6
12:59:50 INFO  [Main] [Imix]: [ImixAI][ROLLBACK] no safe checkpoint yet; returned to x=0
12:59:50 INFO  [Main] [Imix]: [ImixAI][SEARCH] phase=LEARNED FAILURE -> SEARCHING ALTERNATIVE x=0.0 y=105.0 plan=1708 candidate=EARLY failures=1709 budget=6 checkpoint=0.0
12:59:50 WARN  [Main] [Imix]: [ImixAI][FAIL] x=1.3 y=105.0 same-region=true -> candidate=LATE plan=1709 errors=1710/6
12:59:50 INFO  [Main] [Imix]: [ImixAI][ROLLBACK] no safe checkpoint yet; returned to x=0
12:59:50 INFO  [Main] [Imix]: [ImixAI][SEARCH] phase=LEARNED FAILURE -> SEARCHING ALTERNATIVE x=0.0 y=105.0 plan=1709 candidate=LATE failures=1710 budget=6 checkpoint=0.0
12:59:50 WARN  [Main] [Imix]: [ImixAI][FAIL] x=1.3 y=105.0 same-region=true -> candidate=CENTER plan=1710 errors=1711/6
12:59:50 INFO  [Main] [Imix]: [ImixAI][ROLLBACK] no safe checkpoint yet; returned to x=0
12:59:50 INFO  [Main] [Imix]: [ImixAI][SEARCH] phase=LEARNED FAILURE -> SEARCHING ALTERNATIVE x=0.0 y=105.0 plan=1710 candidate=CENTER failures=1711 budget=6 checkpoint=0.0
12:59:50 WARN  [Main] [Imix]: [ImixAI][FAIL] x=1.3 y=105.0 same-region=true -> candidate=EARLY plan=1711 errors=1712/6
12:59:50 INFO  [Main] [Imix]: [ImixAI][ROLLBACK] no safe checkpoint yet; returned to x=0
12:59:50 INFO  [Main] [Imix]: [ImixAI][SEARCH] phase=LEARNED FAILURE -> SEARCHING ALTERNATIVE x=0.0 y=105.0 plan=1711 candidate=EARLY failures=1712 budget=6 checkpoint=0.0
12:59:50 WARN  [Main] [Imix]: [ImixAI][FAIL] x=1.3 y=105.0 same-region=true -> candidate=LATE plan=1712 errors=1713/6
12:59:50 INFO  [Main] [Imix]: [ImixAI][ROLLBACK] no safe checkpoint yet; returned to x=0
12:59:50 INFO  [Main] [Imix]: [ImixAI][SEARCH] phase=LEARNED FAILURE -> SEARCHING ALTERNATIVE x=0.0 y=105.0 plan=1712 candidate=LATE failures=1713 budget=6 checkpoint=0.0
12:59:50 WARN  [Main] [Imix]: [ImixAI][FAIL] x=1.3 y=105.0 same-region=true -> candidate=CENTER plan=1713 errors=1714/6
12:59:50 INFO  [Main] [Imix]: [ImixAI][ROLLBACK] no safe checkpoint yet; returned to x=0
12:59:50 INFO  [Main] [Imix]: [ImixAI][SEARCH] phase=LEARNED FAILURE -> SEARCHING ALTERNATIVE x=0.0 y=105.0 plan=1713 candidate=CENTER failures=1714 budget=6 checkpoint=0.0
12:59:50 WARN  [Main] [Imix]: [ImixAI][FAIL] x=1.3 y=105.0 same-region=true -> candidate=EARLY plan=1714 errors=1715/6
12:59:50 INFO  [Main] [Imix]: [ImixAI][ROLLBACK] no safe checkpoint yet; returned to x=0
12:59:50 INFO  [Main] [Imix]: [ImixAI][SEARCH] phase=LEARNED FAILURE -> SEARCHING ALTERNATIVE x=0.0 y=105.0 plan=1714 candidate=EARLY failures=1715 budget=6 checkpoint=0.0
12:59:50 WARN  [Main] [Imix]: [ImixAI][FAIL] x=1.3 y=105.0 same-region=true -> candidate=LATE plan=1715 errors=1716/6
12:59:50 INFO  [Main] [Imix]: [ImixAI][ROLLBACK] no safe checkpoint yet; returned to x=0
12:59:50 INFO  [Main] [Imix]: [ImixAI][SEARCH] phase=LEARNED FAILURE -> SEARCHING ALTERNATIVE x=0.0 y=105.0 plan=1715 candidate=LATE failures=1716 budget=6 checkpoint=0.0
12:59:50 WARN  [Main] [Imix]: [ImixAI][FAIL] x=1.3 y=105.0 same-region=true -> candidate=CENTER plan=1716 errors=1717/6
12:59:50 INFO  [Main] [Imix]: [ImixAI][ROLLBACK] no safe checkpoint yet; returned to x=0
12:59:50 INFO  [Main] [Imix]: [ImixAI][SEARCH] phase=LEARNED FAILURE -> SEARCHING ALTERNATIVE x=0.0 y=105.0 plan=1716 candidate=CENTER failures=1717 budget=6 checkpoint=0.0
12:59:50 WARN  [Main] [Imix]: [ImixAI][FAIL] x=1.3 y=105.0 same-region=true -> candidate=EARLY plan=1717 errors=1718/6
12:59:50 INFO  [Main] [Imix]: [ImixAI][ROLLBACK] no safe checkpoint yet; returned to x=0
12:59:50 INFO  [Main] [Imix]: [ImixAI][SEARCH] phase=LEARNED FAILURE -> SEARCHING ALTERNATIVE x=0.0 y=105.0 plan=1717 candidate=EARLY failures=1718 budget=6 checkpoint=0.0
12:59:50 WARN  [Main] [Imix]: [ImixAI][FAIL] x=1.3 y=105.0 same-region=true -> candidate=LATE plan=1718 errors=1719/6
12:59:50 INFO  [Main] [Imix]: [ImixAI][ROLLBACK] no safe checkpoint yet; returned to x=0
12:59:50 INFO  [Main] [Imix]: [ImixAI][SEARCH] phase=LEARNED FAILURE -> SEARCHING ALTERNATIVE x=0.0 y=105.0 plan=1718 candidate=LATE failures=1719 budget=6 checkpoint=0.0
12:59:50 WARN  [Main] [Imix]: [ImixAI][FAIL] x=1.3 y=105.0 same-region=true -> candidate=CENTER plan=1719 errors=1720/6
12:59:50 INFO  [Main] [Imix]: [ImixAI][ROLLBACK] no safe checkpoint yet; returned to x=0
12:59:50 INFO  [Main] [Imix]: [ImixAI][SEARCH] phase=LEARNED FAILURE -> SEARCHING ALTERNATIVE x=0.0 y=105.0 plan=1719 candidate=CENTER failures=1720 budget=6 checkpoint=0.0
12:59:50 WARN  [Main] [Imix]: [ImixAI][FAIL] x=1.3 y=105.0 same-region=true -> candidate=EARLY plan=1720 errors=1721/6
12:59:50 INFO  [Main] [Imix]: [ImixAI][ROLLBACK] no safe checkpoint yet; returned to x=0
12:59:50 INFO  [Main] [Imix]: [ImixAI][SEARCH] phase=LEARNED FAILURE -> SEARCHING ALTERNATIVE x=0.0 y=105.0 plan=1720 candidate=EARLY failures=1721 budget=6 checkpoint=0.0
12:59:50 WARN  [Main] [Imix]: [ImixAI][FAIL] x=1.3 y=105.0 same-region=true -> candidate=LATE plan=1721 errors=1722/6
12:59:50 INFO  [Main] [Imix]: [ImixAI][ROLLBACK] no safe checkpoint yet; returned to x=0
12:59:50 INFO  [Main] [Imix]: [ImixAI][SEARCH] phase=LEARNED FAILURE -> SEARCHING ALTERNATIVE x=0.0 y=105.0 plan=1721 candidate=LATE failures=1722 budget=6 checkpoint=0.0
12:59:50 WARN  [Main] [Imix]: [ImixAI][FAIL] x=1.3 y=105.0 same-region=true -> candidate=CENTER plan=1722 errors=1723/6
12:59:50 INFO  [Main] [Imix]: [ImixAI][ROLLBACK] no safe checkpoint yet; returned to x=0
12:59:50 INFO  [Main] [Imix]: [ImixAI][SEARCH] phase=LEARNED FAILURE -> SEARCHING ALTERNATIVE x=0.0 y=105.0 plan=1722 candidate=CENTER failures=1723 budget=6 checkpoint=0.0
12:59:50 WARN  [Main] [Imix]: [ImixAI][FAIL] x=1.3 y=105.0 same-region=true -> candidate=EARLY plan=1723 errors=1724/6
12:59:50 INFO  [Main] [Imix]: [ImixAI][ROLLBACK] no safe checkpoint yet; returned to x=0
12:59:50 INFO  [Main] [Imix]: [ImixAI][SEARCH] phase=LEARNED FAILURE -> SEARCHING ALTERNATIVE x=0.0 y=105.0 plan=1723 candidate=EARLY failures=1724 budget=6 checkpoint=0.0
12:59:50 WARN  [Main] [Imix]: [ImixAI][FAIL] x=1.3 y=105.0 same-region=true -> candidate=LATE plan=1724 errors=1725/6
12:59:50 INFO  [Main] [Imix]: [ImixAI][ROLLBACK] no safe checkpoint yet; returned to x=0
12:59:50 INFO  [Main] [Imix]: [ImixAI][SEARCH] phase=LEARNED FAILURE -> SEARCHING ALTERNATIVE x=0.0 y=105.0 plan=1724 candidate=LATE failures=1725 budget=6 checkpoint=0.0
12:59:50 WARN  [Main] [Imix]: [ImixAI][FAIL] x=1.3 y=105.0 same-region=true -> candidate=CENTER plan=1725 errors=1726/6
12:59:50 INFO  [Main] [Imix]: [ImixAI][ROLLBACK] no safe checkpoint yet; returned to x=0
12:59:50 INFO  [Main] [Imix]: [ImixAI][SEARCH] phase=LEARNED FAILURE -> SEARCHING ALTERNATIVE x=0.0 y=105.0 plan=1725 candidate=CENTER failures=1726 budget=6 checkpoint=0.0
12:59:50 WARN  [Main] [Imix]: [ImixAI][FAIL] x=1.3 y=105.0 same-region=true -> candidate=EARLY plan=1726 errors=1727/6
12:59:50 INFO  [Main] [Imix]: [ImixAI][ROLLBACK] no safe checkpoint yet; returned to x=0
12:59:50 INFO  [Main] [Imix]: [ImixAI][SEARCH] phase=LEARNED FAILURE -> SEARCHING ALTERNATIVE x=0.0 y=105.0 plan=1726 candidate=EARLY failures=1727 budget=6 checkpoint=0.0
12:59:50 WARN  [Main] [Imix]: [ImixAI][FAIL] x=1.3 y=105.0 same-region=true -> candidate=LATE plan=1727 errors=1728/6
12:59:50 INFO  [Main] [Imix]: [ImixAI][ROLLBACK] no safe checkpoint yet; returned to x=0
12:59:50 INFO  [Main] [Imix]: [ImixAI][SEARCH] phase=LEARNED FAILURE -> SEARCHING ALTERNATIVE x=0.0 y=105.0 plan=1727 candidate=LATE failures=1728 budget=6 checkpoint=0.0
12:59:50 WARN  [Main] [Imix]: [ImixAI][FAIL] x=1.3 y=105.0 same-region=true -> candidate=CENTER plan=1728 errors=1729/6
12:59:50 INFO  [Main] [Imix]: [ImixAI][ROLLBACK] no safe checkpoint yet; returned to x=0
12:59:50 INFO  [Main] [Imix]: [ImixAI][SEARCH] phase=LEARNED FAILURE -> SEARCHING ALTERNATIVE x=0.0 y=105.0 plan=1728 candidate=CENTER failures=1729 budget=6 checkpoint=0.0
12:59:50 WARN  [Main] [Imix]: [ImixAI][FAIL] x=1.3 y=105.0 same-region=true -> candidate=EARLY plan=1729 errors=1730/6
12:59:50 INFO  [Main] [Imix]: [ImixAI][ROLLBACK] no safe checkpoint yet; returned to x=0
12:59:50 INFO  [Main] [Imix]: [ImixAI][SEARCH] phase=LEARNED FAILURE -> SEARCHING ALTERNATIVE x=0.0 y=105.0 plan=1729 candidate=EARLY failures=1730 budget=6 checkpoint=0.0
12:59:50 WARN  [Main] [Imix]: [ImixAI][FAIL] x=1.3 y=105.0 same-region=true -> candidate=LATE plan=1730 errors=1731/6
12:59:50 INFO  [Main] [Imix]: [ImixAI][ROLLBACK] no safe checkpoint yet; returned to x=0
12:59:50 INFO  [Main] [Imix]: [ImixAI][SEARCH] phase=LEARNED FAILURE -> SEARCHING ALTERNATIVE x=0.0 y=105.0 plan=1730 candidate=LATE failures=1731 budget=6 checkpoint=0.0
12:59:50 WARN  [Main] [Imix]: [ImixAI][FAIL] x=1.3 y=105.0 same-region=true -> candidate=CENTER plan=1731 errors=1732/6
12:59:50 INFO  [Main] [Imix]: [ImixAI][ROLLBACK] no safe checkpoint yet; returned to x=0
12:59:50 INFO  [Main] [Imix]: [ImixAI][SEARCH] phase=LEARNED FAILURE -> SEARCHING ALTERNATIVE x=0.0 y=105.0 plan=1731 candidate=CENTER failures=1732 budget=6 checkpoint=0.0
12:59:50 WARN  [Main] [Imix]: [ImixAI][FAIL] x=1.3 y=105.0 same-region=true -> candidate=EARLY plan=1732 errors=1733/6
12:59:50 INFO  [Main] [Imix]: [ImixAI][ROLLBACK] no safe checkpoint yet; returned to x=0
12:59:50 INFO  [Main] [Imix]: [ImixAI][SEARCH] phase=LEARNED FAILURE -> SEARCHING ALTERNATIVE x=0.0 y=105.0 plan=1732 candidate=EARLY failures=1733 budget=6 checkpoint=0.0
12:59:50 WARN  [Main] [Imix]: [ImixAI][FAIL] x=1.3 y=105.0 same-region=true -> candidate=LATE plan=1733 errors=1734/6
12:59:50 INFO  [Main] [Imix]: [ImixAI][ROLLBACK] no safe checkpoint yet; returned to x=0
12:59:50 INFO  [Main] [Imix]: [ImixAI][SEARCH] phase=LEARNED FAILURE -> SEARCHING ALTERNATIVE x=0.0 y=105.0 plan=1733 candidate=LATE failures=1734 budget=6 checkpoint=0.0
12:59:50 WARN  [Main] [Imix]: [ImixAI][FAIL] x=1.3 y=105.0 same-region=true -> candidate=CENTER plan=1734 errors=1735/6
12:59:50 INFO  [Main] [Imix]: [ImixAI][ROLLBACK] no safe checkpoint yet; returned to x=0
12:59:50 INFO  [Main] [Imix]: [ImixAI][SEARCH] phase=LEARNED FAILURE -> SEARCHING ALTERNATIVE x=0.0 y=105.0 plan=1734 candidate=CENTER failures=1735 budget=6 checkpoint=0.0
12:59:50 WARN  [Main] [Imix]: [ImixAI][FAIL] x=1.3 y=105.0 same-region=true -> candidate=EARLY plan=1735 errors=1736/6
12:59:50 INFO  [Main] [Imix]: [ImixAI][ROLLBACK] no safe checkpoint yet; returned to x=0
12:59:50 INFO  [Main] [Imix]: [ImixAI][SEARCH] phase=LEARNED FAILURE -> SEARCHING ALTERNATIVE x=0.0 y=105.0 plan=1735 candidate=EARLY failures=1736 budget=6 checkpoint=0.0
12:59:50 WARN  [Main] [Imix]: [ImixAI][FAIL] x=1.3 y=105.0 same-region=true -> candidate=LATE plan=1736 errors=1737/6
12:59:50 INFO  [Main] [Imix]: [ImixAI][ROLLBACK] no safe checkpoint yet; returned to x=0
12:59:50 INFO  [Main] [Imix]: [ImixAI][SEARCH] phase=LEARNED FAILURE -> SEARCHING ALTERNATIVE x=0.0 y=105.0 plan=1736 candidate=LATE failures=1737 budget=6 checkpoint=0.0
12:59:50 WARN  [Main] [Imix]: [ImixAI][FAIL] x=1.3 y=105.0 same-region=true -> candidate=CENTER plan=1737 errors=1738/6
12:59:50 INFO  [Main] [Imix]: [ImixAI][ROLLBACK] no safe checkpoint yet; returned to x=0
12:59:50 INFO  [Main] [Imix]: [ImixAI][SEARCH] phase=LEARNED FAILURE -> SEARCHING ALTERNATIVE x=0.0 y=105.0 plan=1737 candidate=CENTER failures=1738 budget=6 checkpoint=0.0
12:59:50 WARN  [Main] [Imix]: [ImixAI][FAIL] x=1.3 y=105.0 same-region=true -> candidate=EARLY plan=1738 errors=1739/6
12:59:50 INFO  [Main] [Imix]: [ImixAI][ROLLBACK] no safe checkpoint yet; returned to x=0
12:59:50 INFO  [Main] [Imix]: [ImixAI][SEARCH] phase=LEARNED FAILURE -> SEARCHING ALTERNATIVE x=0.0 y=105.0 plan=1738 candidate=EARLY failures=1739 budget=6 checkpoint=0.0
12:59:50 WARN  [Main] [Imix]: [ImixAI][FAIL] x=1.3 y=105.0 same-region=true -> candidate=LATE plan=1739 errors=1740/6
12:59:50 INFO  [Main] [Imix]: [ImixAI][ROLLBACK] no safe checkpoint yet; returned to x=0
12:59:50 INFO  [Main] [Imix]: [ImixAI][SEARCH] phase=LEARNED FAILURE -> SEARCHING ALTERNATIVE x=0.0 y=105.0 plan=1739 candidate=LATE failures=1740 budget=6 checkpoint=0.0
12:59:50 WARN  [Main] [Imix]: [ImixAI][FAIL] x=1.3 y=105.0 same-region=true -> candidate=CENTER plan=1740 errors=1741/6
12:59:50 INFO  [Main] [Imix]: [ImixAI][ROLLBACK] no safe checkpoint yet; returned to x=0
12:59:50 INFO  [Main] [Imix]: [ImixAI][SEARCH] phase=LEARNED FAILURE -> SEARCHING ALTERNATIVE x=0.0 y=105.0 plan=1740 candidate=CENTER failures=1741 budget=6 checkpoint=0.0
12:59:50 WARN  [Main] [Imix]: [ImixAI][FAIL] x=1.3 y=105.0 same-region=true -> candidate=EARLY plan=1741 errors=1742/6
12:59:50 INFO  [Main] [Imix]: [ImixAI][ROLLBACK] no safe checkpoint yet; returned to x=0
12:59:50 INFO  [Main] [Imix]: [ImixAI][SEARCH] phase=LEARNED FAILURE -> SEARCHING ALTERNATIVE x=0.0 y=105.0 plan=1741 candidate=EARLY failures=1742 budget=6 checkpoint=0.0
12:59:50 WARN  [Main] [Imix]: [ImixAI][FAIL] x=1.3 y=105.0 same-region=true -> candidate=LATE plan=1742 errors=1743/6
12:59:50 INFO  [Main] [Imix]: [ImixAI][ROLLBACK] no safe checkpoint yet; returned to x=0
12:59:50 INFO  [Main] [Imix]: [ImixAI][SEARCH] phase=LEARNED FAILURE -> SEARCHING ALTERNATIVE x=0.0 y=105.0 plan=1742 candidate=LATE failures=1743 budget=6 checkpoint=0.0
12:59:50 WARN  [Main] [Imix]: [ImixAI][FAIL] x=1.3 y=105.0 same-region=true -> candidate=CENTER plan=1743 errors=1744/6
12:59:50 INFO  [Main] [Imix]: [ImixAI][ROLLBACK] no safe checkpoint yet; returned to x=0
12:59:50 INFO  [Main] [Imix]: [ImixAI][SEARCH] phase=LEARNED FAILURE -> SEARCHING ALTERNATIVE x=0.0 y=105.0 plan=1743 candidate=CENTER failures=1744 budget=6 checkpoint=0.0
12:59:50 WARN  [Main] [Imix]: [ImixAI][FAIL] x=1.3 y=105.0 same-region=true -> candidate=EARLY plan=1744 errors=1745/6
12:59:50 INFO  [Main] [Imix]: [ImixAI][ROLLBACK] no safe checkpoint yet; returned to x=0
12:59:50 INFO  [Main] [Imix]: [ImixAI][SEARCH] phase=LEARNED FAILURE -> SEARCHING ALTERNATIVE x=0.0 y=105.0 plan=1744 candidate=EARLY failures=1745 budget=6 checkpoint=0.0
12:59:50 WARN  [Main] [Imix]: [ImixAI][FAIL] x=1.3 y=105.0 same-region=true -> candidate=LATE plan=1745 errors=1746/6
12:59:50 INFO  [Main] [Imix]: [ImixAI][ROLLBACK] no safe checkpoint yet; returned to x=0
12:59:50 INFO  [Main] [Imix]: [ImixAI][SEARCH] phase=LEARNED FAILURE -> SEARCHING ALTERNATIVE x=0.0 y=105.0 plan=1745 candidate=LATE failures=1746 budget=6 checkpoint=0.0
12:59:50 WARN  [Main] [Imix]: [ImixAI][FAIL] x=1.3 y=105.0 same-region=true -> candidate=CENTER plan=1746 errors=1747/6
12:59:50 INFO  [Main] [Imix]: [ImixAI][ROLLBACK] no safe checkpoint yet; returned to x=0
12:59:50 INFO  [Main] [Imix]: [ImixAI][SEARCH] phase=LEARNED FAILURE -> SEARCHING ALTERNATIVE x=0.0 y=105.0 plan=1746 candidate=CENTER failures=1747 budget=6 checkpoint=0.0
12:59:50 WARN  [Main] [Imix]: [ImixAI][FAIL] x=1.3 y=105.0 same-region=true -> candidate=EARLY plan=1747 errors=1748/6
12:59:50 INFO  [Main] [Imix]: [ImixAI][ROLLBACK] no safe checkpoint yet; returned to x=0
12:59:50 INFO  [Main] [Imix]: [ImixAI][SEARCH] phase=LEARNED FAILURE -> SEARCHING ALTERNATIVE x=0.0 y=105.0 plan=1747 candidate=EARLY failures=1748 budget=6 checkpoint=0.0
12:59:50 WARN  [Main] [Imix]: [ImixAI][FAIL] x=1.3 y=105.0 same-region=true -> candidate=LATE plan=1748 errors=1749/6
12:59:50 INFO  [Main] [Imix]: [ImixAI][ROLLBACK] no safe checkpoint yet; returned to x=0
12:59:50 INFO  [Main] [Imix]: [ImixAI][SEARCH] phase=LEARNED FAILURE -> SEARCHING ALTERNATIVE x=0.0 y=105.0 plan=1748 candidate=LATE failures=1749 budget=6 checkpoint=0.0
12:59:50 WARN  [Main] [Imix]: [ImixAI][FAIL] x=1.3 y=105.0 same-region=true -> candidate=CENTER plan=1749 errors=1750/6
12:59:50 INFO  [Main] [Imix]: [ImixAI][ROLLBACK] no safe checkpoint yet; returned to x=0
12:59:50 INFO  [Main] [Imix]: [ImixAI][SEARCH] phase=LEARNED FAILURE -> SEARCHING ALTERNATIVE x=0.0 y=105.0 plan=1749 candidate=CENTER failures=1750 budget=6 checkpoint=0.0
12:59:50 WARN  [Main] [Imix]: [ImixAI][FAIL] x=1.3 y=105.0 same-region=true -> candidate=EARLY plan=1750 errors=1751/6
12:59:50 INFO  [Main] [Imix]: [ImixAI][ROLLBACK] no safe checkpoint yet; returned to x=0
12:59:50 INFO  [Main] [Imix]: [ImixAI][SEARCH] phase=LEARNED FAILURE -> SEARCHING ALTERNATIVE x=0.0 y=105.0 plan=1750 candidate=EARLY failures=1751 budget=6 checkpoint=0.0
12:59:50 WARN  [Main] [Imix]: [ImixAI][FAIL] x=1.3 y=105.0 same-region=true -> candidate=LATE plan=1751 errors=1752/6
12:59:50 INFO  [Main] [Imix]: [ImixAI][ROLLBACK] no safe checkpoint yet; returned to x=0
12:59:50 INFO  [Main] [Imix]: [ImixAI][SEARCH] phase=LEARNED FAILURE -> SEARCHING ALTERNATIVE x=0.0 y=105.0 plan=1751 candidate=LATE failures=1752 budget=6 checkpoint=0.0
12:59:50 WARN  [Main] [Imix]: [ImixAI][FAIL] x=1.3 y=105.0 same-region=true -> candidate=CENTER plan=1752 errors=1753/6
12:59:50 INFO  [Main] [Imix]: [ImixAI][ROLLBACK] no safe checkpoint yet; returned to x=0
12:59:50 INFO  [Main] [Imix]: [ImixAI][SEARCH] phase=LEARNED FAILURE -> SEARCHING ALTERNATIVE x=0.0 y=105.0 plan=1752 candidate=CENTER failures=1753 budget=6 checkpoint=0.0
12:59:50 WARN  [Main] [Imix]: [ImixAI][FAIL] x=1.3 y=105.0 same-region=true -> candidate=EARLY plan=1753 errors=1754/6
12:59:50 INFO  [Main] [Imix]: [ImixAI][ROLLBACK] no safe checkpoint yet; returned to x=0
12:59:50 INFO  [Main] [Imix]: [ImixAI][SEARCH] phase=LEARNED FAILURE -> SEARCHING ALTERNATIVE x=0.0 y=105.0 plan=1753 candidate=EARLY failures=1754 budget=6 checkpoint=0.0
12:59:50 WARN  [Main] [Imix]: [ImixAI][FAIL] x=1.3 y=105.0 same-region=true -> candidate=LATE plan=1754 errors=1755/6
12:59:50 INFO  [Main] [Imix]: [ImixAI][ROLLBACK] no safe checkpoint yet; returned to x=0
12:59:50 INFO  [Main] [Imix]: [ImixAI][SEARCH] phase=LEARNED FAILURE -> SEARCHING ALTERNATIVE x=0.0 y=105.0 plan=1754 candidate=LATE failures=1755 budget=6 checkpoint=0.0
12:59:50 WARN  [Main] [Imix]: [ImixAI][FAIL] x=1.3 y=105.0 same-region=true -> candidate=CENTER plan=1755 errors=1756/6
12:59:50 INFO  [Main] [Imix]: [ImixAI][ROLLBACK] no safe checkpoint yet; returned to x=0
12:59:50 INFO  [Main] [Imix]: [ImixAI][SEARCH] phase=LEARNED FAILURE -> SEARCHING ALTERNATIVE x=0.0 y=105.0 plan=1755 candidate=CENTER failures=1756 budget=6 checkpoint=0.0
12:59:50 WARN  [Main] [Imix]: [ImixAI][FAIL] x=1.3 y=105.0 same-region=true -> candidate=EARLY plan=1756 errors=1757/6
12:59:50 INFO  [Main] [Imix]: [ImixAI][ROLLBACK] no safe checkpoint yet; returned to x=0
12:59:50 INFO  [Main] [Imix]: [ImixAI][SEARCH] phase=LEARNED FAILURE -> SEARCHING ALTERNATIVE x=0.0 y=105.0 plan=1756 candidate=EARLY failures=1757 budget=6 checkpoint=0.0
12:59:50 WARN  [Main] [Imix]: [ImixAI][FAIL] x=1.3 y=105.0 same-region=true -> candidate=LATE plan=1757 errors=1758/6
12:59:50 INFO  [Main] [Imix]: [ImixAI][ROLLBACK] no safe checkpoint yet; returned to x=0
12:59:50 INFO  [Main] [Imix]: [ImixAI][SEARCH] phase=LEARNED FAILURE -> SEARCHING ALTERNATIVE x=0.0 y=105.0 plan=1757 candidate=LATE failures=1758 budget=6 checkpoint=0.0
12:59:50 WARN  [Main] [Imix]: [ImixAI][FAIL] x=1.3 y=105.0 same-region=true -> candidate=CENTER plan=1758 errors=1759/6
12:59:50 INFO  [Main] [Imix]: [ImixAI][ROLLBACK] no safe checkpoint yet; returned to x=0
12:59:50 INFO  [Main] [Imix]: [ImixAI][SEARCH] phase=LEARNED FAILURE -> SEARCHING ALTERNATIVE x=0.0 y=105.0 plan=1758 candidate=CENTER failures=1759 budget=6 checkpoint=0.0
12:59:50 WARN  [Main] [Imix]: [ImixAI][FAIL] x=1.3 y=105.0 same-region=true -> candidate=EARLY plan=1759 errors=1760/6
12:59:50 INFO  [Main] [Imix]: [ImixAI][ROLLBACK] no safe checkpoint yet; returned to x=0
12:59:50 INFO  [Main] [Imix]: [ImixAI][SEARCH] phase=LEARNED FAILURE -> SEARCHING ALTERNATIVE x=0.0 y=105.0 plan=1759 candidate=EARLY failures=1760 budget=6 checkpoint=0.0
12:59:50 WARN  [Main] [Imix]: [ImixAI][FAIL] x=1.3 y=105.0 same-region=true -> candidate=LATE plan=1760 errors=1761/6
12:59:50 INFO  [Main] [Imix]: [ImixAI][ROLLBACK] no safe checkpoint yet; returned to x=0
12:59:50 INFO  [Main] [Imix]: [ImixAI][SEARCH] phase=LEARNED FAILURE -> SEARCHING ALTERNATIVE x=0.0 y=105.0 plan=1760 candidate=LATE failures=1761 budget=6 checkpoint=0.0
12:59:50 WARN  [Main] [Imix]: [ImixAI][FAIL] x=1.3 y=105.0 same-region=true -> candidate=CENTER plan=1761 errors=1762/6
12:59:50 INFO  [Main] [Imix]: [ImixAI][ROLLBACK] no safe checkpoint yet; returned to x=0
12:59:50 INFO  [Main] [Imix]: [ImixAI][SEARCH] phase=LEARNED FAILURE -> SEARCHING ALTERNATIVE x=0.0 y=105.0 plan=1761 candidate=CENTER failures=1762 budget=6 checkpoint=0.0
12:59:50 WARN  [Main] [Imix]: [ImixAI][FAIL] x=1.3 y=105.0 same-region=true -> candidate=EARLY plan=1762 errors=1763/6
12:59:50 INFO  [Main] [Imix]: [ImixAI][ROLLBACK] no safe checkpoint yet; returned to x=0
12:59:50 INFO  [Main] [Imix]: [ImixAI][SEARCH] phase=LEARNED FAILURE -> SEARCHING ALTERNATIVE x=0.0 y=105.0 plan=1762 candidate=EARLY failures=1763 budget=6 checkpoint=0.0
12:59:50 WARN  [Main] [Imix]: [ImixAI][FAIL] x=1.3 y=105.0 same-region=true -> candidate=LATE plan=1763 errors=1764/6
12:59:50 INFO  [Main] [Imix]: [ImixAI][ROLLBACK] no safe checkpoint yet; returned to x=0
12:59:50 INFO  [Main] [Imix]: [ImixAI][SEARCH] phase=LEARNED FAILURE -> SEARCHING ALTERNATIVE x=0.0 y=105.0 plan=1763 candidate=LATE failures=1764 budget=6 checkpoint=0.0
12:59:50 WARN  [Main] [Imix]: [ImixAI][FAIL] x=1.3 y=105.0 same-region=true -> candidate=CENTER plan=1764 errors=1765/6
12:59:50 INFO  [Main] [Imix]: [ImixAI][ROLLBACK] no safe checkpoint yet; returned to x=0
12:59:50 INFO  [Main] [Imix]: [ImixAI][SEARCH] phase=LEARNED FAILURE -> SEARCHING ALTERNATIVE x=0.0 y=105.0 plan=1764 candidate=CENTER failures=1765 budget=6 checkpoint=0.0
12:59:50 WARN  [Main] [Imix]: [ImixAI][FAIL] x=1.3 y=105.0 same-region=true -> candidate=EARLY plan=1765 errors=1766/6
12:59:50 INFO  [Main] [Imix]: [ImixAI][ROLLBACK] no safe checkpoint yet; returned to x=0
12:59:50 INFO  [Main] [Imix]: [ImixAI][SEARCH] phase=LEARNED FAILURE -> SEARCHING ALTERNATIVE x=0.0 y=105.0 plan=1765 candidate=EARLY failures=1766 budget=6 checkpoint=0.0
12:59:50 WARN  [Main] [Imix]: [ImixAI][FAIL] x=1.3 y=105.0 same-region=true -> candidate=LATE plan=1766 errors=1767/6
12:59:50 INFO  [Main] [Imix]: [ImixAI][ROLLBACK] no safe checkpoint yet; returned to x=0
12:59:50 INFO  [Main] [Imix]: [ImixAI][SEARCH] phase=LEARNED FAILURE -> SEARCHING ALTERNATIVE x=0.0 y=105.0 plan=1766 candidate=LATE failures=1767 budget=6 checkpoint=0.0
12:59:50 WARN  [Main] [Imix]: [ImixAI][FAIL] x=1.3 y=105.0 same-region=true -> candidate=CENTER plan=1767 errors=1768/6
12:59:50 INFO  [Main] [Imix]: [ImixAI][ROLLBACK] no safe checkpoint yet; returned to x=0
12:59:50 INFO  [Main] [Imix]: [ImixAI][SEARCH] phase=LEARNED FAILURE -> SEARCHING ALTERNATIVE x=0.0 y=105.0 plan=1767 candidate=CENTER failures=1768 budget=6 checkpoint=0.0
12:59:50 WARN  [Main] [Imix]: [ImixAI][FAIL] x=1.3 y=105.0 same-region=true -> candidate=EARLY plan=1768 errors=1769/6
12:59:50 INFO  [Main] [Imix]: [ImixAI][ROLLBACK] no safe checkpoint yet; returned to x=0
12:59:50 INFO  [Main] [Imix]: [ImixAI][SEARCH] phase=LEARNED FAILURE -> SEARCHING ALTERNATIVE x=0.0 y=105.0 plan=1768 candidate=EARLY failures=1769 budget=6 checkpoint=0.0
12:59:50 WARN  [Main] [Imix]: [ImixAI][FAIL] x=1.3 y=105.0 same-region=true -> candidate=LATE plan=1769 errors=1770/6
12:59:50 INFO  [Main] [Imix]: [ImixAI][ROLLBACK] no safe checkpoint yet; returned to x=0
12:59:50 INFO  [Main] [Imix]: [ImixAI][SEARCH] phase=LEARNED FAILURE -> SEARCHING ALTERNATIVE x=0.0 y=105.0 plan=1769 candidate=LATE failures=1770 budget=6 checkpoint=0.0
12:59:50 WARN  [Main] [Imix]: [ImixAI][FAIL] x=1.3 y=105.0 same-region=true -> candidate=CENTER plan=1770 errors=1771/6
12:59:50 INFO  [Main] [Imix]: [ImixAI][ROLLBACK] no safe checkpoint yet; returned to x=0
12:59:50 INFO  [Main] [Imix]: [ImixAI][SEARCH] phase=LEARNED FAILURE -> SEARCHING ALTERNATIVE x=0.0 y=105.0 plan=1770 candidate=CENTER failures=1771 budget=6 checkpoint=0.0
12:59:50 WARN  [Main] [Imix]: [ImixAI][FAIL] x=1.3 y=105.0 same-region=true -> candidate=EARLY plan=1771 errors=1772/6
12:59:50 INFO  [Main] [Imix]: [ImixAI][ROLLBACK] no safe checkpoint yet; returned to x=0
12:59:50 INFO  [Main] [Imix]: [ImixAI][SEARCH] phase=LEARNED FAILURE -> SEARCHING ALTERNATIVE x=0.0 y=105.0 plan=1771 candidate=EARLY failures=1772 budget=6 checkpoint=0.0
12:59:50 WARN  [Main] [Imix]: [ImixAI][FAIL] x=1.3 y=105.0 same-region=true -> candidate=LATE plan=1772 errors=1773/6
12:59:50 INFO  [Main] [Imix]: [ImixAI][ROLLBACK] no safe checkpoint yet; returned to x=0
12:59:50 INFO  [Main] [Imix]: [ImixAI][SEARCH] phase=LEARNED FAILURE -> SEARCHING ALTERNATIVE x=0.0 y=105.0 plan=1772 candidate=LATE failures=1773 budget=6 checkpoint=0.0
12:59:50 WARN  [Main] [Imix]: [ImixAI][FAIL] x=1.3 y=105.0 same-region=true -> candidate=CENTER plan=1773 errors=1774/6
12:59:50 INFO  [Main] [Imix]: [ImixAI][ROLLBACK] no safe checkpoint yet; returned to x=0
12:59:50 INFO  [Main] [Imix]: [ImixAI][SEARCH] phase=LEARNED FAILURE -> SEARCHING ALTERNATIVE x=0.0 y=105.0 plan=1773 candidate=CENTER failures=1774 budget=6 checkpoint=0.0
12:59:50 WARN  [Main] [Imix]: [ImixAI][FAIL] x=1.3 y=105.0 same-region=true -> candidate=EARLY plan=1774 errors=1775/6
12:59:50 INFO  [Main] [Imix]: [ImixAI][ROLLBACK] no safe checkpoint yet; returned to x=0
12:59:50 INFO  [Main] [Imix]: [ImixAI][SEARCH] phase=LEARNED FAILURE -> SEARCHING ALTERNATIVE x=0.0 y=105.0 plan=1774 candidate=EARLY failures=1775 budget=6 checkpoint=0.0
12:59:50 WARN  [Main] [Imix]: [ImixAI][FAIL] x=1.3 y=105.0 same-region=true -> candidate=LATE plan=1775 errors=1776/6
12:59:50 INFO  [Main] [Imix]: [ImixAI][ROLLBACK] no safe checkpoint yet; returned to x=0
12:59:50 INFO  [Main] [Imix]: [ImixAI][SEARCH] phase=LEARNED FAILURE -> SEARCHING ALTERNATIVE x=0.0 y=105.0 plan=1775 candidate=LATE failures=1776 budget=6 checkpoint=0.0
12:59:50 WARN  [Main] [Imix]: [ImixAI][FAIL] x=1.3 y=105.0 same-region=true -> candidate=CENTER plan=1776 errors=1777/6
12:59:50 INFO  [Main] [Imix]: [ImixAI][ROLLBACK] no safe checkpoint yet; returned to x=0
12:59:50 INFO  [Main] [Imix]: [ImixAI][SEARCH] phase=LEARNED FAILURE -> SEARCHING ALTERNATIVE x=0.0 y=105.0 plan=1776 candidate=CENTER failures=1777 budget=6 checkpoint=0.0
12:59:50 WARN  [Main] [Imix]: [ImixAI][FAIL] x=1.3 y=105.0 same-region=true -> candidate=EARLY plan=1777 errors=1778/6
12:59:50 INFO  [Main] [Imix]: [ImixAI][ROLLBACK] no safe checkpoint yet; returned to x=0
12:59:50 INFO  [Main] [Imix]: [ImixAI][SEARCH] phase=LEARNED FAILURE -> SEARCHING ALTERNATIVE x=0.0 y=105.0 plan=1777 candidate=EARLY failures=1778 budget=6 checkpoint=0.0
12:59:50 WARN  [Main] [Imix]: [ImixAI][FAIL] x=1.3 y=105.0 same-region=true -> candidate=LATE plan=1778 errors=1779/6
12:59:50 INFO  [Main] [Imix]: [ImixAI][ROLLBACK] no safe checkpoint yet; returned to x=0
12:59:50 INFO  [Main] [Imix]: [ImixAI][SEARCH] phase=LEARNED FAILURE -> SEARCHING ALTERNATIVE x=0.0 y=105.0 plan=1778 candidate=LATE failures=1779 budget=6 checkpoint=0.0
12:59:50 WARN  [Main] [Imix]: [ImixAI][FAIL] x=1.3 y=105.0 same-region=true -> candidate=CENTER plan=1779 errors=1780/6
12:59:50 INFO  [Main] [Imix]: [ImixAI][ROLLBACK] no safe checkpoint yet; returned to x=0
12:59:50 INFO  [Main] [Imix]: [ImixAI][SEARCH] phase=LEARNED FAILURE -> SEARCHING ALTERNATIVE x=0.0 y=105.0 plan=1779 candidate=CENTER failures=1780 budget=6 checkpoint=0.0
12:59:50 WARN  [Main] [Imix]: [ImixAI][FAIL] x=1.3 y=105.0 same-region=true -> candidate=EARLY plan=1780 errors=1781/6
12:59:50 INFO  [Main] [Imix]: [ImixAI][ROLLBACK] no safe checkpoint yet; returned to x=0
12:59:50 INFO  [Main] [Imix]: [ImixAI][SEARCH] phase=LEARNED FAILURE -> SEARCHING ALTERNATIVE x=0.0 y=105.0 plan=1780 candidate=EARLY failures=1781 budget=6 checkpoint=0.0
12:59:50 WARN  [Main] [Imix]: [ImixAI][FAIL] x=1.3 y=105.0 same-region=true -> candidate=LATE plan=1781 errors=1782/6
12:59:50 INFO  [Main] [Imix]: [ImixAI][ROLLBACK] no safe checkpoint yet; returned to x=0
12:59:50 INFO  [Main] [Imix]: [ImixAI][SEARCH] phase=LEARNED FAILURE -> SEARCHING ALTERNATIVE x=0.0 y=105.0 plan=1781 candidate=LATE failures=1782 budget=6 checkpoint=0.0
12:59:50 WARN  [Main] [Imix]: [ImixAI][FAIL] x=1.3 y=105.0 same-region=true -> candidate=CENTER plan=1782 errors=1783/6
12:59:50 INFO  [Main] [Imix]: [ImixAI][ROLLBACK] no safe checkpoint yet; returned to x=0
12:59:50 INFO  [Main] [Imix]: [ImixAI][SEARCH] phase=LEARNED FAILURE -> SEARCHING ALTERNATIVE x=0.0 y=105.0 plan=1782 candidate=CENTER failures=1783 budget=6 checkpoint=0.0
12:59:50 WARN  [Main] [Imix]: [ImixAI][FAIL] x=1.3 y=105.0 same-region=true -> candidate=EARLY plan=1783 errors=1784/6
12:59:50 INFO  [Main] [Imix]: [ImixAI][ROLLBACK] no safe checkpoint yet; returned to x=0
12:59:50 INFO  [Main] [Imix]: [ImixAI][SEARCH] phase=LEARNED FAILURE -> SEARCHING ALTERNATIVE x=0.0 y=105.0 plan=1783 candidate=EARLY failures=1784 budget=6 checkpoint=0.0
12:59:50 WARN  [Main] [Imix]: [ImixAI][FAIL] x=1.3 y=105.0 same-region=true -> candidate=LATE plan=1784 errors=1785/6
12:59:50 INFO  [Main] [Imix]: [ImixAI][ROLLBACK] no safe checkpoint yet; returned to x=0
12:59:50 INFO  [Main] [Imix]: [ImixAI][SEARCH] phase=LEARNED FAILURE -> SEARCHING ALTERNATIVE x=0.0 y=105.0 plan=1784 candidate=LATE failures=1785 budget=6 checkpoint=0.0
12:59:50 WARN  [Main] [Imix]: [ImixAI][FAIL] x=1.3 y=105.0 same-region=true -> candidate=CENTER plan=1785 errors=1786/6
12:59:50 INFO  [Main] [Imix]: [ImixAI][ROLLBACK] no safe checkpoint yet; returned to x=0
12:59:50 INFO  [Main] [Imix]: [ImixAI][SEARCH] phase=LEARNED FAILURE -> SEARCHING ALTERNATIVE x=0.0 y=105.0 plan=1785 candidate=CENTER failures=1786 budget=6 checkpoint=0.0
12:59:50 WARN  [Main] [Imix]: [ImixAI][FAIL] x=1.3 y=105.0 same-region=true -> candidate=EARLY plan=1786 errors=1787/6
12:59:50 INFO  [Main] [Imix]: [ImixAI][ROLLBACK] no safe checkpoint yet; returned to x=0
12:59:50 INFO  [Main] [Imix]: [ImixAI][SEARCH] phase=LEARNED FAILURE -> SEARCHING ALTERNATIVE x=0.0 y=105.0 plan=1786 candidate=EARLY failures=1787 budget=6 checkpoint=0.0
12:59:50 WARN  [Main] [Imix]: [ImixAI][FAIL] x=1.3 y=105.0 same-region=true -> candidate=LATE plan=1787 errors=1788/6
12:59:50 INFO  [Main] [Imix]: [ImixAI][ROLLBACK] no safe checkpoint yet; returned to x=0
12:59:50 INFO  [Main] [Imix]: [ImixAI][SEARCH] phase=LEARNED FAILURE -> SEARCHING ALTERNATIVE x=0.0 y=105.0 plan=1787 candidate=LATE failures=1788 budget=6 checkpoint=0.0
12:59:50 WARN  [Main] [Imix]: [ImixAI][FAIL] x=1.3 y=105.0 same-region=true -> candidate=CENTER plan=1788 errors=1789/6
12:59:50 INFO  [Main] [Imix]: [ImixAI][ROLLBACK] no safe checkpoint yet; returned to x=0
12:59:50 INFO  [Main] [Imix]: [ImixAI][SEARCH] phase=LEARNED FAILURE -> SEARCHING ALTERNATIVE x=0.0 y=105.0 plan=1788 candidate=CENTER failures=1789 budget=6 checkpoint=0.0
12:59:50 WARN  [Main] [Imix]: [ImixAI][FAIL] x=1.3 y=105.0 same-region=true -> candidate=EARLY plan=1789 errors=1790/6
12:59:50 INFO  [Main] [Imix]: [ImixAI][ROLLBACK] no safe checkpoint yet; returned to x=0
12:59:50 INFO  [Main] [Imix]: [ImixAI][SEARCH] phase=LEARNED FAILURE -> SEARCHING ALTERNATIVE x=0.0 y=105.0 plan=1789 candidate=EARLY failures=1790 budget=6 checkpoint=0.0
12:59:50 WARN  [Main] [Imix]: [ImixAI][FAIL] x=1.3 y=105.0 same-region=true -> candidate=LATE plan=1790 errors=1791/6
12:59:50 INFO  [Main] [Imix]: [ImixAI][ROLLBACK] no safe checkpoint yet; returned to x=0
12:59:50 INFO  [Main] [Imix]: [ImixAI][SEARCH] phase=LEARNED FAILURE -> SEARCHING ALTERNATIVE x=0.0 y=105.0 plan=1790 candidate=LATE failures=1791 budget=6 checkpoint=0.0
12:59:50 WARN  [Main] [Imix]: [ImixAI][FAIL] x=1.3 y=105.0 same-region=true -> candidate=CENTER plan=1791 errors=1792/6
12:59:50 INFO  [Main] [Imix]: [ImixAI][ROLLBACK] no safe checkpoint yet; returned to x=0
12:59:50 INFO  [Main] [Imix]: [ImixAI][SEARCH] phase=LEARNED FAILURE -> SEARCHING ALTERNATIVE x=0.0 y=105.0 plan=1791 candidate=CENTER failures=1792 budget=6 checkpoint=0.0
12:59:50 WARN  [Main] [Imix]: [ImixAI][FAIL] x=1.3 y=105.0 same-region=true -> candidate=EARLY plan=1792 errors=1793/6
12:59:50 INFO  [Main] [Imix]: [ImixAI][ROLLBACK] no safe checkpoint yet; returned to x=0
12:59:50 INFO  [Main] [Imix]: [ImixAI][SEARCH] phase=LEARNED FAILURE -> SEARCHING ALTERNATIVE x=0.0 y=105.0 plan=1792 candidate=EARLY failures=1793 budget=6 checkpoint=0.0
12:59:50 WARN  [Main] [Imix]: [ImixAI][FAIL] x=1.3 y=105.0 same-region=true -> candidate=LATE plan=1793 errors=1794/6
12:59:50 INFO  [Main] [Imix]: [ImixAI][ROLLBACK] no safe checkpoint yet; returned to x=0
12:59:50 INFO  [Main] [Imix]: [ImixAI][SEARCH] phase=LEARNED FAILURE -> SEARCHING ALTERNATIVE x=0.0 y=105.0 plan=1793 candidate=LATE failures=1794 budget=6 checkpoint=0.0
12:59:50 WARN  [Main] [Imix]: [ImixAI][FAIL] x=1.3 y=105.0 same-region=true -> candidate=CENTER plan=1794 errors=1795/6
12:59:50 INFO  [Main] [Imix]: [ImixAI][ROLLBACK] no safe checkpoint yet; returned to x=0
12:59:50 INFO  [Main] [Imix]: [ImixAI][SEARCH] phase=LEARNED FAILURE -> SEARCHING ALTERNATIVE x=0.0 y=105.0 plan=1794 candidate=CENTER failures=1795 budget=6 checkpoint=0.0
12:59:50 WARN  [Main] [Imix]: [ImixAI][FAIL] x=1.3 y=105.0 same-region=true -> candidate=EARLY plan=1795 errors=1796/6
12:59:50 INFO  [Main] [Imix]: [ImixAI][ROLLBACK] no safe checkpoint yet; returned to x=0
12:59:50 INFO  [Main] [Imix]: [ImixAI][SEARCH] phase=LEARNED FAILURE -> SEARCHING ALTERNATIVE x=0.0 y=105.0 plan=1795 candidate=EARLY failures=1796 budget=6 checkpoint=0.0
12:59:50 WARN  [Main] [Imix]: [ImixAI][FAIL] x=1.3 y=105.0 same-region=true -> candidate=LATE plan=1796 errors=1797/6
12:59:50 INFO  [Main] [Imix]: [ImixAI][ROLLBACK] no safe checkpoint yet; returned to x=0
12:59:50 INFO  [Main] [Imix]: [ImixAI][SEARCH] phase=LEARNED FAILURE -> SEARCHING ALTERNATIVE x=0.0 y=105.0 plan=1796 candidate=LATE failures=1797 budget=6 checkpoint=0.0
12:59:50 WARN  [Main] [Imix]: [ImixAI][FAIL] x=1.3 y=105.0 same-region=true -> candidate=CENTER plan=1797 errors=1798/6
12:59:50 INFO  [Main] [Imix]: [ImixAI][ROLLBACK] no safe checkpoint yet; returned to x=0
12:59:50 INFO  [Main] [Imix]: [ImixAI][SEARCH] phase=LEARNED FAILURE -> SEARCHING ALTERNATIVE x=0.0 y=105.0 plan=1797 candidate=CENTER failures=1798 budget=6 checkpoint=0.0
12:59:50 WARN  [Main] [Imix]: [ImixAI][FAIL] x=1.3 y=105.0 same-region=true -> candidate=EARLY plan=1798 errors=1799/6
12:59:50 INFO  [Main] [Imix]: [ImixAI][ROLLBACK] no safe checkpoint yet; returned to x=0
12:59:50 INFO  [Main] [Imix]: [ImixAI][SEARCH] phase=LEARNED FAILURE -> SEARCHING ALTERNATIVE x=0.0 y=105.0 plan=1798 candidate=EARLY failures=1799 budget=6 checkpoint=0.0
12:59:50 WARN  [Main] [Imix]: [ImixAI][FAIL] x=1.3 y=105.0 same-region=true -> candidate=LATE plan=1799 errors=1800/6
12:59:50 INFO  [Main] [Imix]: [ImixAI][ROLLBACK] no safe checkpoint yet; returned to x=0
12:59:50 INFO  [Main] [Imix]: [ImixAI][SEARCH] phase=LEARNED FAILURE -> SEARCHING ALTERNATIVE x=0.0 y=105.0 plan=1799 candidate=LATE failures=1800 budget=6 checkpoint=0.0
12:59:50 WARN  [Main] [Imix]: [ImixAI][FAIL] x=1.3 y=105.0 same-region=true -> candidate=CENTER plan=1800 errors=1801/6
12:59:50 INFO  [Main] [Imix]: [ImixAI][ROLLBACK] no safe checkpoint yet; returned to x=0
12:59:50 INFO  [Main] [Imix]: [ImixAI][SEARCH] phase=LEARNED FAILURE -> SEARCHING ALTERNATIVE x=0.0 y=105.0 plan=1800 candidate=CENTER failures=1801 budget=6 checkpoint=0.0
12:59:50 WARN  [Main] [Imix]: [ImixAI][FAIL] x=1.3 y=105.0 same-region=true -> candidate=EARLY plan=1801 errors=1802/6
12:59:50 INFO  [Main] [Imix]: [ImixAI][ROLLBACK] no safe checkpoint yet; returned to x=0
12:59:50 INFO  [Main] [Imix]: [ImixAI][SEARCH] phase=LEARNED FAILURE -> SEARCHING ALTERNATIVE x=0.0 y=105.0 plan=1801 candidate=EARLY failures=1802 budget=6 checkpoint=0.0
12:59:50 WARN  [Main] [Imix]: [ImixAI][FAIL] x=1.3 y=105.0 same-region=true -> candidate=LATE plan=1802 errors=1803/6
12:59:50 INFO  [Main] [Imix]: [ImixAI][ROLLBACK] no safe checkpoint yet; returned to x=0
12:59:50 INFO  [Main] [Imix]: [ImixAI][SEARCH] phase=LEARNED FAILURE -> SEARCHING ALTERNATIVE x=0.0 y=105.0 plan=1802 candidate=LATE failures=1803 budget=6 checkpoint=0.0
12:59:50 WARN  [Main] [Imix]: [ImixAI][FAIL] x=1.3 y=105.0 same-region=true -> candidate=CENTER plan=1803 errors=1804/6
12:59:50 INFO  [Main] [Imix]: [ImixAI][ROLLBACK] no safe checkpoint yet; returned to x=0
12:59:50 INFO  [Main] [Imix]: [ImixAI][SEARCH] phase=LEARNED FAILURE -> SEARCHING ALTERNATIVE x=0.0 y=105.0 plan=1803 candidate=CENTER failures=1804 budget=6 checkpoint=0.0
12:59:50 WARN  [Main] [Imix]: [ImixAI][FAIL] x=1.3 y=105.0 same-region=true -> candidate=EARLY plan=1804 errors=1805/6
12:59:50 INFO  [Main] [Imix]: [ImixAI][ROLLBACK] no safe checkpoint yet; returned to x=0
12:59:50 INFO  [Main] [Imix]: [ImixAI][SEARCH] phase=LEARNED FAILURE -> SEARCHING ALTERNATIVE x=0.0 y=105.0 plan=1804 candidate=EARLY failures=1805 budget=6 checkpoint=0.0
12:59:50 WARN  [Main] [Imix]: [ImixAI][FAIL] x=1.3 y=105.0 same-region=true -> candidate=LATE plan=1805 errors=1806/6
12:59:50 INFO  [Main] [Imix]: [ImixAI][ROLLBACK] no safe checkpoint yet; returned to x=0
12:59:50 INFO  [Main] [Imix]: [ImixAI][SEARCH] phase=LEARNED FAILURE -> SEARCHING ALTERNATIVE x=0.0 y=105.0 plan=1805 candidate=LATE failures=1806 budget=6 checkpoint=0.0
12:59:50 WARN  [Main] [Imix]: [ImixAI][FAIL] x=1.3 y=105.0 same-region=true -> candidate=CENTER plan=1806 errors=1807/6
12:59:50 INFO  [Main] [Imix]: [ImixAI][ROLLBACK] no safe checkpoint yet; returned to x=0
12:59:50 INFO  [Main] [Imix]: [ImixAI][SEARCH] phase=LEARNED FAILURE -> SEARCHING ALTERNATIVE x=0.0 y=105.0 plan=1806 candidate=CENTER failures=1807 budget=6 checkpoint=0.0
12:59:50 WARN  [Main] [Imix]: [ImixAI][FAIL] x=1.3 y=105.0 same-region=true -> candidate=EARLY plan=1807 errors=1808/6
12:59:50 INFO  [Main] [Imix]: [ImixAI][ROLLBACK] no safe checkpoint yet; returned to x=0
12:59:50 INFO  [Main] [Imix]: [ImixAI][SEARCH] phase=LEARNED FAILURE -> SEARCHING ALTERNATIVE x=0.0 y=105.0 plan=1807 candidate=EARLY failures=1808 budget=6 checkpoint=0.0
12:59:50 WARN  [Main] [Imix]: [ImixAI][FAIL] x=1.3 y=105.0 same-region=true -> candidate=LATE plan=1808 errors=1809/6
12:59:50 INFO  [Main] [Imix]: [ImixAI][ROLLBACK] no safe checkpoint yet; returned to x=0
12:59:50 INFO  [Main] [Imix]: [ImixAI][SEARCH] phase=LEARNED FAILURE -> SEARCHING ALTERNATIVE x=0.0 y=105.0 plan=1808 candidate=LATE failures=1809 budget=6 checkpoint=0.0
12:59:50 WARN  [Main] [Imix]: [ImixAI][FAIL] x=1.3 y=105.0 same-region=true -> candidate=CENTER plan=1809 errors=1810/6
12:59:50 INFO  [Main] [Imix]: [ImixAI][ROLLBACK] no safe checkpoint yet; returned to x=0
12:59:50 INFO  [Main] [Imix]: [ImixAI][SEARCH] phase=LEARNED FAILURE -> SEARCHING ALTERNATIVE x=0.0 y=105.0 plan=1809 candidate=CENTER failures=1810 budget=6 checkpoint=0.0
12:59:50 WARN  [Main] [Imix]: [ImixAI][FAIL] x=1.3 y=105.0 same-region=true -> candidate=EARLY plan=1810 errors=1811/6
12:59:50 INFO  [Main] [Imix]: [ImixAI][ROLLBACK] no safe checkpoint yet; returned to x=0
12:59:50 INFO  [Main] [Imix]: [ImixAI][SEARCH] phase=LEARNED FAILURE -> SEARCHING ALTERNATIVE x=0.0 y=105.0 plan=1810 candidate=EARLY failures=1811 budget=6 checkpoint=0.0
12:59:50 WARN  [Main] [Imix]: [ImixAI][FAIL] x=1.3 y=105.0 same-region=true -> candidate=LATE plan=1811 errors=1812/6
12:59:50 INFO  [Main] [Imix]: [ImixAI][ROLLBACK] no safe checkpoint yet; returned to x=0
12:59:50 INFO  [Main] [Imix]: [ImixAI][SEARCH] phase=LEARNED FAILURE -> SEARCHING ALTERNATIVE x=0.0 y=105.0 plan=1811 candidate=LATE failures=1812 budget=6 checkpoint=0.0
12:59:50 WARN  [Main] [Imix]: [ImixAI][FAIL] x=1.3 y=105.0 same-region=true -> candidate=CENTER plan=1812 errors=1813/6
12:59:50 INFO  [Main] [Imix]: [ImixAI][ROLLBACK] no safe checkpoint yet; returned to x=0
12:59:50 INFO  [Main] [Imix]: [ImixAI][SEARCH] phase=LEARNED FAILURE -> SEARCHING ALTERNATIVE x=0.0 y=105.0 plan=1812 candidate=CENTER failures=1813 budget=6 checkpoint=0.0
12:59:50 WARN  [Main] [Imix]: [ImixAI][FAIL] x=1.3 y=105.0 same-region=true -> candidate=EARLY plan=1813 errors=1814/6
12:59:50 INFO  [Main] [Imix]: [ImixAI][ROLLBACK] no safe checkpoint yet; returned to x=0
12:59:50 INFO  [Main] [Imix]: [ImixAI][SEARCH] phase=LEARNED FAILURE -> SEARCHING ALTERNATIVE x=0.0 y=105.0 plan=1813 candidate=EARLY failures=1814 budget=6 checkpoint=0.0
12:59:50 WARN  [Main] [Imix]: [ImixAI][FAIL] x=1.3 y=105.0 same-region=true -> candidate=LATE plan=1814 errors=1815/6
12:59:50 INFO  [Main] [Imix]: [ImixAI][ROLLBACK] no safe checkpoint yet; returned to x=0
12:59:50 INFO  [Main] [Imix]: [ImixAI][SEARCH] phase=LEARNED FAILURE -> SEARCHING ALTERNATIVE x=0.0 y=105.0 plan=1814 candidate=LATE failures=1815 budget=6 checkpoint=0.0
12:59:50 WARN  [Main] [Imix]: [ImixAI][FAIL] x=1.3 y=105.0 same-region=true -> candidate=CENTER plan=1815 errors=1816/6
12:59:50 INFO  [Main] [Imix]: [ImixAI][ROLLBACK] no safe checkpoint yet; returned to x=0
12:59:50 INFO  [Main] [Imix]: [ImixAI][SEARCH] phase=LEARNED FAILURE -> SEARCHING ALTERNATIVE x=0.0 y=105.0 plan=1815 candidate=CENTER failures=1816 budget=6 checkpoint=0.0
12:59:50 WARN  [Main] [Imix]: [ImixAI][FAIL] x=1.3 y=105.0 same-region=true -> candidate=EARLY plan=1816 errors=1817/6
12:59:50 INFO  [Main] [Imix]: [ImixAI][ROLLBACK] no safe checkpoint yet; returned to x=0
12:59:50 INFO  [Main] [Imix]: [ImixAI][SEARCH] phase=LEARNED FAILURE -> SEARCHING ALTERNATIVE x=0.0 y=105.0 plan=1816 candidate=EARLY failures=1817 budget=6 checkpoint=0.0
12:59:50 WARN  [Main] [Imix]: [ImixAI][FAIL] x=1.3 y=105.0 same-region=true -> candidate=LATE plan=1817 errors=1818/6
12:59:50 INFO  [Main] [Imix]: [ImixAI][ROLLBACK] no safe checkpoint yet; returned to x=0
12:59:50 INFO  [Main] [Imix]: [ImixAI][SEARCH] phase=LEARNED FAILURE -> SEARCHING ALTERNATIVE x=0.0 y=105.0 plan=1817 candidate=LATE failures=1818 budget=6 checkpoint=0.0
12:59:50 WARN  [Main] [Imix]: [ImixAI][FAIL] x=1.3 y=105.0 same-region=true -> candidate=CENTER plan=1818 errors=1819/6
12:59:50 INFO  [Main] [Imix]: [ImixAI][ROLLBACK] no safe checkpoint yet; returned to x=0
12:59:50 INFO  [Main] [Imix]: [ImixAI][SEARCH] phase=LEARNED FAILURE -> SEARCHING ALTERNATIVE x=0.0 y=105.0 plan=1818 candidate=CENTER failures=1819 budget=6 checkpoint=0.0
12:59:50 WARN  [Main] [Imix]: [ImixAI][FAIL] x=1.3 y=105.0 same-region=true -> candidate=EARLY plan=1819 errors=1820/6
12:59:50 INFO  [Main] [Imix]: [ImixAI][ROLLBACK] no safe checkpoint yet; returned to x=0
12:59:50 INFO  [Main] [Imix]: [ImixAI][SEARCH] phase=LEARNED FAILURE -> SEARCHING ALTERNATIVE x=0.0 y=105.0 plan=1819 candidate=EARLY failures=1820 budget=6 checkpoint=0.0
12:59:50 WARN  [Main] [Imix]: [ImixAI][FAIL] x=1.3 y=105.0 same-region=true -> candidate=LATE plan=1820 errors=1821/6
12:59:50 INFO  [Main] [Imix]: [ImixAI][ROLLBACK] no safe checkpoint yet; returned to x=0
12:59:50 INFO  [Main] [Imix]: [ImixAI][SEARCH] phase=LEARNED FAILURE -> SEARCHING ALTERNATIVE x=0.0 y=105.0 plan=1820 candidate=LATE failures=1821 budget=6 checkpoint=0.0
12:59:50 WARN  [Main] [Imix]: [ImixAI][FAIL] x=1.3 y=105.0 same-region=true -> candidate=CENTER plan=1821 errors=1822/6
12:59:50 INFO  [Main] [Imix]: [ImixAI][ROLLBACK] no safe checkpoint yet; returned to x=0
12:59:50 INFO  [Main] [Imix]: [ImixAI][SEARCH] phase=LEARNED FAILURE -> SEARCHING ALTERNATIVE x=0.0 y=105.0 plan=1821 candidate=CENTER failures=1822 budget=6 checkpoint=0.0
12:59:50 WARN  [Main] [Imix]: [ImixAI][FAIL] x=1.3 y=105.0 same-region=true -> candidate=EARLY plan=1822 errors=1823/6
12:59:50 INFO  [Main] [Imix]: [ImixAI][ROLLBACK] no safe checkpoint yet; returned to x=0
12:59:50 INFO  [Main] [Imix]: [ImixAI][SEARCH] phase=LEARNED FAILURE -> SEARCHING ALTERNATIVE x=0.0 y=105.0 plan=1822 candidate=EARLY failures=1823 budget=6 checkpoint=0.0
12:59:50 WARN  [Main] [Imix]: [ImixAI][FAIL] x=1.3 y=105.0 same-region=true -> candidate=LATE plan=1823 errors=1824/6
12:59:50 INFO  [Main] [Imix]: [ImixAI][ROLLBACK] no safe checkpoint yet; returned to x=0
12:59:50 INFO  [Main] [Imix]: [ImixAI][SEARCH] phase=LEARNED FAILURE -> SEARCHING ALTERNATIVE x=0.0 y=105.0 plan=1823 candidate=LATE failures=1824 budget=6 checkpoint=0.0
12:59:50 WARN  [Main] [Imix]: [ImixAI][FAIL] x=1.3 y=105.0 same-region=true -> candidate=CENTER plan=1824 errors=1825/6
12:59:50 INFO  [Main] [Imix]: [ImixAI][ROLLBACK] no safe checkpoint yet; returned to x=0
12:59:50 INFO  [Main] [Imix]: [ImixAI][SEARCH] phase=LEARNED FAILURE -> SEARCHING ALTERNATIVE x=0.0 y=105.0 plan=1824 candidate=CENTER failures=1825 budget=6 checkpoint=0.0
12:59:50 WARN  [Main] [Imix]: [ImixAI][FAIL] x=1.3 y=105.0 same-region=true -> candidate=EARLY plan=1825 errors=1826/6
12:59:50 INFO  [Main] [Imix]: [ImixAI][ROLLBACK] no safe checkpoint yet; returned to x=0
12:59:50 INFO  [Main] [Imix]: [ImixAI][SEARCH] phase=LEARNED FAILURE -> SEARCHING ALTERNATIVE x=0.0 y=105.0 plan=1825 candidate=EARLY failures=1826 budget=6 checkpoint=0.0
12:59:50 WARN  [Main] [Imix]: [ImixAI][FAIL] x=1.3 y=105.0 same-region=true -> candidate=LATE plan=1826 errors=1827/6
12:59:50 INFO  [Main] [Imix]: [ImixAI][ROLLBACK] no safe checkpoint yet; returned to x=0
12:59:50 INFO  [Main] [Imix]: [ImixAI][SEARCH] phase=LEARNED FAILURE -> SEARCHING ALTERNATIVE x=0.0 y=105.0 plan=1826 candidate=LATE failures=1827 budget=6 checkpoint=0.0
12:59:50 WARN  [Main] [Imix]: [ImixAI][FAIL] x=1.3 y=105.0 same-region=true -> candidate=CENTER plan=1827 errors=1828/6
12:59:50 INFO  [Main] [Imix]: [ImixAI][ROLLBACK] no safe checkpoint yet; returned to x=0
12:59:50 INFO  [Main] [Imix]: [ImixAI][SEARCH] phase=LEARNED FAILURE -> SEARCHING ALTERNATIVE x=0.0 y=105.0 plan=1827 candidate=CENTER failures=1828 budget=6 checkpoint=0.0
12:59:50 WARN  [Main] [Imix]: [ImixAI][FAIL] x=1.3 y=105.0 same-region=true -> candidate=EARLY plan=1828 errors=1829/6
12:59:50 INFO  [Main] [Imix]: [ImixAI][ROLLBACK] no safe checkpoint yet; returned to x=0
12:59:50 INFO  [Main] [Imix]: [ImixAI][SEARCH] phase=LEARNED FAILURE -> SEARCHING ALTERNATIVE x=0.0 y=105.0 plan=1828 candidate=EARLY failures=1829 budget=6 checkpoint=0.0
12:59:51 WARN  [Main] [Imix]: [ImixAI][FAIL] x=1.3 y=105.0 same-region=true -> candidate=LATE plan=1829 errors=1830/6
12:59:51 INFO  [Main] [Imix]: [ImixAI][ROLLBACK] no safe checkpoint yet; returned to x=0
12:59:51 INFO  [Main] [Imix]: [ImixAI][SEARCH] phase=LEARNED FAILURE -> SEARCHING ALTERNATIVE x=0.0 y=105.0 plan=1829 candidate=LATE failures=1830 budget=6 checkpoint=0.0
12:59:51 WARN  [Main] [Imix]: [ImixAI][FAIL] x=1.3 y=105.0 same-region=true -> candidate=CENTER plan=1830 errors=1831/6
12:59:51 INFO  [Main] [Imix]: [ImixAI][ROLLBACK] no safe checkpoint yet; returned to x=0
12:59:51 INFO  [Main] [Imix]: [ImixAI][SEARCH] phase=LEARNED FAILURE -> SEARCHING ALTERNATIVE x=0.0 y=105.0 plan=1830 candidate=CENTER failures=1831 budget=6 checkpoint=0.0
12:59:51 WARN  [Main] [Imix]: [ImixAI][FAIL] x=1.3 y=105.0 same-region=true -> candidate=EARLY plan=1831 errors=1832/6
12:59:51 INFO  [Main] [Imix]: [ImixAI][ROLLBACK] no safe checkpoint yet; returned to x=0
12:59:51 INFO  [Main] [Imix]: [ImixAI][SEARCH] phase=LEARNED FAILURE -> SEARCHING ALTERNATIVE x=0.0 y=105.0 plan=1831 candidate=EARLY failures=1832 budget=6 checkpoint=0.0
12:59:51 WARN  [Main] [Imix]: [ImixAI][FAIL] x=1.3 y=105.0 same-region=true -> candidate=LATE plan=1832 errors=1833/6
12:59:51 INFO  [Main] [Imix]: [ImixAI][ROLLBACK] no safe checkpoint yet; returned to x=0
12:59:51 INFO  [Main] [Imix]: [ImixAI][SEARCH] phase=LEARNED FAILURE -> SEARCHING ALTERNATIVE x=0.0 y=105.0 plan=1832 candidate=LATE failures=1833 budget=6 checkpoint=0.0
12:59:51 WARN  [Main] [Imix]: [ImixAI][FAIL] x=1.3 y=105.0 same-region=true -> candidate=CENTER plan=1833 errors=1834/6
12:59:51 INFO  [Main] [Imix]: [ImixAI][ROLLBACK] no safe checkpoint yet; returned to x=0
12:59:51 INFO  [Main] [Imix]: [ImixAI][SEARCH] phase=LEARNED FAILURE -> SEARCHING ALTERNATIVE x=0.0 y=105.0 plan=1833 candidate=CENTER failures=1834 budget=6 checkpoint=0.0
12:59:51 WARN  [Main] [Imix]: [ImixAI][FAIL] x=1.3 y=105.0 same-region=true -> candidate=EARLY plan=1834 errors=1835/6
12:59:51 INFO  [Main] [Imix]: [ImixAI][ROLLBACK] no safe checkpoint yet; returned to x=0
12:59:51 INFO  [Main] [Imix]: [ImixAI][SEARCH] phase=LEARNED FAILURE -> SEARCHING ALTERNATIVE x=0.0 y=105.0 plan=1834 candidate=EARLY failures=1835 budget=6 checkpoint=0.0
12:59:51 WARN  [Main] [Imix]: [ImixAI][FAIL] x=1.3 y=105.0 same-region=true -> candidate=LATE plan=1835 errors=1836/6
12:59:51 INFO  [Main] [Imix]: [ImixAI][ROLLBACK] no safe checkpoint yet; returned to x=0
12:59:51 INFO  [Main] [Imix]: [ImixAI][SEARCH] phase=LEARNED FAILURE -> SEARCHING ALTERNATIVE x=0.0 y=105.0 plan=1835 candidate=LATE failures=1836 budget=6 checkpoint=0.0
12:59:51 WARN  [Main] [Imix]: [ImixAI][FAIL] x=1.3 y=105.0 same-region=true -> candidate=CENTER plan=1836 errors=1837/6
12:59:51 INFO  [Main] [Imix]: [ImixAI][ROLLBACK] no safe checkpoint yet; returned to x=0
12:59:51 INFO  [Main] [Imix]: [ImixAI][SEARCH] phase=LEARNED FAILURE -> SEARCHING ALTERNATIVE x=0.0 y=105.0 plan=1836 candidate=CENTER failures=1837 budget=6 checkpoint=0.0
12:59:51 WARN  [Main] [Imix]: [ImixAI][FAIL] x=1.3 y=105.0 same-region=true -> candidate=EARLY plan=1837 errors=1838/6
12:59:51 INFO  [Main] [Imix]: [ImixAI][ROLLBACK] no safe checkpoint yet; returned to x=0
12:59:51 INFO  [Main] [Imix]: [ImixAI][SEARCH] phase=LEARNED FAILURE -> SEARCHING ALTERNATIVE x=0.0 y=105.0 plan=1837 candidate=EARLY failures=1838 budget=6 checkpoint=0.0
12:59:51 WARN  [Main] [Imix]: [ImixAI][FAIL] x=1.3 y=105.0 same-region=true -> candidate=LATE plan=1838 errors=1839/6
12:59:51 INFO  [Main] [Imix]: [ImixAI][ROLLBACK] no safe checkpoint yet; returned to x=0
12:59:51 INFO  [Main] [Imix]: [ImixAI][SEARCH] phase=LEARNED FAILURE -> SEARCHING ALTERNATIVE x=0.0 y=105.0 plan=1838 candidate=LATE failures=1839 budget=6 checkpoint=0.0
12:59:51 WARN  [Main] [Imix]: [ImixAI][FAIL] x=1.3 y=105.0 same-region=true -> candidate=CENTER plan=1839 errors=1840/6
12:59:51 INFO  [Main] [Imix]: [ImixAI][ROLLBACK] no safe checkpoint yet; returned to x=0
12:59:51 INFO  [Main] [Imix]: [ImixAI][SEARCH] phase=LEARNED FAILURE -> SEARCHING ALTERNATIVE x=0.0 y=105.0 plan=1839 candidate=CENTER failures=1840 budget=6 checkpoint=0.0
12:59:51 WARN  [Main] [Imix]: [ImixAI][FAIL] x=1.3 y=105.0 same-region=true -> candidate=EARLY plan=1840 errors=1841/6
12:59:51 INFO  [Main] [Imix]: [ImixAI][ROLLBACK] no safe checkpoint yet; returned to x=0
12:59:51 INFO  [Main] [Imix]: [ImixAI][SEARCH] phase=LEARNED FAILURE -> SEARCHING ALTERNATIVE x=0.0 y=105.0 plan=1840 candidate=EARLY failures=1841 budget=6 checkpoint=0.0
12:59:51 WARN  [Main] [Imix]: [ImixAI][FAIL] x=1.3 y=105.0 same-region=true -> candidate=LATE plan=1841 errors=1842/6
12:59:51 INFO  [Main] [Imix]: [ImixAI][ROLLBACK] no safe checkpoint yet; returned to x=0
12:59:51 INFO  [Main] [Imix]: [ImixAI][SEARCH] phase=LEARNED FAILURE -> SEARCHING ALTERNATIVE x=0.0 y=105.0 plan=1841 candidate=LATE failures=1842 budget=6 checkpoint=0.0
12:59:51 WARN  [Main] [Imix]: [ImixAI][FAIL] x=1.3 y=105.0 same-region=true -> candidate=CENTER plan=1842 errors=1843/6
12:59:51 INFO  [Main] [Imix]: [ImixAI][ROLLBACK] no safe checkpoint yet; returned to x=0
12:59:51 INFO  [Main] [Imix]: [ImixAI][SEARCH] phase=LEARNED FAILURE -> SEARCHING ALTERNATIVE x=0.0 y=105.0 plan=1842 candidate=CENTER failures=1843 budget=6 checkpoint=0.0
12:59:51 WARN  [Main] [Imix]: [ImixAI][FAIL] x=1.3 y=105.0 same-region=true -> candidate=EARLY plan=1843 errors=1844/6
12:59:51 INFO  [Main] [Imix]: [ImixAI][ROLLBACK] no safe checkpoint yet; returned to x=0
12:59:51 INFO  [Main] [Imix]: [ImixAI][SEARCH] phase=LEARNED FAILURE -> SEARCHING ALTERNATIVE x=0.0 y=105.0 plan=1843 candidate=EARLY failures=1844 budget=6 checkpoint=0.0
12:59:51 WARN  [Main] [Imix]: [ImixAI][FAIL] x=1.3 y=105.0 same-region=true -> candidate=LATE plan=1844 errors=1845/6
12:59:51 INFO  [Main] [Imix]: [ImixAI][ROLLBACK] no safe checkpoint yet; returned to x=0
12:59:51 INFO  [Main] [Imix]: [ImixAI][SEARCH] phase=LEARNED FAILURE -> SEARCHING ALTERNATIVE x=0.0 y=105.0 plan=1844 candidate=LATE failures=1845 budget=6 checkpoint=0.0
12:59:51 WARN  [Main] [Imix]: [ImixAI][FAIL] x=1.3 y=105.0 same-region=true -> candidate=CENTER plan=1845 errors=1846/6
12:59:51 INFO  [Main] [Imix]: [ImixAI][ROLLBACK] no safe checkpoint yet; returned to x=0
12:59:51 INFO  [Main] [Imix]: [ImixAI][SEARCH] phase=LEARNED FAILURE -> SEARCHING ALTERNATIVE x=0.0 y=105.0 plan=1845 candidate=CENTER failures=1846 budget=6 checkpoint=0.0
12:59:51 WARN  [Main] [Imix]: [ImixAI][FAIL] x=1.3 y=105.0 same-region=true -> candidate=EARLY plan=1846 errors=1847/6
12:59:51 INFO  [Main] [Imix]: [ImixAI][ROLLBACK] no safe checkpoint yet; returned to x=0
12:59:51 INFO  [Main] [Imix]: [ImixAI][SEARCH] phase=LEARNED FAILURE -> SEARCHING ALTERNATIVE x=0.0 y=105.0 plan=1846 candidate=EARLY failures=1847 budget=6 checkpoint=0.0
12:59:51 WARN  [Main] [Imix]: [ImixAI][FAIL] x=1.3 y=105.0 same-region=true -> candidate=LATE plan=1847 errors=1848/6
12:59:51 INFO  [Main] [Imix]: [ImixAI][ROLLBACK] no safe checkpoint yet; returned to x=0
12:59:51 INFO  [Main] [Imix]: [ImixAI][SEARCH] phase=LEARNED FAILURE -> SEARCHING ALTERNATIVE x=0.0 y=105.0 plan=1847 candidate=LATE failures=1848 budget=6 checkpoint=0.0
12:59:51 WARN  [Main] [Imix]: [ImixAI][FAIL] x=1.3 y=105.0 same-region=true -> candidate=CENTER plan=1848 errors=1849/6
12:59:51 INFO  [Main] [Imix]: [ImixAI][ROLLBACK] no safe checkpoint yet; returned to x=0
12:59:51 INFO  [Main] [Imix]: [ImixAI][SEARCH] phase=LEARNED FAILURE -> SEARCHING ALTERNATIVE x=0.0 y=105.0 plan=1848 candidate=CENTER failures=1849 budget=6 checkpoint=0.0
12:59:51 WARN  [Main] [Imix]: [ImixAI][FAIL] x=1.3 y=105.0 same-region=true -> candidate=EARLY plan=1849 errors=1850/6
12:59:51 INFO  [Main] [Imix]: [ImixAI][ROLLBACK] no safe checkpoint yet; returned to x=0
12:59:51 INFO  [Main] [Imix]: [ImixAI][SEARCH] phase=LEARNED FAILURE -> SEARCHING ALTERNATIVE x=0.0 y=105.0 plan=1849 candidate=EARLY failures=1850 budget=6 checkpoint=0.0
12:59:51 WARN  [Main] [Imix]: [ImixAI][FAIL] x=1.3 y=105.0 same-region=true -> candidate=LATE plan=1850 errors=1851/6
12:59:51 INFO  [Main] [Imix]: [ImixAI][ROLLBACK] no safe checkpoint yet; returned to x=0
12:59:51 INFO  [Main] [Imix]: [ImixAI][SEARCH] phase=LEARNED FAILURE -> SEARCHING ALTERNATIVE x=0.0 y=105.0 plan=1850 candidate=LATE failures=1851 budget=6 checkpoint=0.0
12:59:51 WARN  [Main] [Imix]: [ImixAI][FAIL] x=1.3 y=105.0 same-region=true -> candidate=CENTER plan=1851 errors=1852/6
12:59:51 INFO  [Main] [Imix]: [ImixAI][ROLLBACK] no safe checkpoint yet; returned to x=0
12:59:51 INFO  [Main] [Imix]: [ImixAI][SEARCH] phase=LEARNED FAILURE -> SEARCHING ALTERNATIVE x=0.0 y=105.0 plan=1851 candidate=CENTER failures=1852 budget=6 checkpoint=0.0
12:59:51 WARN  [Main] [Imix]: [ImixAI][FAIL] x=1.3 y=105.0 same-region=true -> candidate=EARLY plan=1852 errors=1853/6
12:59:51 INFO  [Main] [Imix]: [ImixAI][ROLLBACK] no safe checkpoint yet; returned to x=0
12:59:51 INFO  [Main] [Imix]: [ImixAI][SEARCH] phase=LEARNED FAILURE -> SEARCHING ALTERNATIVE x=0.0 y=105.0 plan=1852 candidate=EARLY failures=1853 budget=6 checkpoint=0.0
12:59:51 WARN  [Main] [Imix]: [ImixAI][FAIL] x=1.3 y=105.0 same-region=true -> candidate=LATE plan=1853 errors=1854/6
12:59:51 INFO  [Main] [Imix]: [ImixAI][ROLLBACK] no safe checkpoint yet; returned to x=0
12:59:51 INFO  [Main] [Imix]: [ImixAI][SEARCH] phase=LEARNED FAILURE -> SEARCHING ALTERNATIVE x=0.0 y=105.0 plan=1853 candidate=LATE failures=1854 budget=6 checkpoint=0.0
12:59:51 WARN  [Main] [Imix]: [ImixAI][FAIL] x=1.3 y=105.0 same-region=true -> candidate=CENTER plan=1854 errors=1855/6
12:59:51 INFO  [Main] [Imix]: [ImixAI][ROLLBACK] no safe checkpoint yet; returned to x=0
12:59:51 INFO  [Main] [Imix]: [ImixAI][SEARCH] phase=LEARNED FAILURE -> SEARCHING ALTERNATIVE x=0.0 y=105.0 plan=1854 candidate=CENTER failures=1855 budget=6 checkpoint=0.0
12:59:51 WARN  [Main] [Imix]: [ImixAI][FAIL] x=1.3 y=105.0 same-region=true -> candidate=EARLY plan=1855 errors=1856/6
12:59:51 INFO  [Main] [Imix]: [ImixAI][ROLLBACK] no safe checkpoint yet; returned to x=0
12:59:51 INFO  [Main] [Imix]: [ImixAI][SEARCH] phase=LEARNED FAILURE -> SEARCHING ALTERNATIVE x=0.0 y=105.0 plan=1855 candidate=EARLY failures=1856 budget=6 checkpoint=0.0
12:59:51 WARN  [Main] [Imix]: [ImixAI][FAIL] x=1.3 y=105.0 same-region=true -> candidate=LATE plan=1856 errors=1857/6
12:59:51 INFO  [Main] [Imix]: [ImixAI][ROLLBACK] no safe checkpoint yet; returned to x=0
12:59:51 INFO  [Main] [Imix]: [ImixAI][SEARCH] phase=LEARNED FAILURE -> SEARCHING ALTERNATIVE x=0.0 y=105.0 plan=1856 candidate=LATE failures=1857 budget=6 checkpoint=0.0
12:59:51 WARN  [Main] [Imix]: [ImixAI][FAIL] x=1.3 y=105.0 same-region=true -> candidate=CENTER plan=1857 errors=1858/6
12:59:51 INFO  [Main] [Imix]: [ImixAI][ROLLBACK] no safe checkpoint yet; returned to x=0
12:59:51 INFO  [Main] [Imix]: [ImixAI][SEARCH] phase=LEARNED FAILURE -> SEARCHING ALTERNATIVE x=0.0 y=105.0 plan=1857 candidate=CENTER failures=1858 budget=6 checkpoint=0.0
12:59:51 WARN  [Main] [Imix]: [ImixAI][FAIL] x=1.3 y=105.0 same-region=true -> candidate=EARLY plan=1858 errors=1859/6
12:59:51 INFO  [Main] [Imix]: [ImixAI][ROLLBACK] no safe checkpoint yet; returned to x=0
12:59:51 INFO  [Main] [Imix]: [ImixAI][SEARCH] phase=LEARNED FAILURE -> SEARCHING ALTERNATIVE x=0.0 y=105.0 plan=1858 candidate=EARLY failures=1859 budget=6 checkpoint=0.0
12:59:51 WARN  [Main] [Imix]: [ImixAI][FAIL] x=1.3 y=105.0 same-region=true -> candidate=LATE plan=1859 errors=1860/6
12:59:51 INFO  [Main] [Imix]: [ImixAI][ROLLBACK] no safe checkpoint yet; returned to x=0
12:59:51 INFO  [Main] [Imix]: [ImixAI][SEARCH] phase=LEARNED FAILURE -> SEARCHING ALTERNATIVE x=0.0 y=105.0 plan=1859 candidate=LATE failures=1860 budget=6 checkpoint=0.0
12:59:51 WARN  [Main] [Imix]: [ImixAI][FAIL] x=1.3 y=105.0 same-region=true -> candidate=CENTER plan=1860 errors=1861/6
12:59:51 INFO  [Main] [Imix]: [ImixAI][ROLLBACK] no safe checkpoint yet; returned to x=0
12:59:51 INFO  [Main] [Imix]: [ImixAI][SEARCH] phase=LEARNED FAILURE -> SEARCHING ALTERNATIVE x=0.0 y=105.0 plan=1860 candidate=CENTER failures=1861 budget=6 checkpoint=0.0
12:59:51 WARN  [Main] [Imix]: [ImixAI][FAIL] x=1.3 y=105.0 same-region=true -> candidate=EARLY plan=1861 errors=1862/6
12:59:51 INFO  [Main] [Imix]: [ImixAI][ROLLBACK] no safe checkpoint yet; returned to x=0
12:59:51 INFO  [Main] [Imix]: [ImixAI][SEARCH] phase=LEARNED FAILURE -> SEARCHING ALTERNATIVE x=0.0 y=105.0 plan=1861 candidate=EARLY failures=1862 budget=6 checkpoint=0.0
12:59:51 WARN  [Main] [Imix]: [ImixAI][FAIL] x=1.3 y=105.0 same-region=true -> candidate=LATE plan=1862 errors=1863/6
12:59:51 INFO  [Main] [Imix]: [ImixAI][ROLLBACK] no safe checkpoint yet; returned to x=0
12:59:51 INFO  [Main] [Imix]: [ImixAI][SEARCH] phase=LEARNED FAILURE -> SEARCHING ALTERNATIVE x=0.0 y=105.0 plan=1862 candidate=LATE failures=1863 budget=6 checkpoint=0.0
12:59:51 WARN  [Main] [Imix]: [ImixAI][FAIL] x=1.3 y=105.0 same-region=true -> candidate=CENTER plan=1863 errors=1864/6
12:59:51 INFO  [Main] [Imix]: [ImixAI][ROLLBACK] no safe checkpoint yet; returned to x=0
12:59:51 INFO  [Main] [Imix]: [ImixAI][SEARCH] phase=LEARNED FAILURE -> SEARCHING ALTERNATIVE x=0.0 y=105.0 plan=1863 candidate=CENTER failures=1864 budget=6 checkpoint=0.0
12:59:51 WARN  [Main] [Imix]: [ImixAI][FAIL] x=1.3 y=105.0 same-region=true -> candidate=EARLY plan=1864 errors=1865/6
12:59:51 INFO  [Main] [Imix]: [ImixAI][ROLLBACK] no safe checkpoint yet; returned to x=0
12:59:51 INFO  [Main] [Imix]: [ImixAI][SEARCH] phase=LEARNED FAILURE -> SEARCHING ALTERNATIVE x=0.0 y=105.0 plan=1864 candidate=EARLY failures=1865 budget=6 checkpoint=0.0
12:59:51 WARN  [Main] [Imix]: [ImixAI][FAIL] x=1.3 y=105.0 same-region=true -> candidate=LATE plan=1865 errors=1866/6
12:59:51 INFO  [Main] [Imix]: [ImixAI][ROLLBACK] no safe checkpoint yet; returned to x=0
12:59:51 INFO  [Main] [Imix]: [ImixAI][SEARCH] phase=LEARNED FAILURE -> SEARCHING ALTERNATIVE x=0.0 y=105.0 plan=1865 candidate=LATE failures=1866 budget=6 checkpoint=0.0
12:59:51 WARN  [Main] [Imix]: [ImixAI][FAIL] x=1.3 y=105.0 same-region=true -> candidate=CENTER plan=1866 errors=1867/6
12:59:51 INFO  [Main] [Imix]: [ImixAI][ROLLBACK] no safe checkpoint yet; returned to x=0
12:59:51 INFO  [Main] [Imix]: [ImixAI][SEARCH] phase=LEARNED FAILURE -> SEARCHING ALTERNATIVE x=0.0 y=105.0 plan=1866 candidate=CENTER failures=1867 budget=6 checkpoint=0.0
12:59:51 WARN  [Main] [Imix]: [ImixAI][FAIL] x=1.3 y=105.0 same-region=true -> candidate=EARLY plan=1867 errors=1868/6
12:59:51 INFO  [Main] [Imix]: [ImixAI][ROLLBACK] no safe checkpoint yet; returned to x=0
12:59:51 INFO  [Main] [Imix]: [ImixAI][SEARCH] phase=LEARNED FAILURE -> SEARCHING ALTERNATIVE x=0.0 y=105.0 plan=1867 candidate=EARLY failures=1868 budget=6 checkpoint=0.0
12:59:51 WARN  [Main] [Imix]: [ImixAI][FAIL] x=1.3 y=105.0 same-region=true -> candidate=LATE plan=1868 errors=1869/6
12:59:51 INFO  [Main] [Imix]: [ImixAI][ROLLBACK] no safe checkpoint yet; returned to x=0
12:59:51 INFO  [Main] [Imix]: [ImixAI][SEARCH] phase=LEARNED FAILURE -> SEARCHING ALTERNATIVE x=0.0 y=105.0 plan=1868 candidate=LATE failures=1869 budget=6 checkpoint=0.0
12:59:51 WARN  [Main] [Imix]: [ImixAI][FAIL] x=1.3 y=105.0 same-region=true -> candidate=CENTER plan=1869 errors=1870/6
12:59:51 INFO  [Main] [Imix]: [ImixAI][ROLLBACK] no safe checkpoint yet; returned to x=0
12:59:51 INFO  [Main] [Imix]: [ImixAI][SEARCH] phase=LEARNED FAILURE -> SEARCHING ALTERNATIVE x=0.0 y=105.0 plan=1869 candidate=CENTER failures=1870 budget=6 checkpoint=0.0
12:59:51 WARN  [Main] [Imix]: [ImixAI][FAIL] x=1.3 y=105.0 same-region=true -> candidate=EARLY plan=1870 errors=1871/6
12:59:51 INFO  [Main] [Imix]: [ImixAI][ROLLBACK] no safe checkpoint yet; returned to x=0
12:59:51 INFO  [Main] [Imix]: [ImixAI][SEARCH] phase=LEARNED FAILURE -> SEARCHING ALTERNATIVE x=0.0 y=105.0 plan=1870 candidate=EARLY failures=1871 budget=6 checkpoint=0.0
12:59:51 WARN  [Main] [Imix]: [ImixAI][FAIL] x=1.3 y=105.0 same-region=true -> candidate=LATE plan=1871 errors=1872/6
12:59:51 INFO  [Main] [Imix]: [ImixAI][ROLLBACK] no safe checkpoint yet; returned to x=0
12:59:51 INFO  [Main] [Imix]: [ImixAI][SEARCH] phase=LEARNED FAILURE -> SEARCHING ALTERNATIVE x=0.0 y=105.0 plan=1871 candidate=LATE failures=1872 budget=6 checkpoint=0.0
12:59:51 WARN  [Main] [Imix]: [ImixAI][FAIL] x=1.3 y=105.0 same-region=true -> candidate=CENTER plan=1872 errors=1873/6
12:59:51 INFO  [Main] [Imix]: [ImixAI][ROLLBACK] no safe checkpoint yet; returned to x=0
12:59:51 INFO  [Main] [Imix]: [ImixAI][SEARCH] phase=LEARNED FAILURE -> SEARCHING ALTERNATIVE x=0.0 y=105.0 plan=1872 candidate=CENTER failures=1873 budget=6 checkpoint=0.0
12:59:51 WARN  [Main] [Imix]: [ImixAI][FAIL] x=1.3 y=105.0 same-region=true -> candidate=EARLY plan=1873 errors=1874/6
12:59:51 INFO  [Main] [Imix]: [ImixAI][ROLLBACK] no safe checkpoint yet; returned to x=0
12:59:51 INFO  [Main] [Imix]: [ImixAI][SEARCH] phase=LEARNED FAILURE -> SEARCHING ALTERNATIVE x=0.0 y=105.0 plan=1873 candidate=EARLY failures=1874 budget=6 checkpoint=0.0
12:59:51 WARN  [Main] [Imix]: [ImixAI][FAIL] x=1.3 y=105.0 same-region=true -> candidate=LATE plan=1874 errors=1875/6
12:59:51 INFO  [Main] [Imix]: [ImixAI][ROLLBACK] no safe checkpoint yet; returned to x=0
12:59:51 INFO  [Main] [Imix]: [ImixAI][SEARCH] phase=LEARNED FAILURE -> SEARCHING ALTERNATIVE x=0.0 y=105.0 plan=1874 candidate=LATE failures=1875 budget=6 checkpoint=0.0
12:59:51 WARN  [Main] [Imix]: [ImixAI][FAIL] x=1.3 y=105.0 same-region=true -> candidate=CENTER plan=1875 errors=1876/6
12:59:51 INFO  [Main] [Imix]: [ImixAI][ROLLBACK] no safe checkpoint yet; returned to x=0
12:59:51 INFO  [Main] [Imix]: [ImixAI][SEARCH] phase=LEARNED FAILURE -> SEARCHING ALTERNATIVE x=0.0 y=105.0 plan=1875 candidate=CENTER failures=1876 budget=6 checkpoint=0.0
12:59:51 WARN  [Main] [Imix]: [ImixAI][FAIL] x=1.3 y=105.0 same-region=true -> candidate=EARLY plan=1876 errors=1877/6
12:59:51 INFO  [Main] [Imix]: [ImixAI][ROLLBACK] no safe checkpoint yet; returned to x=0
12:59:51 INFO  [Main] [Imix]: [ImixAI][SEARCH] phase=LEARNED FAILURE -> SEARCHING ALTERNATIVE x=0.0 y=105.0 plan=1876 candidate=EARLY failures=1877 budget=6 checkpoint=0.0
12:59:51 WARN  [Main] [Imix]: [ImixAI][FAIL] x=1.3 y=105.0 same-region=true -> candidate=LATE plan=1877 errors=1878/6
12:59:51 INFO  [Main] [Imix]: [ImixAI][ROLLBACK] no safe checkpoint yet; returned to x=0
12:59:51 INFO  [Main] [Imix]: [ImixAI][SEARCH] phase=LEARNED FAILURE -> SEARCHING ALTERNATIVE x=0.0 y=105.0 plan=1877 candidate=LATE failures=1878 budget=6 checkpoint=0.0
12:59:51 WARN  [Main] [Imix]: [ImixAI][FAIL] x=1.3 y=105.0 same-region=true -> candidate=CENTER plan=1878 errors=1879/6
12:59:51 INFO  [Main] [Imix]: [ImixAI][ROLLBACK] no safe checkpoint yet; returned to x=0
12:59:51 INFO  [Main] [Imix]: [ImixAI][SEARCH] phase=LEARNED FAILURE -> SEARCHING ALTERNATIVE x=0.0 y=105.0 plan=1878 candidate=CENTER failures=1879 budget=6 checkpoint=0.0
12:59:51 WARN  [Main] [Imix]: [ImixAI][FAIL] x=1.3 y=105.0 same-region=true -> candidate=EARLY plan=1879 errors=1880/6
12:59:51 INFO  [Main] [Imix]: [ImixAI][ROLLBACK] no safe checkpoint yet; returned to x=0
12:59:51 INFO  [Main] [Imix]: [ImixAI][SEARCH] phase=LEARNED FAILURE -> SEARCHING ALTERNATIVE x=0.0 y=105.0 plan=1879 candidate=EARLY failures=1880 budget=6 checkpoint=0.0
12:59:51 WARN  [Main] [Imix]: [ImixAI][FAIL] x=1.3 y=105.0 same-region=true -> candidate=LATE plan=1880 errors=1881/6
12:59:51 INFO  [Main] [Imix]: [ImixAI][ROLLBACK] no safe checkpoint yet; returned to x=0
12:59:51 INFO  [Main] [Imix]: [ImixAI][SEARCH] phase=LEARNED FAILURE -> SEARCHING ALTERNATIVE x=0.0 y=105.0 plan=1880 candidate=LATE failures=1881 budget=6 checkpoint=0.0
12:59:51 WARN  [Main] [Imix]: [ImixAI][FAIL] x=1.3 y=105.0 same-region=true -> candidate=CENTER plan=1881 errors=1882/6
12:59:51 INFO  [Main] [Imix]: [ImixAI][ROLLBACK] no safe checkpoint yet; returned to x=0
12:59:51 INFO  [Main] [Imix]: [ImixAI][SEARCH] phase=LEARNED FAILURE -> SEARCHING ALTERNATIVE x=0.0 y=105.0 plan=1881 candidate=CENTER failures=1882 budget=6 checkpoint=0.0
12:59:51 WARN  [Main] [Imix]: [ImixAI][FAIL] x=1.3 y=105.0 same-region=true -> candidate=EARLY plan=1882 errors=1883/6
12:59:51 INFO  [Main] [Imix]: [ImixAI][ROLLBACK] no safe checkpoint yet; returned to x=0
12:59:51 INFO  [Main] [Imix]: [ImixAI][SEARCH] phase=LEARNED FAILURE -> SEARCHING ALTERNATIVE x=0.0 y=105.0 plan=1882 candidate=EARLY failures=1883 budget=6 checkpoint=0.0
12:59:51 WARN  [Main] [Imix]: [ImixAI][FAIL] x=1.3 y=105.0 same-region=true -> candidate=LATE plan=1883 errors=1884/6
12:59:51 INFO  [Main] [Imix]: [ImixAI][ROLLBACK] no safe checkpoint yet; returned to x=0
12:59:51 INFO  [Main] [Imix]: [ImixAI][SEARCH] phase=LEARNED FAILURE -> SEARCHING ALTERNATIVE x=0.0 y=105.0 plan=1883 candidate=LATE failures=1884 budget=6 checkpoint=0.0
12:59:51 WARN  [Main] [Imix]: [ImixAI][FAIL] x=1.3 y=105.0 same-region=true -> candidate=CENTER plan=1884 errors=1885/6
12:59:51 INFO  [Main] [Imix]: [ImixAI][ROLLBACK] no safe checkpoint yet; returned to x=0
12:59:51 INFO  [Main] [Imix]: [ImixAI][SEARCH] phase=LEARNED FAILURE -> SEARCHING ALTERNATIVE x=0.0 y=105.0 plan=1884 candidate=CENTER failures=1885 budget=6 checkpoint=0.0
12:59:51 WARN  [Main] [Imix]: [ImixAI][FAIL] x=1.3 y=105.0 same-region=true -> candidate=EARLY plan=1885 errors=1886/6
12:59:51 INFO  [Main] [Imix]: [ImixAI][ROLLBACK] no safe checkpoint yet; returned to x=0
12:59:51 INFO  [Main] [Imix]: [ImixAI][SEARCH] phase=LEARNED FAILURE -> SEARCHING ALTERNATIVE x=0.0 y=105.0 plan=1885 candidate=EARLY failures=1886 budget=6 checkpoint=0.0
12:59:51 WARN  [Main] [Imix]: [ImixAI][FAIL] x=1.3 y=105.0 same-region=true -> candidate=LATE plan=1886 errors=1887/6
12:59:51 INFO  [Main] [Imix]: [ImixAI][ROLLBACK] no safe checkpoint yet; returned to x=0
12:59:51 INFO  [Main] [Imix]: [ImixAI][SEARCH] phase=LEARNED FAILURE -> SEARCHING ALTERNATIVE x=0.0 y=105.0 plan=1886 candidate=LATE failures=1887 budget=6 checkpoint=0.0
12:59:51 WARN  [Main] [Imix]: [ImixAI][FAIL] x=1.3 y=105.0 same-region=true -> candidate=CENTER plan=1887 errors=1888/6
12:59:51 INFO  [Main] [Imix]: [ImixAI][ROLLBACK] no safe checkpoint yet; returned to x=0
12:59:51 INFO  [Main] [Imix]: [ImixAI][SEARCH] phase=LEARNED FAILURE -> SEARCHING ALTERNATIVE x=0.0 y=105.0 plan=1887 candidate=CENTER failures=1888 budget=6 checkpoint=0.0
12:59:51 WARN  [Main] [Imix]: [ImixAI][FAIL] x=1.3 y=105.0 same-region=true -> candidate=EARLY plan=1888 errors=1889/6
12:59:51 INFO  [Main] [Imix]: [ImixAI][ROLLBACK] no safe checkpoint yet; returned to x=0
12:59:51 INFO  [Main] [Imix]: [ImixAI][SEARCH] phase=LEARNED FAILURE -> SEARCHING ALTERNATIVE x=0.0 y=105.0 plan=1888 candidate=EARLY failures=1889 budget=6 checkpoint=0.0
12:59:51 WARN  [Main] [Imix]: [ImixAI][FAIL] x=1.3 y=105.0 same-region=true -> candidate=LATE plan=1889 errors=1890/6
12:59:51 INFO  [Main] [Imix]: [ImixAI][ROLLBACK] no safe checkpoint yet; returned to x=0
12:59:51 INFO  [Main] [Imix]: [ImixAI][SEARCH] phase=LEARNED FAILURE -> SEARCHING ALTERNATIVE x=0.0 y=105.0 plan=1889 candidate=LATE failures=1890 budget=6 checkpoint=0.0
12:59:51 WARN  [Main] [Imix]: [ImixAI][FAIL] x=1.3 y=105.0 same-region=true -> candidate=CENTER plan=1890 errors=1891/6
12:59:51 INFO  [Main] [Imix]: [ImixAI][ROLLBACK] no safe checkpoint yet; returned to x=0
12:59:51 INFO  [Main] [Imix]: [ImixAI][SEARCH] phase=LEARNED FAILURE -> SEARCHING ALTERNATIVE x=0.0 y=105.0 plan=1890 candidate=CENTER failures=1891 budget=6 checkpoint=0.0
12:59:51 WARN  [Main] [Imix]: [ImixAI][FAIL] x=1.3 y=105.0 same-region=true -> candidate=EARLY plan=1891 errors=1892/6
12:59:51 INFO  [Main] [Imix]: [ImixAI][ROLLBACK] no safe checkpoint yet; returned to x=0
12:59:51 INFO  [Main] [Imix]: [ImixAI][SEARCH] phase=LEARNED FAILURE -> SEARCHING ALTERNATIVE x=0.0 y=105.0 plan=1891 candidate=EARLY failures=1892 budget=6 checkpoint=0.0
12:59:51 WARN  [Main] [Imix]: [ImixAI][FAIL] x=1.3 y=105.0 same-region=true -> candidate=LATE plan=1892 errors=1893/6
12:59:51 INFO  [Main] [Imix]: [ImixAI][ROLLBACK] no safe checkpoint yet; returned to x=0
12:59:51 INFO  [Main] [Imix]: [ImixAI][SEARCH] phase=LEARNED FAILURE -> SEARCHING ALTERNATIVE x=0.0 y=105.0 plan=1892 candidate=LATE failures=1893 budget=6 checkpoint=0.0
12:59:51 WARN  [Main] [Imix]: [ImixAI][FAIL] x=1.3 y=105.0 same-region=true -> candidate=CENTER plan=1893 errors=1894/6
12:59:51 INFO  [Main] [Imix]: [ImixAI][ROLLBACK] no safe checkpoint yet; returned to x=0
12:59:51 INFO  [Main] [Imix]: [ImixAI][SEARCH] phase=LEARNED FAILURE -> SEARCHING ALTERNATIVE x=0.0 y=105.0 plan=1893 candidate=CENTER failures=1894 budget=6 checkpoint=0.0
12:59:51 WARN  [Main] [Imix]: [ImixAI][FAIL] x=1.3 y=107.5 same-region=true -> candidate=EARLY plan=1894 errors=1895/6
12:59:51 INFO  [Main] [Imix]: [ImixAI][ROLLBACK] no safe checkpoint yet; returned to x=0
12:59:51 INFO  [Main] [Imix]: [ImixAI][SEARCH] phase=LEARNED FAILURE -> SEARCHING ALTERNATIVE x=0.0 y=107.5 plan=1894 candidate=EARLY failures=1895 budget=6 checkpoint=0.0
12:59:51 WARN  [Main] [Imix]: [ImixAI][FAIL] x=1.3 y=109.9 same-region=true -> candidate=LATE plan=1895 errors=1896/6
12:59:51 INFO  [Main] [Imix]: [ImixAI][ROLLBACK] no safe checkpoint yet; returned to x=0
12:59:51 INFO  [Main] [Imix]: [ImixAI][SEARCH] phase=LEARNED FAILURE -> SEARCHING ALTERNATIVE x=0.0 y=109.9 plan=1895 candidate=LATE failures=1896 budget=6 checkpoint=0.0
12:59:51 WARN  [Main] [Imix]: [ImixAI][FAIL] x=1.3 y=112.3 same-region=true -> candidate=CENTER plan=1896 errors=1897/6
12:59:51 INFO  [Main] [Imix]: [ImixAI][ROLLBACK] no safe checkpoint yet; returned to x=0
12:59:51 INFO  [Main] [Imix]: [ImixAI][SEARCH] phase=LEARNED FAILURE -> SEARCHING ALTERNATIVE x=0.0 y=112.3 plan=1896 candidate=CENTER failures=1897 budget=6 checkpoint=0.0
12:59:51 WARN  [Main] [Imix]: [ImixAI][FAIL] x=1.3 y=114.6 same-region=true -> candidate=EARLY plan=1897 errors=1898/6
12:59:51 INFO  [Main] [Imix]: [ImixAI][ROLLBACK] no safe checkpoint yet; returned to x=0
12:59:51 INFO  [Main] [Imix]: [ImixAI][SEARCH] phase=LEARNED FAILURE -> SEARCHING ALTERNATIVE x=0.0 y=114.6 plan=1897 candidate=EARLY failures=1898 budget=6 checkpoint=0.0
12:59:51 WARN  [Main] [Imix]: [ImixAI][FAIL] x=1.3 y=116.8 same-region=true -> candidate=LATE plan=1898 errors=1899/6
12:59:51 INFO  [Main] [Imix]: [ImixAI][ROLLBACK] no safe checkpoint yet; returned to x=0
12:59:51 INFO  [Main] [Imix]: [ImixAI][SEARCH] phase=LEARNED FAILURE -> SEARCHING ALTERNATIVE x=0.0 y=116.8 plan=1898 candidate=LATE failures=1899 budget=6 checkpoint=0.0
12:59:51 WARN  [Main] [Imix]: [ImixAI][FAIL] x=1.3 y=119.1 same-region=true -> candidate=CENTER plan=1899 errors=1900/6
12:59:51 INFO  [Main] [Imix]: [ImixAI][ROLLBACK] no safe checkpoint yet; returned to x=0
12:59:51 INFO  [Main] [Imix]: [ImixAI][SEARCH] phase=LEARNED FAILURE -> SEARCHING ALTERNATIVE x=0.0 y=119.1 plan=1899 candidate=CENTER failures=1900 budget=6 checkpoint=0.0
12:59:51 WARN  [Main] [Imix]: [ImixAI][FAIL] x=1.3 y=121.2 same-region=true -> candidate=EARLY plan=1900 errors=1901/6
12:59:51 INFO  [Main] [Imix]: [ImixAI][ROLLBACK] no safe checkpoint yet; returned to x=0
12:59:51 INFO  [Main] [Imix]: [ImixAI][SEARCH] phase=LEARNED FAILURE -> SEARCHING ALTERNATIVE x=0.0 y=121.2 plan=1900 candidate=EARLY failures=1901 budget=6 checkpoint=0.0
12:59:51 WARN  [Main] [Imix]: [ImixAI][FAIL] x=1.3 y=123.4 same-region=true -> candidate=LATE plan=1901 errors=1902/6
12:59:51 INFO  [Main] [Imix]: [ImixAI][ROLLBACK] no safe checkpoint yet; returned to x=0
12:59:51 INFO  [Main] [Imix]: [ImixAI][SEARCH] phase=LEARNED FAILURE -> SEARCHING ALTERNATIVE x=0.0 y=123.4 plan=1901 candidate=LATE failures=1902 budget=6 checkpoint=0.0
12:59:51 WARN  [Main] [Imix]: [ImixAI][FAIL] x=1.3 y=125.5 same-region=true -> candidate=CENTER plan=1902 errors=1903/6
12:59:51 INFO  [Main] [Imix]: [ImixAI][ROLLBACK] no safe checkpoint yet; returned to x=0
12:59:51 INFO  [Main] [Imix]: [ImixAI][SEARCH] phase=LEARNED FAILURE -> SEARCHING ALTERNATIVE x=0.0 y=125.5 plan=1902 candidate=CENTER failures=1903 budget=6 checkpoint=0.0
12:59:51 WARN  [Main] [Imix]: [ImixAI][FAIL] x=1.3 y=127.5 same-region=true -> candidate=EARLY plan=1903 errors=1904/6
12:59:51 INFO  [Main] [Imix]: [ImixAI][ROLLBACK] no safe checkpoint yet; returned to x=0
12:59:51 INFO  [Main] [Imix]: [ImixAI][SEARCH] phase=LEARNED FAILURE -> SEARCHING ALTERNATIVE x=0.0 y=127.5 plan=1903 candidate=EARLY failures=1904 budget=6 checkpoint=0.0
12:59:51 WARN  [Main] [Imix]: [ImixAI][FAIL] x=1.3 y=129.5 same-region=true -> candidate=LATE plan=1904 errors=1905/6
12:59:51 INFO  [Main] [Imix]: [ImixAI][ROLLBACK] no safe checkpoint yet; returned to x=0
12:59:51 INFO  [Main] [Imix]: [ImixAI][SEARCH] phase=LEARNED FAILURE -> SEARCHING ALTERNATIVE x=0.0 y=129.5 plan=1904 candidate=LATE failures=1905 budget=6 checkpoint=0.0
12:59:51 WARN  [Main] [Imix]: [ImixAI][FAIL] x=1.3 y=131.4 same-region=true -> candidate=CENTER plan=1905 errors=1906/6
12:59:51 INFO  [Main] [Imix]: [ImixAI][ROLLBACK] no safe checkpoint yet; returned to x=0
12:59:51 INFO  [Main] [Imix]: [ImixAI][SEARCH] phase=LEARNED FAILURE -> SEARCHING ALTERNATIVE x=0.0 y=131.4 plan=1905 candidate=CENTER failures=1906 budget=6 checkpoint=0.0
12:59:51 WARN  [Main] [Imix]: [ImixAI][FAIL] x=1.3 y=133.3 same-region=true -> candidate=EARLY plan=1906 errors=1907/6
12:59:51 INFO  [Main] [Imix]: [ImixAI][ROLLBACK] no safe checkpoint yet; returned to x=0
12:59:51 INFO  [Main] [Imix]: [ImixAI][SEARCH] phase=LEARNED FAILURE -> SEARCHING ALTERNATIVE x=0.0 y=133.3 plan=1906 candidate=EARLY failures=1907 budget=6 checkpoint=0.0
12:59:51 WARN  [Main] [Imix]: [ImixAI][FAIL] x=1.3 y=135.1 same-region=true -> candidate=LATE plan=1907 errors=1908/6
12:59:51 INFO  [Main] [Imix]: [ImixAI][ROLLBACK] no safe checkpoint yet; returned to x=0
12:59:51 INFO  [Main] [Imix]: [ImixAI][SEARCH] phase=LEARNED FAILURE -> SEARCHING ALTERNATIVE x=0.0 y=135.1 plan=1907 candidate=LATE failures=1908 budget=6 checkpoint=0.0
12:59:51 WARN  [Main] [Imix]: [ImixAI][FAIL] x=1.3 y=136.9 same-region=true -> candidate=CENTER plan=1908 errors=1909/6
12:59:51 INFO  [Main] [Imix]: [ImixAI][ROLLBACK] no safe checkpoint yet; returned to x=0
12:59:51 INFO  [Main] [Imix]: [ImixAI][SEARCH] phase=LEARNED FAILURE -> SEARCHING ALTERNATIVE x=0.0 y=136.9 plan=1908 candidate=CENTER failures=1909 budget=6 checkpoint=0.0
12:59:51 WARN  [Main] [Imix]: [ImixAI][FAIL] x=1.3 y=138.6 same-region=true -> candidate=EARLY plan=1909 errors=1910/6
12:59:51 INFO  [Main] [Imix]: [ImixAI][ROLLBACK] no safe checkpoint yet; returned to x=0
12:59:51 INFO  [Main] [Imix]: [ImixAI][SEARCH] phase=LEARNED FAILURE -> SEARCHING ALTERNATIVE x=0.0 y=138.6 plan=1909 candidate=EARLY failures=1910 budget=6 checkpoint=0.0
12:59:51 WARN  [Main] [Imix]: [ImixAI][FAIL] x=1.3 y=140.3 same-region=true -> candidate=LATE plan=1910 errors=1911/6
12:59:51 INFO  [Main] [Imix]: [ImixAI][ROLLBACK] no safe checkpoint yet; returned to x=0
12:59:51 INFO  [Main] [Imix]: [ImixAI][SEARCH] phase=LEARNED FAILURE -> SEARCHING ALTERNATIVE x=0.0 y=140.3 plan=1910 candidate=LATE failures=1911 budget=6 checkpoint=0.0
12:59:51 WARN  [Main] [Imix]: [ImixAI][FAIL] x=1.3 y=142.0 same-region=true -> candidate=CENTER plan=1911 errors=1912/6
12:59:51 INFO  [Main] [Imix]: [ImixAI][ROLLBACK] no safe checkpoint yet; returned to x=0
12:59:51 INFO  [Main] [Imix]: [ImixAI][SEARCH] phase=LEARNED FAILURE -> SEARCHING ALTERNATIVE x=0.0 y=142.0 plan=1911 candidate=CENTER failures=1912 budget=6 checkpoint=0.0
12:59:51 WARN  [Main] [Imix]: [ImixAI][FAIL] x=1.3 y=143.6 same-region=true -> candidate=EARLY plan=1912 errors=1913/6
12:59:51 INFO  [Main] [Imix]: [ImixAI][ROLLBACK] no safe checkpoint yet; returned to x=0
12:59:51 INFO  [Main] [Imix]: [ImixAI][SEARCH] phase=LEARNED FAILURE -> SEARCHING ALTERNATIVE x=0.0 y=143.6 plan=1912 candidate=EARLY failures=1913 budget=6 checkpoint=0.0
12:59:51 WARN  [Main] [Imix]: [ImixAI][FAIL] x=1.3 y=145.1 same-region=true -> candidate=LATE plan=1913 errors=1914/6
12:59:51 INFO  [Main] [Imix]: [ImixAI][ROLLBACK] no safe checkpoint yet; returned to x=0
12:59:51 INFO  [Main] [Imix]: [ImixAI][SEARCH] phase=LEARNED FAILURE -> SEARCHING ALTERNATIVE x=0.0 y=145.1 plan=1913 candidate=LATE failures=1914 budget=6 checkpoint=0.0
12:59:51 WARN  [Main] [Imix]: [ImixAI][FAIL] x=1.3 y=146.6 same-region=true -> candidate=CENTER plan=1914 errors=1915/6
12:59:51 INFO  [Main] [Imix]: [ImixAI][ROLLBACK] no safe checkpoint yet; returned to x=0
12:59:51 INFO  [Main] [Imix]: [ImixAI][SEARCH] phase=LEARNED FAILURE -> SEARCHING ALTERNATIVE x=0.0 y=146.6 plan=1914 candidate=CENTER failures=1915 budget=6 checkpoint=0.0
12:59:51 WARN  [Main] [Imix]: [ImixAI][FAIL] x=1.3 y=148.0 same-region=true -> candidate=EARLY plan=1915 errors=1916/6
12:59:51 INFO  [Main] [Imix]: [ImixAI][ROLLBACK] no safe checkpoint yet; returned to x=0
12:59:51 INFO  [Main] [Imix]: [ImixAI][SEARCH] phase=LEARNED FAILURE -> SEARCHING ALTERNATIVE x=0.0 y=148.0 plan=1915 candidate=EARLY failures=1916 budget=6 checkpoint=0.0
12:59:51 WARN  [Main] [Imix]: [ImixAI][FAIL] x=1.3 y=149.4 same-region=true -> candidate=LATE plan=1916 errors=1917/6
12:59:51 INFO  [Main] [Imix]: [ImixAI][ROLLBACK] no safe checkpoint yet; returned to x=0
12:59:51 INFO  [Main] [Imix]: [ImixAI][SEARCH] phase=LEARNED FAILURE -> SEARCHING ALTERNATIVE x=0.0 y=149.4 plan=1916 candidate=LATE failures=1917 budget=6 checkpoint=0.0
12:59:51 WARN  [Main] [Imix]: [ImixAI][FAIL] x=1.3 y=150.8 same-region=true -> candidate=CENTER plan=1917 errors=1918/6
12:59:51 INFO  [Main] [Imix]: [ImixAI][ROLLBACK] no safe checkpoint yet; returned to x=0
12:59:51 INFO  [Main] [Imix]: [ImixAI][SEARCH] phase=LEARNED FAILURE -> SEARCHING ALTERNATIVE x=0.0 y=150.8 plan=1917 candidate=CENTER failures=1918 budget=6 checkpoint=0.0
12:59:51 WARN  [Main] [Imix]: [ImixAI][FAIL] x=1.3 y=152.1 same-region=true -> candidate=EARLY plan=1918 errors=1919/6
12:59:51 INFO  [Main] [Imix]: [ImixAI][ROLLBACK] no safe checkpoint yet; returned to x=0
12:59:51 INFO  [Main] [Imix]: [ImixAI][SEARCH] phase=LEARNED FAILURE -> SEARCHING ALTERNATIVE x=0.0 y=152.1 plan=1918 candidate=EARLY failures=1919 budget=6 checkpoint=0.0
12:59:51 WARN  [Main] [Imix]: [ImixAI][FAIL] x=1.3 y=153.3 same-region=true -> candidate=LATE plan=1919 errors=1920/6
12:59:51 INFO  [Main] [Imix]: [ImixAI][ROLLBACK] no safe checkpoint yet; returned to x=0
12:59:51 INFO  [Main] [Imix]: [ImixAI][SEARCH] phase=LEARNED FAILURE -> SEARCHING ALTERNATIVE x=0.0 y=153.3 plan=1919 candidate=LATE failures=1920 budget=6 checkpoint=0.0
12:59:51 WARN  [Main] [Imix]: [ImixAI][FAIL] x=1.3 y=154.5 same-region=true -> candidate=CENTER plan=1920 errors=1921/6
12:59:51 INFO  [Main] [Imix]: [ImixAI][ROLLBACK] no safe checkpoint yet; returned to x=0
12:59:51 INFO  [Main] [Imix]: [ImixAI][SEARCH] phase=LEARNED FAILURE -> SEARCHING ALTERNATIVE x=0.0 y=154.5 plan=1920 candidate=CENTER failures=1921 budget=6 checkpoint=0.0
12:59:51 WARN  [Main] [Imix]: [ImixAI][FAIL] x=1.3 y=155.7 same-region=true -> candidate=EARLY plan=1921 errors=1922/6
12:59:51 INFO  [Main] [Imix]: [ImixAI][ROLLBACK] no safe checkpoint yet; returned to x=0
12:59:51 INFO  [Main] [Imix]: [ImixAI][SEARCH] phase=LEARNED FAILURE -> SEARCHING ALTERNATIVE x=0.0 y=155.7 plan=1921 candidate=EARLY failures=1922 budget=6 checkpoint=0.0
12:59:51 WARN  [Main] [Imix]: [ImixAI][FAIL] x=1.3 y=156.8 same-region=true -> candidate=LATE plan=1922 errors=1923/6
12:59:51 INFO  [Main] [Imix]: [ImixAI][ROLLBACK] no safe checkpoint yet; returned to x=0
12:59:51 INFO  [Main] [Imix]: [ImixAI][SEARCH] phase=LEARNED FAILURE -> SEARCHING ALTERNATIVE x=0.0 y=156.8 plan=1922 candidate=LATE failures=1923 budget=6 checkpoint=0.0
12:59:51 WARN  [Main] [Imix]: [ImixAI][FAIL] x=1.3 y=157.9 same-region=true -> candidate=CENTER plan=1923 errors=1924/6
12:59:51 INFO  [Main] [Imix]: [ImixAI][ROLLBACK] no safe checkpoint yet; returned to x=0
12:59:51 INFO  [Main] [Imix]: [ImixAI][SEARCH] phase=LEARNED FAILURE -> SEARCHING ALTERNATIVE x=0.0 y=157.9 plan=1923 candidate=CENTER failures=1924 budget=6 checkpoint=0.0
12:59:51 WARN  [Main] [Imix]: [ImixAI][FAIL] x=1.3 y=158.9 same-region=true -> candidate=EARLY plan=1924 errors=1925/6
12:59:51 INFO  [Main] [Imix]: [ImixAI][ROLLBACK] no safe checkpoint yet; returned to x=0
12:59:51 INFO  [Main] [Imix]: [ImixAI][SEARCH] phase=LEARNED FAILURE -> SEARCHING ALTERNATIVE x=0.0 y=158.9 plan=1924 candidate=EARLY failures=1925 budget=6 checkpoint=0.0
12:59:51 WARN  [Main] [Imix]: [ImixAI][FAIL] x=1.3 y=159.8 same-region=true -> candidate=LATE plan=1925 errors=1926/6
12:59:51 INFO  [Main] [Imix]: [ImixAI][ROLLBACK] no safe checkpoint yet; returned to x=0
12:59:51 INFO  [Main] [Imix]: [ImixAI][SEARCH] phase=LEARNED FAILURE -> SEARCHING ALTERNATIVE x=0.0 y=159.8 plan=1925 candidate=LATE failures=1926 budget=6 checkpoint=0.0
12:59:51 WARN  [Main] [Imix]: [ImixAI][FAIL] x=1.3 y=160.7 same-region=true -> candidate=CENTER plan=1926 errors=1927/6
12:59:51 INFO  [Main] [Imix]: [ImixAI][ROLLBACK] no safe checkpoint yet; returned to x=0
12:59:51 INFO  [Main] [Imix]: [ImixAI][SEARCH] phase=LEARNED FAILURE -> SEARCHING ALTERNATIVE x=0.0 y=160.7 plan=1926 candidate=CENTER failures=1927 budget=6 checkpoint=0.0
12:59:51 WARN  [Main] [Imix]: [ImixAI][FAIL] x=1.3 y=161.6 same-region=true -> candidate=EARLY plan=1927 errors=1928/6
12:59:51 INFO  [Main] [Imix]: [ImixAI][ROLLBACK] no safe checkpoint yet; returned to x=0
12:59:51 INFO  [Main] [Imix]: [ImixAI][SEARCH] phase=LEARNED FAILURE -> SEARCHING ALTERNATIVE x=0.0 y=161.6 plan=1927 candidate=EARLY failures=1928 budget=6 checkpoint=0.0
12:59:51 WARN  [Main] [Imix]: [ImixAI][FAIL] x=1.3 y=162.4 same-region=true -> candidate=LATE plan=1928 errors=1929/6
12:59:51 INFO  [Main] [Imix]: [ImixAI][ROLLBACK] no safe checkpoint yet; returned to x=0
12:59:51 INFO  [Main] [Imix]: [ImixAI][SEARCH] phase=LEARNED FAILURE -> SEARCHING ALTERNATIVE x=0.0 y=162.4 plan=1928 candidate=LATE failures=1929 budget=6 checkpoint=0.0
12:59:51 WARN  [Main] [Imix]: [ImixAI][FAIL] x=1.3 y=163.2 same-region=true -> candidate=CENTER plan=1929 errors=1930/6
12:59:51 INFO  [Main] [Imix]: [ImixAI][ROLLBACK] no safe checkpoint yet; returned to x=0
12:59:51 INFO  [Main] [Imix]: [ImixAI][SEARCH] phase=LEARNED FAILURE -> SEARCHING ALTERNATIVE x=0.0 y=163.2 plan=1929 candidate=CENTER failures=1930 budget=6 checkpoint=0.0
12:59:51 WARN  [Main] [Imix]: [ImixAI][FAIL] x=1.3 y=163.9 same-region=true -> candidate=EARLY plan=1930 errors=1931/6
12:59:51 INFO  [Main] [Imix]: [ImixAI][ROLLBACK] no safe checkpoint yet; returned to x=0
12:59:51 INFO  [Main] [Imix]: [ImixAI][SEARCH] phase=LEARNED FAILURE -> SEARCHING ALTERNATIVE x=0.0 y=163.9 plan=1930 candidate=EARLY failures=1931 budget=6 checkpoint=0.0
12:59:51 WARN  [Main] [Imix]: [ImixAI][FAIL] x=1.3 y=164.6 same-region=true -> candidate=LATE plan=1931 errors=1932/6
12:59:51 INFO  [Main] [Imix]: [ImixAI][ROLLBACK] no safe checkpoint yet; returned to x=0
12:59:51 INFO  [Main] [Imix]: [ImixAI][SEARCH] phase=LEARNED FAILURE -> SEARCHING ALTERNATIVE x=0.0 y=164.6 plan=1931 candidate=LATE failures=1932 budget=6 checkpoint=0.0
12:59:51 WARN  [Main] [Imix]: [ImixAI][FAIL] x=1.3 y=165.2 same-region=true -> candidate=CENTER plan=1932 errors=1933/6
12:59:51 INFO  [Main] [Imix]: [ImixAI][ROLLBACK] no safe checkpoint yet; returned to x=0
12:59:51 INFO  [Main] [Imix]: [ImixAI][SEARCH] phase=LEARNED FAILURE -> SEARCHING ALTERNATIVE x=0.0 y=165.2 plan=1932 candidate=CENTER failures=1933 budget=6 checkpoint=0.0
12:59:51 WARN  [Main] [Imix]: [ImixAI][FAIL] x=1.3 y=165.8 same-region=true -> candidate=EARLY plan=1933 errors=1934/6
12:59:51 INFO  [Main] [Imix]: [ImixAI][ROLLBACK] no safe checkpoint yet; returned to x=0
12:59:51 INFO  [Main] [Imix]: [ImixAI][SEARCH] phase=LEARNED FAILURE -> SEARCHING ALTERNATIVE x=0.0 y=165.8 plan=1933 candidate=EARLY failures=1934 budget=6 checkpoint=0.0
12:59:51 WARN  [Main] [Imix]: [ImixAI][FAIL] x=1.3 y=166.3 same-region=true -> candidate=LATE plan=1934 errors=1935/6
12:59:51 INFO  [Main] [Imix]: [ImixAI][ROLLBACK] no safe checkpoint yet; returned to x=0
12:59:51 INFO  [Main] [Imix]: [ImixAI][SEARCH] phase=LEARNED FAILURE -> SEARCHING ALTERNATIVE x=0.0 y=166.3 plan=1934 candidate=LATE failures=1935 budget=6 checkpoint=0.0
12:59:51 WARN  [Main] [Imix]: [ImixAI][FAIL] x=1.3 y=166.8 same-region=true -> candidate=CENTER plan=1935 errors=1936/6
12:59:51 INFO  [Main] [Imix]: [ImixAI][ROLLBACK] no safe checkpoint yet; returned to x=0
12:59:51 INFO  [Main] [Imix]: [ImixAI][SEARCH] phase=LEARNED FAILURE -> SEARCHING ALTERNATIVE x=0.0 y=166.8 plan=1935 candidate=CENTER failures=1936 budget=6 checkpoint=0.0
12:59:51 WARN  [Main] [Imix]: [ImixAI][FAIL] x=1.3 y=167.2 same-region=true -> candidate=EARLY plan=1936 errors=1937/6
12:59:51 INFO  [Main] [Imix]: [ImixAI][ROLLBACK] no safe checkpoint yet; returned to x=0
12:59:51 INFO  [Main] [Imix]: [ImixAI][SEARCH] phase=LEARNED FAILURE -> SEARCHING ALTERNATIVE x=0.0 y=167.2 plan=1936 candidate=EARLY failures=1937 budget=6 checkpoint=0.0
12:59:51 WARN  [Main] [Imix]: [ImixAI][FAIL] x=1.3 y=167.6 same-region=true -> candidate=LATE plan=1937 errors=1938/6
12:59:51 INFO  [Main] [Imix]: [ImixAI][ROLLBACK] no safe checkpoint yet; returned to x=0
12:59:51 INFO  [Main] [Imix]: [ImixAI][SEARCH] phase=LEARNED FAILURE -> SEARCHING ALTERNATIVE x=0.0 y=167.6 plan=1937 candidate=LATE failures=1938 budget=6 checkpoint=0.0
12:59:51 WARN  [Main] [Imix]: [ImixAI][FAIL] x=1.3 y=167.9 same-region=true -> candidate=CENTER plan=1938 errors=1939/6
12:59:51 INFO  [Main] [Imix]: [ImixAI][ROLLBACK] no safe checkpoint yet; returned to x=0
12:59:51 INFO  [Main] [Imix]: [ImixAI][SEARCH] phase=LEARNED FAILURE -> SEARCHING ALTERNATIVE x=0.0 y=167.9 plan=1938 candidate=CENTER failures=1939 budget=6 checkpoint=0.0
12:59:51 WARN  [Main] [Imix]: [ImixAI][FAIL] x=1.3 y=168.2 same-region=true -> candidate=EARLY plan=1939 errors=1940/6
12:59:51 INFO  [Main] [Imix]: [ImixAI][ROLLBACK] no safe checkpoint yet; returned to x=0
12:59:51 INFO  [Main] [Imix]: [ImixAI][SEARCH] phase=LEARNED FAILURE -> SEARCHING ALTERNATIVE x=0.0 y=168.2 plan=1939 candidate=EARLY failures=1940 budget=6 checkpoint=0.0
12:59:51 WARN  [Main] [Imix]: [ImixAI][FAIL] x=1.3 y=168.4 same-region=true -> candidate=LATE plan=1940 errors=1941/6
12:59:51 INFO  [Main] [Imix]: [ImixAI][ROLLBACK] no safe checkpoint yet; returned to x=0
12:59:51 INFO  [Main] [Imix]: [ImixAI][SEARCH] phase=LEARNED FAILURE -> SEARCHING ALTERNATIVE x=0.0 y=168.4 plan=1940 candidate=LATE failures=1941 budget=6 checkpoint=0.0
12:59:51 WARN  [Main] [Imix]: [ImixAI][FAIL] x=1.3 y=168.6 same-region=true -> candidate=CENTER plan=1941 errors=1942/6
12:59:51 INFO  [Main] [Imix]: [ImixAI][ROLLBACK] no safe checkpoint yet; returned to x=0
12:59:51 INFO  [Main] [Imix]: [ImixAI][SEARCH] phase=LEARNED FAILURE -> SEARCHING ALTERNATIVE x=0.0 y=168.6 plan=1941 candidate=CENTER failures=1942 budget=6 checkpoint=0.0
12:59:51 WARN  [Main] [Imix]: [ImixAI][FAIL] x=1.3 y=168.7 same-region=true -> candidate=EARLY plan=1942 errors=1943/6
12:59:51 INFO  [Main] [Imix]: [ImixAI][ROLLBACK] no safe checkpoint yet; returned to x=0
12:59:51 INFO  [Main] [Imix]: [ImixAI][SEARCH] phase=LEARNED FAILURE -> SEARCHING ALTERNATIVE x=0.0 y=168.7 plan=1942 candidate=EARLY failures=1943 budget=6 checkpoint=0.0
12:59:51 WARN  [Main] [Imix]: [ImixAI][FAIL] x=1.3 y=168.8 same-region=true -> candidate=LATE plan=1943 errors=1944/6
12:59:51 INFO  [Main] [Imix]: [ImixAI][ROLLBACK] no safe checkpoint yet; returned to x=0
12:59:51 INFO  [Main] [Imix]: [ImixAI][SEARCH] phase=LEARNED FAILURE -> SEARCHING ALTERNATIVE x=0.0 y=168.8 plan=1943 candidate=LATE failures=1944 budget=6 checkpoint=0.0
12:59:51 WARN  [Main] [Imix]: [ImixAI][FAIL] x=1.3 y=168.8 same-region=true -> candidate=CENTER plan=1944 errors=1945/6
12:59:51 INFO  [Main] [Imix]: [ImixAI][ROLLBACK] no safe checkpoint yet; returned to x=0
12:59:51 INFO  [Main] [Imix]: [ImixAI][SEARCH] phase=LEARNED FAILURE -> SEARCHING ALTERNATIVE x=0.0 y=168.8 plan=1944 candidate=CENTER failures=1945 budget=6 checkpoint=0.0
12:59:51 WARN  [Main] [Imix]: [ImixAI][FAIL] x=1.3 y=168.8 same-region=true -> candidate=EARLY plan=1945 errors=1946/6
12:59:51 INFO  [Main] [Imix]: [ImixAI][ROLLBACK] no safe checkpoint yet; returned to x=0
12:59:51 INFO  [Main] [Imix]: [ImixAI][SEARCH] phase=LEARNED FAILURE -> SEARCHING ALTERNATIVE x=0.0 y=168.8 plan=1945 candidate=EARLY failures=1946 budget=6 checkpoint=0.0
12:59:51 WARN  [Main] [Imix]: [ImixAI][FAIL] x=1.3 y=168.8 same-region=true -> candidate=LATE plan=1946 errors=1947/6
12:59:51 INFO  [Main] [Imix]: [ImixAI][ROLLBACK] no safe checkpoint yet; returned to x=0
12:59:51 INFO  [Main] [Imix]: [ImixAI][SEARCH] phase=LEARNED FAILURE -> SEARCHING ALTERNATIVE x=0.0 y=168.8 plan=1946 candidate=LATE failures=1947 budget=6 checkpoint=0.0
12:59:51 WARN  [Main] [Imix]: [ImixAI][FAIL] x=1.3 y=168.7 same-region=true -> candidate=CENTER plan=1947 errors=1948/6
12:59:51 INFO  [Main] [Imix]: [ImixAI][ROLLBACK] no safe checkpoint yet; returned to x=0
12:59:51 INFO  [Main] [Imix]: [ImixAI][SEARCH] phase=LEARNED FAILURE -> SEARCHING ALTERNATIVE x=0.0 y=168.7 plan=1947 candidate=CENTER failures=1948 budget=6 checkpoint=0.0
12:59:51 WARN  [Main] [Imix]: [ImixAI][FAIL] x=1.3 y=168.5 same-region=true -> candidate=EARLY plan=1948 errors=1949/6
12:59:51 INFO  [Main] [Imix]: [ImixAI][ROLLBACK] no safe checkpoint yet; returned to x=0
12:59:51 INFO  [Main] [Imix]: [ImixAI][SEARCH] phase=LEARNED FAILURE -> SEARCHING ALTERNATIVE x=0.0 y=168.5 plan=1948 candidate=EARLY failures=1949 budget=6 checkpoint=0.0
12:59:51 WARN  [Main] [Imix]: [ImixAI][FAIL] x=1.3 y=168.3 same-region=true -> candidate=LATE plan=1949 errors=1950/6
12:59:51 INFO  [Main] [Imix]: [ImixAI][ROLLBACK] no safe checkpoint yet; returned to x=0
12:59:51 INFO  [Main] [Imix]: [ImixAI][SEARCH] phase=LEARNED FAILURE -> SEARCHING ALTERNATIVE x=0.0 y=168.3 plan=1949 candidate=LATE failures=1950 budget=6 checkpoint=0.0
12:59:51 WARN  [Main] [Imix]: [ImixAI][FAIL] x=1.3 y=168.0 same-region=true -> candidate=CENTER plan=1950 errors=1951/6
12:59:51 INFO  [Main] [Imix]: [ImixAI][ROLLBACK] no safe checkpoint yet; returned to x=0
12:59:51 INFO  [Main] [Imix]: [ImixAI][SEARCH] phase=LEARNED FAILURE -> SEARCHING ALTERNATIVE x=0.0 y=168.0 plan=1950 candidate=CENTER failures=1951 budget=6 checkpoint=0.0
12:59:51 WARN  [Main] [Imix]: [ImixAI][FAIL] x=1.3 y=167.7 same-region=true -> candidate=EARLY plan=1951 errors=1952/6
12:59:51 INFO  [Main] [Imix]: [ImixAI][ROLLBACK] no safe checkpoint yet; returned to x=0
12:59:51 INFO  [Main] [Imix]: [ImixAI][SEARCH] phase=LEARNED FAILURE -> SEARCHING ALTERNATIVE x=0.0 y=167.7 plan=1951 candidate=EARLY failures=1952 budget=6 checkpoint=0.0
12:59:51 WARN  [Main] [Imix]: [ImixAI][FAIL] x=1.3 y=167.4 same-region=true -> candidate=LATE plan=1952 errors=1953/6
12:59:51 INFO  [Main] [Imix]: [ImixAI][ROLLBACK] no safe checkpoint yet; returned to x=0
12:59:51 INFO  [Main] [Imix]: [ImixAI][SEARCH] phase=LEARNED FAILURE -> SEARCHING ALTERNATIVE x=0.0 y=167.4 plan=1952 candidate=LATE failures=1953 budget=6 checkpoint=0.0
12:59:51 WARN  [Main] [Imix]: [ImixAI][FAIL] x=1.3 y=167.0 same-region=true -> candidate=CENTER plan=1953 errors=1954/6
12:59:51 INFO  [Main] [Imix]: [ImixAI][ROLLBACK] no safe checkpoint yet; returned to x=0
12:59:51 INFO  [Main] [Imix]: [ImixAI][SEARCH] phase=LEARNED FAILURE -> SEARCHING ALTERNATIVE x=0.0 y=167.0 plan=1953 candidate=CENTER failures=1954 budget=6 checkpoint=0.0
12:59:51 WARN  [Main] [Imix]: [ImixAI][FAIL] x=1.3 y=166.5 same-region=true -> candidate=EARLY plan=1954 errors=1955/6
12:59:51 INFO  [Main] [Imix]: [ImixAI][ROLLBACK] no safe checkpoint yet; returned to x=0
12:59:51 INFO  [Main] [Imix]: [ImixAI][SEARCH] phase=LEARNED FAILURE -> SEARCHING ALTERNATIVE x=0.0 y=166.5 plan=1954 candidate=EARLY failures=1955 budget=6 checkpoint=0.0
12:59:51 WARN  [Main] [Imix]: [ImixAI][FAIL] x=1.3 y=166.0 same-region=true -> candidate=LATE plan=1955 errors=1956/6
12:59:51 INFO  [Main] [Imix]: [ImixAI][ROLLBACK] no safe checkpoint yet; returned to x=0
12:59:51 INFO  [Main] [Imix]: [ImixAI][SEARCH] phase=LEARNED FAILURE -> SEARCHING ALTERNATIVE x=0.0 y=166.0 plan=1955 candidate=LATE failures=1956 budget=6 checkpoint=0.0
12:59:51 WARN  [Main] [Imix]: [ImixAI][FAIL] x=1.3 y=165.5 same-region=true -> candidate=CENTER plan=1956 errors=1957/6
12:59:51 INFO  [Main] [Imix]: [ImixAI][ROLLBACK] no safe checkpoint yet; returned to x=0
12:59:51 INFO  [Main] [Imix]: [ImixAI][SEARCH] phase=LEARNED FAILURE -> SEARCHING ALTERNATIVE x=0.0 y=165.5 plan=1956 candidate=CENTER failures=1957 budget=6 checkpoint=0.0
12:59:51 WARN  [Main] [Imix]: [ImixAI][FAIL] x=1.3 y=164.9 same-region=true -> candidate=EARLY plan=1957 errors=1958/6
12:59:51 INFO  [Main] [Imix]: [ImixAI][ROLLBACK] no safe checkpoint yet; returned to x=0
12:59:51 INFO  [Main] [Imix]: [ImixAI][SEARCH] phase=LEARNED FAILURE -> SEARCHING ALTERNATIVE x=0.0 y=164.9 plan=1957 candidate=EARLY failures=1958 budget=6 checkpoint=0.0
12:59:51 WARN  [Main] [Imix]: [ImixAI][FAIL] x=1.3 y=164.3 same-region=true -> candidate=LATE plan=1958 errors=1959/6
12:59:51 INFO  [Main] [Imix]: [ImixAI][ROLLBACK] no safe checkpoint yet; returned to x=0
12:59:51 INFO  [Main] [Imix]: [ImixAI][SEARCH] phase=LEARNED FAILURE -> SEARCHING ALTERNATIVE x=0.0 y=164.3 plan=1958 candidate=LATE failures=1959 budget=6 checkpoint=0.0
12:59:51 WARN  [Main] [Imix]: [ImixAI][FAIL] x=1.3 y=163.6 same-region=true -> candidate=CENTER plan=1959 errors=1960/6
12:59:51 INFO  [Main] [Imix]: [ImixAI][ROLLBACK] no safe checkpoint yet; returned to x=0
12:59:51 INFO  [Main] [Imix]: [ImixAI][SEARCH] phase=LEARNED FAILURE -> SEARCHING ALTERNATIVE x=0.0 y=163.6 plan=1959 candidate=CENTER failures=1960 budget=6 checkpoint=0.0
12:59:51 WARN  [Main] [Imix]: [ImixAI][FAIL] x=1.3 y=162.8 same-region=true -> candidate=EARLY plan=1960 errors=1961/6
12:59:51 INFO  [Main] [Imix]: [ImixAI][ROLLBACK] no safe checkpoint yet; returned to x=0
12:59:51 INFO  [Main] [Imix]: [ImixAI][SEARCH] phase=LEARNED FAILURE -> SEARCHING ALTERNATIVE x=0.0 y=162.8 plan=1960 candidate=EARLY failures=1961 budget=6 checkpoint=0.0
12:59:51 WARN  [Main] [Imix]: [ImixAI][FAIL] x=1.3 y=162.0 same-region=true -> candidate=LATE plan=1961 errors=1962/6
12:59:51 INFO  [Main] [Imix]: [ImixAI][ROLLBACK] no safe checkpoint yet; returned to x=0
12:59:51 INFO  [Main] [Imix]: [ImixAI][SEARCH] phase=LEARNED FAILURE -> SEARCHING ALTERNATIVE x=0.0 y=162.0 plan=1961 candidate=LATE failures=1962 budget=6 checkpoint=0.0
12:59:51 WARN  [Main] [Imix]: [ImixAI][FAIL] x=1.3 y=161.2 same-region=true -> candidate=CENTER plan=1962 errors=1963/6
12:59:51 INFO  [Main] [Imix]: [ImixAI][ROLLBACK] no safe checkpoint yet; returned to x=0
12:59:51 INFO  [Main] [Imix]: [ImixAI][SEARCH] phase=LEARNED FAILURE -> SEARCHING ALTERNATIVE x=0.0 y=161.2 plan=1962 candidate=CENTER failures=1963 budget=6 checkpoint=0.0
12:59:51 WARN  [Main] [Imix]: [ImixAI][FAIL] x=1.3 y=160.3 same-region=true -> candidate=EARLY plan=1963 errors=1964/6
12:59:51 INFO  [Main] [Imix]: [ImixAI][ROLLBACK] no safe checkpoint yet; returned to x=0
12:59:51 INFO  [Main] [Imix]: [ImixAI][SEARCH] phase=LEARNED FAILURE -> SEARCHING ALTERNATIVE x=0.0 y=160.3 plan=1963 candidate=EARLY failures=1964 budget=6 checkpoint=0.0
12:59:51 WARN  [Main] [Imix]: [ImixAI][FAIL] x=1.3 y=159.4 same-region=true -> candidate=LATE plan=1964 errors=1965/6
12:59:51 INFO  [Main] [Imix]: [ImixAI][ROLLBACK] no safe checkpoint yet; returned to x=0
12:59:51 INFO  [Main] [Imix]: [ImixAI][SEARCH] phase=LEARNED FAILURE -> SEARCHING ALTERNATIVE x=0.0 y=159.4 plan=1964 candidate=LATE failures=1965 budget=6 checkpoint=0.0
12:59:51 WARN  [Main] [Imix]: [ImixAI][FAIL] x=1.3 y=158.4 same-region=true -> candidate=CENTER plan=1965 errors=1966/6
12:59:51 INFO  [Main] [Imix]: [ImixAI][ROLLBACK] no safe checkpoint yet; returned to x=0
12:59:51 INFO  [Main] [Imix]: [ImixAI][SEARCH] phase=LEARNED FAILURE -> SEARCHING ALTERNATIVE x=0.0 y=158.4 plan=1965 candidate=CENTER failures=1966 budget=6 checkpoint=0.0
12:59:51 WARN  [Main] [Imix]: [ImixAI][FAIL] x=1.3 y=157.4 same-region=true -> candidate=EARLY plan=1966 errors=1967/6
12:59:51 INFO  [Main] [Imix]: [ImixAI][ROLLBACK] no safe checkpoint yet; returned to x=0
12:59:51 INFO  [Main] [Imix]: [ImixAI][SEARCH] phase=LEARNED FAILURE -> SEARCHING ALTERNATIVE x=0.0 y=157.4 plan=1966 candidate=EARLY failures=1967 budget=6 checkpoint=0.0
12:59:51 WARN  [Main] [Imix]: [ImixAI][FAIL] x=1.3 y=156.3 same-region=true -> candidate=LATE plan=1967 errors=1968/6
12:59:51 INFO  [Main] [Imix]: [ImixAI][ROLLBACK] no safe checkpoint yet; returned to x=0
12:59:51 INFO  [Main] [Imix]: [ImixAI][SEARCH] phase=LEARNED FAILURE -> SEARCHING ALTERNATIVE x=0.0 y=156.3 plan=1967 candidate=LATE failures=1968 budget=6 checkpoint=0.0
12:59:51 WARN  [Main] [Imix]: [ImixAI][FAIL] x=1.3 y=155.2 same-region=true -> candidate=CENTER plan=1968 errors=1969/6
12:59:51 INFO  [Main] [Imix]: [ImixAI][ROLLBACK] no safe checkpoint yet; returned to x=0
12:59:51 INFO  [Main] [Imix]: [ImixAI][SEARCH] phase=LEARNED FAILURE -> SEARCHING ALTERNATIVE x=0.0 y=155.2 plan=1968 candidate=CENTER failures=1969 budget=6 checkpoint=0.0
12:59:51 WARN  [Main] [Imix]: [ImixAI][FAIL] x=1.3 y=154.0 same-region=true -> candidate=EARLY plan=1969 errors=1970/6
12:59:51 INFO  [Main] [Imix]: [ImixAI][ROLLBACK] no safe checkpoint yet; returned to x=0
12:59:51 INFO  [Main] [Imix]: [ImixAI][SEARCH] phase=LEARNED FAILURE -> SEARCHING ALTERNATIVE x=0.0 y=154.0 plan=1969 candidate=EARLY failures=1970 budget=6 checkpoint=0.0
12:59:51 WARN  [Main] [Imix]: [ImixAI][FAIL] x=1.3 y=152.7 same-region=true -> candidate=LATE plan=1970 errors=1971/6
12:59:51 INFO  [Main] [Imix]: [ImixAI][ROLLBACK] no safe checkpoint yet; returned to x=0
12:59:51 INFO  [Main] [Imix]: [ImixAI][SEARCH] phase=LEARNED FAILURE -> SEARCHING ALTERNATIVE x=0.0 y=152.7 plan=1970 candidate=LATE failures=1971 budget=6 checkpoint=0.0
12:59:51 WARN  [Main] [Imix]: [ImixAI][FAIL] x=1.3 y=151.5 same-region=true -> candidate=CENTER plan=1971 errors=1972/6
12:59:51 INFO  [Main] [Imix]: [ImixAI][ROLLBACK] no safe checkpoint yet; returned to x=0
12:59:51 INFO  [Main] [Imix]: [ImixAI][SEARCH] phase=LEARNED FAILURE -> SEARCHING ALTERNATIVE x=0.0 y=151.5 plan=1971 candidate=CENTER failures=1972 budget=6 checkpoint=0.0
12:59:51 WARN  [Main] [Imix]: [ImixAI][FAIL] x=1.3 y=150.1 same-region=true -> candidate=EARLY plan=1972 errors=1973/6
12:59:51 INFO  [Main] [Imix]: [ImixAI][ROLLBACK] no safe checkpoint yet; returned to x=0
12:59:51 INFO  [Main] [Imix]: [ImixAI][SEARCH] phase=LEARNED FAILURE -> SEARCHING ALTERNATIVE x=0.0 y=150.1 plan=1972 candidate=EARLY failures=1973 budget=6 checkpoint=0.0
12:59:51 WARN  [Main] [Imix]: [ImixAI][FAIL] x=1.3 y=148.8 same-region=true -> candidate=LATE plan=1973 errors=1974/6
12:59:51 INFO  [Main] [Imix]: [ImixAI][ROLLBACK] no safe checkpoint yet; returned to x=0
12:59:51 INFO  [Main] [Imix]: [ImixAI][SEARCH] phase=LEARNED FAILURE -> SEARCHING ALTERNATIVE x=0.0 y=148.8 plan=1973 candidate=LATE failures=1974 budget=6 checkpoint=0.0
12:59:51 WARN  [Main] [Imix]: [ImixAI][FAIL] x=1.3 y=147.4 same-region=true -> candidate=CENTER plan=1974 errors=1975/6
12:59:51 INFO  [Main] [Imix]: [ImixAI][ROLLBACK] no safe checkpoint yet; returned to x=0
12:59:51 INFO  [Main] [Imix]: [ImixAI][SEARCH] phase=LEARNED FAILURE -> SEARCHING ALTERNATIVE x=0.0 y=147.4 plan=1974 candidate=CENTER failures=1975 budget=6 checkpoint=0.0
12:59:51 WARN  [Main] [Imix]: [ImixAI][FAIL] x=1.3 y=145.9 same-region=true -> candidate=EARLY plan=1975 errors=1976/6
12:59:51 INFO  [Main] [Imix]: [ImixAI][ROLLBACK] no safe checkpoint yet; returned to x=0
12:59:51 INFO  [Main] [Imix]: [ImixAI][SEARCH] phase=LEARNED FAILURE -> SEARCHING ALTERNATIVE x=0.0 y=145.9 plan=1975 candidate=EARLY failures=1976 budget=6 checkpoint=0.0
12:59:51 WARN  [Main] [Imix]: [ImixAI][FAIL] x=1.3 y=144.4 same-region=true -> candidate=LATE plan=1976 errors=1977/6
12:59:51 INFO  [Main] [Imix]: [ImixAI][ROLLBACK] no safe checkpoint yet; returned to x=0
12:59:51 INFO  [Main] [Imix]: [ImixAI][SEARCH] phase=LEARNED FAILURE -> SEARCHING ALTERNATIVE x=0.0 y=144.4 plan=1976 candidate=LATE failures=1977 budget=6 checkpoint=0.0
12:59:51 WARN  [Main] [Imix]: [ImixAI][FAIL] x=1.3 y=142.8 same-region=true -> candidate=CENTER plan=1977 errors=1978/6
12:59:51 INFO  [Main] [Imix]: [ImixAI][ROLLBACK] no safe checkpoint yet; returned to x=0
12:59:51 INFO  [Main] [Imix]: [ImixAI][SEARCH] phase=LEARNED FAILURE -> SEARCHING ALTERNATIVE x=0.0 y=142.8 plan=1977 candidate=CENTER failures=1978 budget=6 checkpoint=0.0
12:59:51 WARN  [Main] [Imix]: [ImixAI][FAIL] x=1.3 y=141.2 same-region=true -> candidate=EARLY plan=1978 errors=1979/6
12:59:51 INFO  [Main] [Imix]: [ImixAI][ROLLBACK] no safe checkpoint yet; returned to x=0
12:59:51 INFO  [Main] [Imix]: [ImixAI][SEARCH] phase=LEARNED FAILURE -> SEARCHING ALTERNATIVE x=0.0 y=141.2 plan=1978 candidate=EARLY failures=1979 budget=6 checkpoint=0.0
12:59:51 WARN  [Main] [Imix]: [ImixAI][FAIL] x=1.3 y=139.5 same-region=true -> candidate=LATE plan=1979 errors=1980/6
12:59:51 INFO  [Main] [Imix]: [ImixAI][ROLLBACK] no safe checkpoint yet; returned to x=0
12:59:51 INFO  [Main] [Imix]: [ImixAI][SEARCH] phase=LEARNED FAILURE -> SEARCHING ALTERNATIVE x=0.0 y=139.5 plan=1979 candidate=LATE failures=1980 budget=6 checkpoint=0.0
12:59:51 WARN  [Main] [Imix]: [ImixAI][FAIL] x=1.3 y=137.8 same-region=true -> candidate=CENTER plan=1980 errors=1981/6
12:59:51 INFO  [Main] [Imix]: [ImixAI][ROLLBACK] no safe checkpoint yet; returned to x=0
12:59:51 INFO  [Main] [Imix]: [ImixAI][SEARCH] phase=LEARNED FAILURE -> SEARCHING ALTERNATIVE x=0.0 y=137.8 plan=1980 candidate=CENTER failures=1981 budget=6 checkpoint=0.0
12:59:51 WARN  [Main] [Imix]: [ImixAI][FAIL] x=1.3 y=136.0 same-region=true -> candidate=EARLY plan=1981 errors=1982/6
12:59:51 INFO  [Main] [Imix]: [ImixAI][ROLLBACK] no safe checkpoint yet; returned to x=0
12:59:51 INFO  [Main] [Imix]: [ImixAI][SEARCH] phase=LEARNED FAILURE -> SEARCHING ALTERNATIVE x=0.0 y=136.0 plan=1981 candidate=EARLY failures=1982 budget=6 checkpoint=0.0
12:59:51 WARN  [Main] [Imix]: [ImixAI][FAIL] x=1.3 y=134.2 same-region=true -> candidate=LATE plan=1982 errors=1983/6
12:59:51 INFO  [Main] [Imix]: [ImixAI][ROLLBACK] no safe checkpoint yet; returned to x=0
12:59:51 INFO  [Main] [Imix]: [ImixAI][SEARCH] phase=LEARNED FAILURE -> SEARCHING ALTERNATIVE x=0.0 y=134.2 plan=1982 candidate=LATE failures=1983 budget=6 checkpoint=0.0
12:59:51 WARN  [Main] [Imix]: [ImixAI][FAIL] x=1.3 y=132.4 same-region=true -> candidate=CENTER plan=1983 errors=1984/6
12:59:51 INFO  [Main] [Imix]: [ImixAI][ROLLBACK] no safe checkpoint yet; returned to x=0
12:59:51 INFO  [Main] [Imix]: [ImixAI][SEARCH] phase=LEARNED FAILURE -> SEARCHING ALTERNATIVE x=0.0 y=132.4 plan=1983 candidate=CENTER failures=1984 budget=6 checkpoint=0.0
12:59:51 WARN  [Main] [Imix]: [ImixAI][FAIL] x=1.3 y=130.5 same-region=true -> candidate=EARLY plan=1984 errors=1985/6
12:59:51 INFO  [Main] [Imix]: [ImixAI][ROLLBACK] no safe checkpoint yet; returned to x=0
12:59:51 INFO  [Main] [Imix]: [ImixAI][SEARCH] phase=LEARNED FAILURE -> SEARCHING ALTERNATIVE x=0.0 y=130.5 plan=1984 candidate=EARLY failures=1985 budget=6 checkpoint=0.0
12:59:51 WARN  [Main] [Imix]: [ImixAI][FAIL] x=1.3 y=128.5 same-region=true -> candidate=LATE plan=1985 errors=1986/6
12:59:51 INFO  [Main] [Imix]: [ImixAI][ROLLBACK] no safe checkpoint yet; returned to x=0
12:59:51 INFO  [Main] [Imix]: [ImixAI][SEARCH] phase=LEARNED FAILURE -> SEARCHING ALTERNATIVE x=0.0 y=128.5 plan=1985 candidate=LATE failures=1986 budget=6 checkpoint=0.0
12:59:51 WARN  [Main] [Imix]: [ImixAI][FAIL] x=1.3 y=126.5 same-region=true -> candidate=CENTER plan=1986 errors=1987/6
12:59:51 INFO  [Main] [Imix]: [ImixAI][ROLLBACK] no safe checkpoint yet; returned to x=0
12:59:51 INFO  [Main] [Imix]: [ImixAI][SEARCH] phase=LEARNED FAILURE -> SEARCHING ALTERNATIVE x=0.0 y=126.5 plan=1986 candidate=CENTER failures=1987 budget=6 checkpoint=0.0
12:59:51 WARN  [Main] [Imix]: [ImixAI][FAIL] x=1.3 y=124.5 same-region=true -> candidate=EARLY plan=1987 errors=1988/6
12:59:51 INFO  [Main] [Imix]: [ImixAI][ROLLBACK] no safe checkpoint yet; returned to x=0
12:59:51 INFO  [Main] [Imix]: [ImixAI][SEARCH] phase=LEARNED FAILURE -> SEARCHING ALTERNATIVE x=0.0 y=124.5 plan=1987 candidate=EARLY failures=1988 budget=6 checkpoint=0.0
12:59:51 WARN  [Main] [Imix]: [ImixAI][FAIL] x=1.3 y=122.4 same-region=true -> candidate=LATE plan=1988 errors=1989/6
12:59:51 INFO  [Main] [Imix]: [ImixAI][ROLLBACK] no safe checkpoint yet; returned to x=0
12:59:51 INFO  [Main] [Imix]: [ImixAI][SEARCH] phase=LEARNED FAILURE -> SEARCHING ALTERNATIVE x=0.0 y=122.4 plan=1988 candidate=LATE failures=1989 budget=6 checkpoint=0.0
12:59:51 WARN  [Main] [Imix]: [ImixAI][FAIL] x=1.3 y=120.2 same-region=true -> candidate=CENTER plan=1989 errors=1990/6
12:59:51 INFO  [Main] [Imix]: [ImixAI][ROLLBACK] no safe checkpoint yet; returned to x=0
12:59:51 INFO  [Main] [Imix]: [ImixAI][SEARCH] phase=LEARNED FAILURE -> SEARCHING ALTERNATIVE x=0.0 y=120.2 plan=1989 candidate=CENTER failures=1990 budget=6 checkpoint=0.0
12:59:51 WARN  [Main] [Imix]: [ImixAI][FAIL] x=1.3 y=118.0 same-region=true -> candidate=EARLY plan=1990 errors=1991/6
12:59:51 INFO  [Main] [Imix]: [ImixAI][ROLLBACK] no safe checkpoint yet; returned to x=0
12:59:51 INFO  [Main] [Imix]: [ImixAI][SEARCH] phase=LEARNED FAILURE -> SEARCHING ALTERNATIVE x=0.0 y=118.0 plan=1990 candidate=EARLY failures=1991 budget=6 checkpoint=0.0
12:59:51 WARN  [Main] [Imix]: [ImixAI][FAIL] x=1.3 y=115.8 same-region=true -> candidate=LATE plan=1991 errors=1992/6
12:59:51 INFO  [Main] [Imix]: [ImixAI][ROLLBACK] no safe checkpoint yet; returned to x=0
12:59:51 INFO  [Main] [Imix]: [ImixAI][SEARCH] phase=LEARNED FAILURE -> SEARCHING ALTERNATIVE x=0.0 y=115.8 plan=1991 candidate=LATE failures=1992 budget=6 checkpoint=0.0
12:59:51 WARN  [Main] [Imix]: [ImixAI][FAIL] x=1.3 y=113.5 same-region=true -> candidate=CENTER plan=1992 errors=1993/6
12:59:51 INFO  [Main] [Imix]: [ImixAI][ROLLBACK] no safe checkpoint yet; returned to x=0
12:59:51 INFO  [Main] [Imix]: [ImixAI][SEARCH] phase=LEARNED FAILURE -> SEARCHING ALTERNATIVE x=0.0 y=113.5 plan=1992 candidate=CENTER failures=1993 budget=6 checkpoint=0.0
12:59:51 WARN  [Main] [Imix]: [ImixAI][FAIL] x=1.3 y=111.1 same-region=true -> candidate=EARLY plan=1993 errors=1994/6
12:59:51 INFO  [Main] [Imix]: [ImixAI][ROLLBACK] no safe checkpoint yet; returned to x=0
12:59:51 INFO  [Main] [Imix]: [ImixAI][SEARCH] phase=LEARNED FAILURE -> SEARCHING ALTERNATIVE x=0.0 y=111.1 plan=1993 candidate=EARLY failures=1994 budget=6 checkpoint=0.0
12:59:51 WARN  [Main] [Imix]: [ImixAI][FAIL] x=1.3 y=108.7 same-region=true -> candidate=LATE plan=1994 errors=1995/6
12:59:51 INFO  [Main] [Imix]: [ImixAI][ROLLBACK] no safe checkpoint yet; returned to x=0
12:59:51 INFO  [Main] [Imix]: [ImixAI][SEARCH] phase=LEARNED FAILURE -> SEARCHING ALTERNATIVE x=0.0 y=108.7 plan=1994 candidate=LATE failures=1995 budget=6 checkpoint=0.0
12:59:51 WARN  [Main] [Imix]: [ImixAI][FAIL] x=1.3 y=106.3 same-region=true -> candidate=CENTER plan=1995 errors=1996/6
12:59:51 INFO  [Main] [Imix]: [ImixAI][ROLLBACK] no safe checkpoint yet; returned to x=0
12:59:51 INFO  [Main] [Imix]: [ImixAI][SEARCH] phase=LEARNED FAILURE -> SEARCHING ALTERNATIVE x=0.0 y=106.3 plan=1995 candidate=CENTER failures=1996 budget=6 checkpoint=0.0
12:59:51 WARN  [Main] [Imix]: [ImixAI][FAIL] x=1.3 y=105.0 same-region=true -> candidate=EARLY plan=1996 errors=1997/6
12:59:51 INFO  [Main] [Imix]: [ImixAI][ROLLBACK] no safe checkpoint yet; returned to x=0
12:59:51 INFO  [Main] [Imix]: [ImixAI][SEARCH] phase=LEARNED FAILURE -> SEARCHING ALTERNATIVE x=0.0 y=105.0 plan=1996 candidate=EARLY failures=1997 budget=6 checkpoint=0.0
12:59:51 WARN  [Main] [Imix]: [ImixAI][FAIL] x=1.3 y=107.5 same-region=true -> candidate=LATE plan=1997 errors=1998/6
12:59:51 INFO  [Main] [Imix]: [ImixAI][ROLLBACK] no safe checkpoint yet; returned to x=0
12:59:51 INFO  [Main] [Imix]: [ImixAI][SEARCH] phase=LEARNED FAILURE -> SEARCHING ALTERNATIVE x=0.0 y=107.5 plan=1997 candidate=LATE failures=1998 budget=6 checkpoint=0.0
12:59:51 WARN  [Main] [Imix]: [ImixAI][FAIL] x=1.3 y=110.0 same-region=true -> candidate=CENTER plan=1998 errors=1999/6
12:59:51 INFO  [Main] [Imix]: [ImixAI][ROLLBACK] no safe checkpoint yet; returned to x=0
12:59:51 INFO  [Main] [Imix]: [ImixAI][SEARCH] phase=LEARNED FAILURE -> SEARCHING ALTERNATIVE x=0.0 y=110.0 plan=1998 candidate=CENTER failures=1999 budget=6 checkpoint=0.0
12:59:51 WARN  [Main] [Imix]: [ImixAI][FAIL] x=1.3 y=112.4 same-region=true -> candidate=EARLY plan=1999 errors=2000/6
12:59:51 INFO  [Main] [Imix]: [ImixAI][ROLLBACK] no safe checkpoint yet; returned to x=0
12:59:51 INFO  [Main] [Imix]: [ImixAI][SEARCH] phase=LEARNED FAILURE -> SEARCHING ALTERNATIVE x=0.0 y=112.4 plan=1999 candidate=EARLY failures=2000 budget=6 checkpoint=0.0
12:59:51 WARN  [Main] [Imix]: [ImixAI][FAIL] x=1.3 y=114.8 same-region=true -> candidate=LATE plan=2000 errors=2001/6
12:59:51 INFO  [Main] [Imix]: [ImixAI][ROLLBACK] no safe checkpoint yet; returned to x=0
12:59:51 INFO  [Main] [Imix]: [ImixAI][SEARCH] phase=LEARNED FAILURE -> SEARCHING ALTERNATIVE x=0.0 y=114.8 plan=2000 candidate=LATE failures=2001 budget=6 checkpoint=0.0
12:59:51 WARN  [Main] [Imix]: [ImixAI][FAIL] x=1.3 y=117.1 same-region=true -> candidate=CENTER plan=2001 errors=2002/6
12:59:51 INFO  [Main] [Imix]: [ImixAI][ROLLBACK] no safe checkpoint yet; returned to x=0
12:59:51 INFO  [Main] [Imix]: [ImixAI][SEARCH] phase=LEARNED FAILURE -> SEARCHING ALTERNATIVE x=0.0 y=117.1 plan=2001 candidate=CENTER failures=2002 budget=6 checkpoint=0.0
12:59:51 WARN  [Main] [Imix]: [ImixAI][FAIL] x=1.3 y=119.4 same-region=true -> candidate=EARLY plan=2002 errors=2003/6
12:59:51 INFO  [Main] [Imix]: [ImixAI][ROLLBACK] no safe checkpoint yet; returned to x=0
12:59:51 INFO  [Main] [Imix]: [ImixAI][SEARCH] phase=LEARNED FAILURE -> SEARCHING ALTERNATIVE x=0.0 y=119.4 plan=2002 candidate=EARLY failures=2003 budget=6 checkpoint=0.0
12:59:51 WARN  [Main] [Imix]: [ImixAI][FAIL] x=1.3 y=121.6 same-region=true -> candidate=LATE plan=2003 errors=2004/6
12:59:51 INFO  [Main] [Imix]: [ImixAI][ROLLBACK] no safe checkpoint yet; returned to x=0
12:59:51 INFO  [Main] [Imix]: [ImixAI][SEARCH] phase=LEARNED FAILURE -> SEARCHING ALTERNATIVE x=0.0 y=121.6 plan=2003 candidate=LATE failures=2004 budget=6 checkpoint=0.0
12:59:51 WARN  [Main] [Imix]: [ImixAI][FAIL] x=1.3 y=123.8 same-region=true -> candidate=CENTER plan=2004 errors=2005/6
12:59:51 INFO  [Main] [Imix]: [ImixAI][ROLLBACK] no safe checkpoint yet; returned to x=0
12:59:51 INFO  [Main] [Imix]: [ImixAI][SEARCH] phase=LEARNED FAILURE -> SEARCHING ALTERNATIVE x=0.0 y=123.8 plan=2004 candidate=CENTER failures=2005 budget=6 checkpoint=0.0
12:59:51 WARN  [Main] [Imix]: [ImixAI][FAIL] x=1.3 y=125.9 same-region=true -> candidate=EARLY plan=2005 errors=2006/6
12:59:51 INFO  [Main] [Imix]: [ImixAI][ROLLBACK] no safe checkpoint yet; returned to x=0
12:59:51 INFO  [Main] [Imix]: [ImixAI][SEARCH] phase=LEARNED FAILURE -> SEARCHING ALTERNATIVE x=0.0 y=125.9 plan=2005 candidate=EARLY failures=2006 budget=6 checkpoint=0.0
12:59:51 WARN  [Main] [Imix]: [ImixAI][FAIL] x=1.3 y=128.0 same-region=true -> candidate=LATE plan=2006 errors=2007/6
12:59:51 INFO  [Main] [Imix]: [ImixAI][ROLLBACK] no safe checkpoint yet; returned to x=0
12:59:51 INFO  [Main] [Imix]: [ImixAI][SEARCH] phase=LEARNED FAILURE -> SEARCHING ALTERNATIVE x=0.0 y=128.0 plan=2006 candidate=LATE failures=2007 budget=6 checkpoint=0.0
12:59:51 WARN  [Main] [Imix]: [ImixAI][FAIL] x=1.3 y=130.0 same-region=true -> candidate=CENTER plan=2007 errors=2008/6
12:59:51 INFO  [Main] [Imix]: [ImixAI][ROLLBACK] no safe checkpoint yet; returned to x=0
12:59:51 INFO  [Main] [Imix]: [ImixAI][SEARCH] phase=LEARNED FAILURE -> SEARCHING ALTERNATIVE x=0.0 y=130.0 plan=2007 candidate=CENTER failures=2008 budget=6 checkpoint=0.0
12:59:51 WARN  [Main] [Imix]: [ImixAI][FAIL] x=1.3 y=132.0 same-region=true -> candidate=EARLY plan=2008 errors=2009/6
12:59:51 INFO  [Main] [Imix]: [ImixAI][ROLLBACK] no safe checkpoint yet; returned to x=0
12:59:51 INFO  [Main] [Imix]: [ImixAI][SEARCH] phase=LEARNED FAILURE -> SEARCHING ALTERNATIVE x=0.0 y=132.0 plan=2008 candidate=EARLY failures=2009 budget=6 checkpoint=0.0
12:59:51 WARN  [Main] [Imix]: [ImixAI][FAIL] x=1.3 y=133.9 same-region=true -> candidate=LATE plan=2009 errors=2010/6
12:59:51 INFO  [Main] [Imix]: [ImixAI][ROLLBACK] no safe checkpoint yet; returned to x=0
12:59:51 INFO  [Main] [Imix]: [ImixAI][SEARCH] phase=LEARNED FAILURE -> SEARCHING ALTERNATIVE x=0.0 y=133.9 plan=2009 candidate=LATE failures=2010 budget=6 checkpoint=0.0
12:59:51 WARN  [Main] [Imix]: [ImixAI][FAIL] x=1.3 y=135.8 same-region=true -> candidate=CENTER plan=2010 errors=2011/6
12:59:51 INFO  [Main] [Imix]: [ImixAI][ROLLBACK] no safe checkpoint yet; returned to x=0
12:59:51 INFO  [Main] [Imix]: [ImixAI][SEARCH] phase=LEARNED FAILURE -> SEARCHING ALTERNATIVE x=0.0 y=135.8 plan=2010 candidate=CENTER failures=2011 budget=6 checkpoint=0.0
12:59:51 WARN  [Main] [Imix]: [ImixAI][FAIL] x=1.3 y=137.6 same-region=true -> candidate=EARLY plan=2011 errors=2012/6
12:59:51 INFO  [Main] [Imix]: [ImixAI][ROLLBACK] no safe checkpoint yet; returned to x=0
12:59:51 INFO  [Main] [Imix]: [ImixAI][SEARCH] phase=LEARNED FAILURE -> SEARCHING ALTERNATIVE x=0.0 y=137.6 plan=2011 candidate=EARLY failures=2012 budget=6 checkpoint=0.0
12:59:51 WARN  [Main] [Imix]: [ImixAI][FAIL] x=1.3 y=139.4 same-region=true -> candidate=LATE plan=2012 errors=2013/6
12:59:51 INFO  [Main] [Imix]: [ImixAI][ROLLBACK] no safe checkpoint yet; returned to x=0
12:59:51 INFO  [Main] [Imix]: [ImixAI][SEARCH] phase=LEARNED FAILURE -> SEARCHING ALTERNATIVE x=0.0 y=139.4 plan=2012 candidate=LATE failures=2013 budget=6 checkpoint=0.0
12:59:51 WARN  [Main] [Imix]: [ImixAI][FAIL] x=1.3 y=141.2 same-region=true -> candidate=CENTER plan=2013 errors=2014/6
12:59:51 INFO  [Main] [Imix]: [ImixAI][ROLLBACK] no safe checkpoint yet; returned to x=0
12:59:51 INFO  [Main] [Imix]: [ImixAI][SEARCH] phase=LEARNED FAILURE -> SEARCHING ALTERNATIVE x=0.0 y=141.2 plan=2013 candidate=CENTER failures=2014 budget=6 checkpoint=0.0
12:59:51 WARN  [Main] [Imix]: [ImixAI][FAIL] x=1.3 y=142.8 same-region=true -> candidate=EARLY plan=2014 errors=2015/6
12:59:51 INFO  [Main] [Imix]: [ImixAI][ROLLBACK] no safe checkpoint yet; returned to x=0
12:59:51 INFO  [Main] [Imix]: [ImixAI][SEARCH] phase=LEARNED FAILURE -> SEARCHING ALTERNATIVE x=0.0 y=142.8 plan=2014 candidate=EARLY failures=2015 budget=6 checkpoint=0.0
12:59:51 WARN  [Main] [Imix]: [ImixAI][FAIL] x=1.3 y=144.5 same-region=true -> candidate=LATE plan=2015 errors=2016/6
12:59:51 INFO  [Main] [Imix]: [ImixAI][ROLLBACK] no safe checkpoint yet; returned to x=0
12:59:51 INFO  [Main] [Imix]: [ImixAI][SEARCH] phase=LEARNED FAILURE -> SEARCHING ALTERNATIVE x=0.0 y=144.5 plan=2015 candidate=LATE failures=2016 budget=6 checkpoint=0.0
12:59:51 WARN  [Main] [Imix]: [ImixAI][FAIL] x=1.3 y=146.1 same-region=true -> candidate=CENTER plan=2016 errors=2017/6
12:59:51 INFO  [Main] [Imix]: [ImixAI][ROLLBACK] no safe checkpoint yet; returned to x=0
12:59:51 INFO  [Main] [Imix]: [ImixAI][SEARCH] phase=LEARNED FAILURE -> SEARCHING ALTERNATIVE x=0.0 y=146.1 plan=2016 candidate=CENTER failures=2017 budget=6 checkpoint=0.0
12:59:51 WARN  [Main] [Imix]: [ImixAI][FAIL] x=1.3 y=147.6 same-region=true -> candidate=EARLY plan=2017 errors=2018/6
12:59:51 INFO  [Main] [Imix]: [ImixAI][ROLLBACK] no safe checkpoint yet; returned to x=0
12:59:51 INFO  [Main] [Imix]: [ImixAI][SEARCH] phase=LEARNED FAILURE -> SEARCHING ALTERNATIVE x=0.0 y=147.6 plan=2017 candidate=EARLY failures=2018 budget=6 checkpoint=0.0
12:59:51 WARN  [Main] [Imix]: [ImixAI][FAIL] x=1.3 y=149.1 same-region=true -> candidate=LATE plan=2018 errors=2019/6
12:59:51 INFO  [Main] [Imix]: [ImixAI][ROLLBACK] no safe checkpoint yet; returned to x=0
12:59:51 INFO  [Main] [Imix]: [ImixAI][SEARCH] phase=LEARNED FAILURE -> SEARCHING ALTERNATIVE x=0.0 y=149.1 plan=2018 candidate=LATE failures=2019 budget=6 checkpoint=0.0
12:59:51 WARN  [Main] [Imix]: [ImixAI][FAIL] x=1.3 y=150.6 same-region=true -> candidate=CENTER plan=2019 errors=2020/6
12:59:51 INFO  [Main] [Imix]: [ImixAI][ROLLBACK] no safe checkpoint yet; returned to x=0
12:59:51 INFO  [Main] [Imix]: [ImixAI][SEARCH] phase=LEARNED FAILURE -> SEARCHING ALTERNATIVE x=0.0 y=150.6 plan=2019 candidate=CENTER failures=2020 budget=6 checkpoint=0.0
12:59:51 WARN  [Main] [Imix]: [ImixAI][FAIL] x=1.3 y=152.0 same-region=true -> candidate=EARLY plan=2020 errors=2021/6
12:59:51 INFO  [Main] [Imix]: [ImixAI][ROLLBACK] no safe checkpoint yet; returned to x=0
12:59:51 INFO  [Main] [Imix]: [ImixAI][SEARCH] phase=LEARNED FAILURE -> SEARCHING ALTERNATIVE x=0.0 y=152.0 plan=2020 candidate=EARLY failures=2021 budget=6 checkpoint=0.0
12:59:51 WARN  [Main] [Imix]: [ImixAI][FAIL] x=1.3 y=153.3 same-region=true -> candidate=LATE plan=2021 errors=2022/6
12:59:51 INFO  [Main] [Imix]: [ImixAI][ROLLBACK] no safe checkpoint yet; returned to x=0
12:59:51 INFO  [Main] [Imix]: [ImixAI][SEARCH] phase=LEARNED FAILURE -> SEARCHING ALTERNATIVE x=0.0 y=153.3 plan=2021 candidate=LATE failures=2022 budget=6 checkpoint=0.0
12:59:51 WARN  [Main] [Imix]: [ImixAI][FAIL] x=1.3 y=154.6 same-region=true -> candidate=CENTER plan=2022 errors=2023/6
12:59:51 INFO  [Main] [Imix]: [ImixAI][ROLLBACK] no safe checkpoint yet; returned to x=0
12:59:51 INFO  [Main] [Imix]: [ImixAI][SEARCH] phase=LEARNED FAILURE -> SEARCHING ALTERNATIVE x=0.0 y=154.6 plan=2022 candidate=CENTER failures=2023 budget=6 checkpoint=0.0
12:59:51 WARN  [Main] [Imix]: [ImixAI][FAIL] x=1.3 y=155.9 same-region=true -> candidate=EARLY plan=2023 errors=2024/6
12:59:51 INFO  [Main] [Imix]: [ImixAI][ROLLBACK] no safe checkpoint yet; returned to x=0
12:59:51 INFO  [Main] [Imix]: [ImixAI][SEARCH] phase=LEARNED FAILURE -> SEARCHING ALTERNATIVE x=0.0 y=155.9 plan=2023 candidate=EARLY failures=2024 budget=6 checkpoint=0.0
12:59:51 WARN  [Main] [Imix]: [ImixAI][FAIL] x=1.3 y=157.1 same-region=true -> candidate=LATE plan=2024 errors=2025/6
12:59:51 INFO  [Main] [Imix]: [ImixAI][ROLLBACK] no safe checkpoint yet; returned to x=0
12:59:51 INFO  [Main] [Imix]: [ImixAI][SEARCH] phase=LEARNED FAILURE -> SEARCHING ALTERNATIVE x=0.0 y=157.1 plan=2024 candidate=LATE failures=2025 budget=6 checkpoint=0.0
12:59:51 WARN  [Main] [Imix]: [ImixAI][FAIL] x=1.3 y=158.2 same-region=true -> candidate=CENTER plan=2025 errors=2026/6
12:59:51 INFO  [Main] [Imix]: [ImixAI][ROLLBACK] no safe checkpoint yet; returned to x=0
12:59:51 INFO  [Main] [Imix]: [ImixAI][SEARCH] phase=LEARNED FAILURE -> SEARCHING ALTERNATIVE x=0.0 y=158.2 plan=2025 candidate=CENTER failures=2026 budget=6 checkpoint=0.0
12:59:51 WARN  [Main] [Imix]: [ImixAI][FAIL] x=1.3 y=159.3 same-region=true -> candidate=EARLY plan=2026 errors=2027/6
12:59:51 INFO  [Main] [Imix]: [ImixAI][ROLLBACK] no safe checkpoint yet; returned to x=0
12:59:51 INFO  [Main] [Imix]: [ImixAI][SEARCH] phase=LEARNED FAILURE -> SEARCHING ALTERNATIVE x=0.0 y=159.3 plan=2026 candidate=EARLY failures=2027 budget=6 checkpoint=0.0
12:59:51 WARN  [Main] [Imix]: [ImixAI][FAIL] x=1.3 y=160.4 same-region=true -> candidate=LATE plan=2027 errors=2028/6
12:59:51 INFO  [Main] [Imix]: [ImixAI][ROLLBACK] no safe checkpoint yet; returned to x=0
12:59:51 INFO  [Main] [Imix]: [ImixAI][SEARCH] phase=LEARNED FAILURE -> SEARCHING ALTERNATIVE x=0.0 y=160.4 plan=2027 candidate=LATE failures=2028 budget=6 checkpoint=0.0
12:59:51 WARN  [Main] [Imix]: [ImixAI][FAIL] x=1.3 y=161.4 same-region=true -> candidate=CENTER plan=2028 errors=2029/6
12:59:51 INFO  [Main] [Imix]: [ImixAI][ROLLBACK] no safe checkpoint yet; returned to x=0
12:59:51 INFO  [Main] [Imix]: [ImixAI][SEARCH] phase=LEARNED FAILURE -> SEARCHING ALTERNATIVE x=0.0 y=161.4 plan=2028 candidate=CENTER failures=2029 budget=6 checkpoint=0.0
12:59:51 WARN  [Main] [Imix]: [ImixAI][FAIL] x=1.3 y=162.4 same-region=true -> candidate=EARLY plan=2029 errors=2030/6
12:59:51 INFO  [Main] [Imix]: [ImixAI][ROLLBACK] no safe checkpoint yet; returned to x=0
12:59:51 INFO  [Main] [Imix]: [ImixAI][SEARCH] phase=LEARNED FAILURE -> SEARCHING ALTERNATIVE x=0.0 y=162.4 plan=2029 candidate=EARLY failures=2030 budget=6 checkpoint=0.0
12:59:51 WARN  [Main] [Imix]: [ImixAI][FAIL] x=1.3 y=163.3 same-region=true -> candidate=LATE plan=2030 errors=2031/6
12:59:51 INFO  [Main] [Imix]: [ImixAI][ROLLBACK] no safe checkpoint yet; returned to x=0
12:59:51 INFO  [Main] [Imix]: [ImixAI][SEARCH] phase=LEARNED FAILURE -> SEARCHING ALTERNATIVE x=0.0 y=163.3 plan=2030 candidate=LATE failures=2031 budget=6 checkpoint=0.0
12:59:51 WARN  [Main] [Imix]: [ImixAI][FAIL] x=1.3 y=164.1 same-region=true -> candidate=CENTER plan=2031 errors=2032/6
12:59:51 INFO  [Main] [Imix]: [ImixAI][ROLLBACK] no safe checkpoint yet; returned to x=0
12:59:51 INFO  [Main] [Imix]: [ImixAI][SEARCH] phase=LEARNED FAILURE -> SEARCHING ALTERNATIVE x=0.0 y=164.1 plan=2031 candidate=CENTER failures=2032 budget=6 checkpoint=0.0
12:59:51 WARN  [Main] [Imix]: [ImixAI][FAIL] x=1.3 y=164.9 same-region=true -> candidate=EARLY plan=2032 errors=2033/6
12:59:51 INFO  [Main] [Imix]: [ImixAI][ROLLBACK] no safe checkpoint yet; returned to x=0
12:59:51 INFO  [Main] [Imix]: [ImixAI][SEARCH] phase=LEARNED FAILURE -> SEARCHING ALTERNATIVE x=0.0 y=164.9 plan=2032 candidate=EARLY failures=2033 budget=6 checkpoint=0.0
12:59:51 WARN  [Main] [Imix]: [ImixAI][FAIL] x=1.3 y=165.7 same-region=true -> candidate=LATE plan=2033 errors=2034/6
12:59:51 INFO  [Main] [Imix]: [ImixAI][ROLLBACK] no safe checkpoint yet; returned to x=0
12:59:51 INFO  [Main] [Imix]: [ImixAI][SEARCH] phase=LEARNED FAILURE -> SEARCHING ALTERNATIVE x=0.0 y=165.7 plan=2033 candidate=LATE failures=2034 budget=6 checkpoint=0.0
12:59:51 WARN  [Main] [Imix]: [ImixAI][FAIL] x=1.3 y=166.4 same-region=true -> candidate=CENTER plan=2034 errors=2035/6
12:59:51 INFO  [Main] [Imix]: [ImixAI][ROLLBACK] no safe checkpoint yet; returned to x=0
12:59:51 INFO  [Main] [Imix]: [ImixAI][SEARCH] phase=LEARNED FAILURE -> SEARCHING ALTERNATIVE x=0.0 y=166.4 plan=2034 candidate=CENTER failures=2035 budget=6 checkpoint=0.0
12:59:51 WARN  [Main] [Imix]: [ImixAI][FAIL] x=1.3 y=167.1 same-region=true -> candidate=EARLY plan=2035 errors=2036/6
12:59:51 INFO  [Main] [Imix]: [ImixAI][ROLLBACK] no safe checkpoint yet; returned to x=0
12:59:51 INFO  [Main] [Imix]: [ImixAI][SEARCH] phase=LEARNED FAILURE -> SEARCHING ALTERNATIVE x=0.0 y=167.1 plan=2035 candidate=EARLY failures=2036 budget=6 checkpoint=0.0
12:59:51 WARN  [Main] [Imix]: [ImixAI][FAIL] x=1.3 y=167.7 same-region=true -> candidate=LATE plan=2036 errors=2037/6
12:59:51 INFO  [Main] [Imix]: [ImixAI][ROLLBACK] no safe checkpoint yet; returned to x=0
12:59:51 INFO  [Main] [Imix]: [ImixAI][SEARCH] phase=LEARNED FAILURE -> SEARCHING ALTERNATIVE x=0.0 y=167.7 plan=2036 candidate=LATE failures=2037 budget=6 checkpoint=0.0
12:59:51 WARN  [Main] [Imix]: [ImixAI][FAIL] x=1.3 y=168.3 same-region=true -> candidate=CENTER plan=2037 errors=2038/6
12:59:51 INFO  [Main] [Imix]: [ImixAI][ROLLBACK] no safe checkpoint yet; returned to x=0
12:59:51 INFO  [Main] [Imix]: [ImixAI][SEARCH] phase=LEARNED FAILURE -> SEARCHING ALTERNATIVE x=0.0 y=168.3 plan=2037 candidate=CENTER failures=2038 budget=6 checkpoint=0.0
12:59:51 WARN  [Main] [Imix]: [ImixAI][FAIL] x=1.3 y=168.8 same-region=true -> candidate=EARLY plan=2038 errors=2039/6
12:59:51 INFO  [Main] [Imix]: [ImixAI][ROLLBACK] no safe checkpoint yet; returned to x=0
12:59:51 INFO  [Main] [Imix]: [ImixAI][SEARCH] phase=LEARNED FAILURE -> SEARCHING ALTERNATIVE x=0.0 y=168.8 plan=2038 candidate=EARLY failures=2039 budget=6 checkpoint=0.0
12:59:51 WARN  [Main] [Imix]: [ImixAI][FAIL] x=1.3 y=169.3 same-region=true -> candidate=LATE plan=2039 errors=2040/6
12:59:51 INFO  [Main] [Imix]: [ImixAI][ROLLBACK] no safe checkpoint yet; returned to x=0
12:59:51 INFO  [Main] [Imix]: [ImixAI][SEARCH] phase=LEARNED FAILURE -> SEARCHING ALTERNATIVE x=0.0 y=169.3 plan=2039 candidate=LATE failures=2040 budget=6 checkpoint=0.0
12:59:51 WARN  [Main] [Imix]: [ImixAI][FAIL] x=1.3 y=169.7 same-region=true -> candidate=CENTER plan=2040 errors=2041/6
12:59:51 INFO  [Main] [Imix]: [ImixAI][ROLLBACK] no safe checkpoint yet; returned to x=0
12:59:51 INFO  [Main] [Imix]: [ImixAI][SEARCH] phase=LEARNED FAILURE -> SEARCHING ALTERNATIVE x=0.0 y=169.7 plan=2040 candidate=CENTER failures=2041 budget=6 checkpoint=0.0
12:59:51 WARN  [Main] [Imix]: [ImixAI][FAIL] x=1.3 y=170.1 same-region=true -> candidate=EARLY plan=2041 errors=2042/6
12:59:51 INFO  [Main] [Imix]: [ImixAI][ROLLBACK] no safe checkpoint yet; returned to x=0
12:59:51 INFO  [Main] [Imix]: [ImixAI][SEARCH] phase=LEARNED FAILURE -> SEARCHING ALTERNATIVE x=0.0 y=170.1 plan=2041 candidate=EARLY failures=2042 budget=6 checkpoint=0.0
12:59:51 WARN  [Main] [Imix]: [ImixAI][FAIL] x=1.3 y=170.4 same-region=true -> candidate=LATE plan=2042 errors=2043/6
12:59:51 INFO  [Main] [Imix]: [ImixAI][ROLLBACK] no safe checkpoint yet; returned to x=0
12:59:51 INFO  [Main] [Imix]: [ImixAI][SEARCH] phase=LEARNED FAILURE -> SEARCHING ALTERNATIVE x=0.0 y=170.4 plan=2042 candidate=LATE failures=2043 budget=6 checkpoint=0.0
12:59:51 WARN  [Main] [Imix]: [ImixAI][FAIL] x=1.3 y=170.7 same-region=true -> candidate=CENTER plan=2043 errors=2044/6
12:59:51 INFO  [Main] [Imix]: [ImixAI][ROLLBACK] no safe checkpoint yet; returned to x=0
12:59:51 INFO  [Main] [Imix]: [ImixAI][SEARCH] phase=LEARNED FAILURE -> SEARCHING ALTERNATIVE x=0.0 y=170.7 plan=2043 candidate=CENTER failures=2044 budget=6 checkpoint=0.0
12:59:51 WARN  [Main] [Imix]: [ImixAI][FAIL] x=1.3 y=170.9 same-region=true -> candidate=EARLY plan=2044 errors=2045/6
12:59:51 INFO  [Main] [Imix]: [ImixAI][ROLLBACK] no safe checkpoint yet; returned to x=0
12:59:51 INFO  [Main] [Imix]: [ImixAI][SEARCH] phase=LEARNED FAILURE -> SEARCHING ALTERNATIVE x=0.0 y=170.9 plan=2044 candidate=EARLY failures=2045 budget=6 checkpoint=0.0
12:59:51 WARN  [Main] [Imix]: [ImixAI][FAIL] x=1.3 y=171.1 same-region=true -> candidate=LATE plan=2045 errors=2046/6
12:59:51 INFO  [Main] [Imix]: [ImixAI][ROLLBACK] no safe checkpoint yet; returned to x=0
12:59:51 INFO  [Main] [Imix]: [ImixAI][SEARCH] phase=LEARNED FAILURE -> SEARCHING ALTERNATIVE x=0.0 y=171.1 plan=2045 candidate=LATE failures=2046 budget=6 checkpoint=0.0
12:59:51 WARN  [Main] [Imix]: [ImixAI][FAIL] x=1.3 y=171.2 same-region=true -> candidate=CENTER plan=2046 errors=2047/6
12:59:51 INFO  [Main] [Imix]: [ImixAI][ROLLBACK] no safe checkpoint yet; returned to x=0
12:59:51 INFO  [Main] [Imix]: [ImixAI][SEARCH] phase=LEARNED FAILURE -> SEARCHING ALTERNATIVE x=0.0 y=171.2 plan=2046 candidate=CENTER failures=2047 budget=6 checkpoint=0.0
12:59:51 WARN  [Main] [Imix]: [ImixAI][FAIL] x=1.3 y=171.3 same-region=true -> candidate=EARLY plan=2047 errors=2048/6
12:59:51 INFO  [Main] [Imix]: [ImixAI][ROLLBACK] no safe checkpoint yet; returned to x=0
12:59:51 INFO  [Main] [Imix]: [ImixAI][SEARCH] phase=LEARNED FAILURE -> SEARCHING ALTERNATIVE x=0.0 y=171.3 plan=2047 candidate=EARLY failures=2048 budget=6 checkpoint=0.0
12:59:51 WARN  [Main] [Imix]: [ImixAI][FAIL] x=1.3 y=171.4 same-region=true -> candidate=LATE plan=2048 errors=2049/6
12:59:51 INFO  [Main] [Imix]: [ImixAI][ROLLBACK] no safe checkpoint yet; returned to x=0
12:59:51 INFO  [Main] [Imix]: [ImixAI][SEARCH] phase=LEARNED FAILURE -> SEARCHING ALTERNATIVE x=0.0 y=171.4 plan=2048 candidate=LATE failures=2049 budget=6 checkpoint=0.0
12:59:51 WARN  [Main] [Imix]: [ImixAI][FAIL] x=1.3 y=171.4 same-region=true -> candidate=CENTER plan=2049 errors=2050/6
12:59:51 INFO  [Main] [Imix]: [ImixAI][ROLLBACK] no safe checkpoint yet; returned to x=0
12:59:51 INFO  [Main] [Imix]: [ImixAI][SEARCH] phase=LEARNED FAILURE -> SEARCHING ALTERNATIVE x=0.0 y=171.4 plan=2049 candidate=CENTER failures=2050 budget=6 checkpoint=0.0
12:59:51 WARN  [Main] [Imix]: [ImixAI][FAIL] x=1.3 y=171.3 same-region=true -> candidate=EARLY plan=2050 errors=2051/6
12:59:51 INFO  [Main] [Imix]: [ImixAI][ROLLBACK] no safe checkpoint yet; returned to x=0
12:59:51 INFO  [Main] [Imix]: [ImixAI][SEARCH] phase=LEARNED FAILURE -> SEARCHING ALTERNATIVE x=0.0 y=171.3 plan=2050 candidate=EARLY failures=2051 budget=6 checkpoint=0.0
12:59:51 WARN  [Main] [Imix]: [ImixAI][FAIL] x=1.3 y=171.2 same-region=true -> candidate=LATE plan=2051 errors=2052/6
12:59:51 INFO  [Main] [Imix]: [ImixAI][ROLLBACK] no safe checkpoint yet; returned to x=0
12:59:51 INFO  [Main] [Imix]: [ImixAI][SEARCH] phase=LEARNED FAILURE -> SEARCHING ALTERNATIVE x=0.0 y=171.2 plan=2051 candidate=LATE failures=2052 budget=6 checkpoint=0.0
12:59:51 WARN  [Main] [Imix]: [ImixAI][FAIL] x=1.3 y=171.0 same-region=true -> candidate=CENTER plan=2052 errors=2053/6
12:59:51 INFO  [Main] [Imix]: [ImixAI][ROLLBACK] no safe checkpoint yet; returned to x=0
12:59:51 INFO  [Main] [Imix]: [ImixAI][SEARCH] phase=LEARNED FAILURE -> SEARCHING ALTERNATIVE x=0.0 y=171.0 plan=2052 candidate=CENTER failures=2053 budget=6 checkpoint=0.0
12:59:51 WARN  [Main] [Imix]: [ImixAI][FAIL] x=1.3 y=170.8 same-region=true -> candidate=EARLY plan=2053 errors=2054/6
12:59:51 INFO  [Main] [Imix]: [ImixAI][ROLLBACK] no safe checkpoint yet; returned to x=0
12:59:51 INFO  [Main] [Imix]: [ImixAI][SEARCH] phase=LEARNED FAILURE -> SEARCHING ALTERNATIVE x=0.0 y=170.8 plan=2053 candidate=EARLY failures=2054 budget=6 checkpoint=0.0
12:59:51 WARN  [Main] [Imix]: [ImixAI][FAIL] x=1.3 y=170.6 same-region=true -> candidate=LATE plan=2054 errors=2055/6
12:59:51 INFO  [Main] [Imix]: [ImixAI][ROLLBACK] no safe checkpoint yet; returned to x=0
12:59:51 INFO  [Main] [Imix]: [ImixAI][SEARCH] phase=LEARNED FAILURE -> SEARCHING ALTERNATIVE x=0.0 y=170.6 plan=2054 candidate=LATE failures=2055 budget=6 checkpoint=0.0
12:59:51 WARN  [Main] [Imix]: [ImixAI][FAIL] x=1.3 y=170.3 same-region=true -> candidate=CENTER plan=2055 errors=2056/6
12:59:51 INFO  [Main] [Imix]: [ImixAI][ROLLBACK] no safe checkpoint yet; returned to x=0
12:59:51 INFO  [Main] [Imix]: [ImixAI][SEARCH] phase=LEARNED FAILURE -> SEARCHING ALTERNATIVE x=0.0 y=170.3 plan=2055 candidate=CENTER failures=2056 budget=6 checkpoint=0.0
12:59:51 WARN  [Main] [Imix]: [ImixAI][FAIL] x=1.3 y=169.9 same-region=true -> candidate=EARLY plan=2056 errors=2057/6
12:59:51 INFO  [Main] [Imix]: [ImixAI][ROLLBACK] no safe checkpoint yet; returned to x=0
12:59:51 INFO  [Main] [Imix]: [ImixAI][SEARCH] phase=LEARNED FAILURE -> SEARCHING ALTERNATIVE x=0.0 y=169.9 plan=2056 candidate=EARLY failures=2057 budget=6 checkpoint=0.0
12:59:51 WARN  [Main] [Imix]: [ImixAI][FAIL] x=1.3 y=169.5 same-region=true -> candidate=LATE plan=2057 errors=2058/6
12:59:51 INFO  [Main] [Imix]: [ImixAI][ROLLBACK] no safe checkpoint yet; returned to x=0
12:59:51 INFO  [Main] [Imix]: [ImixAI][SEARCH] phase=LEARNED FAILURE -> SEARCHING ALTERNATIVE x=0.0 y=169.5 plan=2057 candidate=LATE failures=2058 budget=6 checkpoint=0.0
12:59:51 WARN  [Main] [Imix]: [ImixAI][FAIL] x=1.3 y=169.1 same-region=true -> candidate=CENTER plan=2058 errors=2059/6
12:59:51 INFO  [Main] [Imix]: [ImixAI][ROLLBACK] no safe checkpoint yet; returned to x=0
12:59:51 INFO  [Main] [Imix]: [ImixAI][SEARCH] phase=LEARNED FAILURE -> SEARCHING ALTERNATIVE x=0.0 y=169.1 plan=2058 candidate=CENTER failures=2059 budget=6 checkpoint=0.0
12:59:51 WARN  [Main] [Imix]: [ImixAI][FAIL] x=1.3 y=168.6 same-region=true -> candidate=EARLY plan=2059 errors=2060/6
12:59:51 INFO  [Main] [Imix]: [ImixAI][ROLLBACK] no safe checkpoint yet; returned to x=0
12:59:51 INFO  [Main] [Imix]: [ImixAI][SEARCH] phase=LEARNED FAILURE -> SEARCHING ALTERNATIVE x=0.0 y=168.6 plan=2059 candidate=EARLY failures=2060 budget=6 checkpoint=0.0
12:59:51 WARN  [Main] [Imix]: [ImixAI][FAIL] x=1.3 y=168.0 same-region=true -> candidate=LATE plan=2060 errors=2061/6
12:59:51 INFO  [Main] [Imix]: [ImixAI][ROLLBACK] no safe checkpoint yet; returned to x=0
12:59:51 INFO  [Main] [Imix]: [ImixAI][SEARCH] phase=LEARNED FAILURE -> SEARCHING ALTERNATIVE x=0.0 y=168.0 plan=2060 candidate=LATE failures=2061 budget=6 checkpoint=0.0
12:59:51 WARN  [Main] [Imix]: [ImixAI][FAIL] x=1.3 y=167.4 same-region=true -> candidate=CENTER plan=2061 errors=2062/6
12:59:51 INFO  [Main] [Imix]: [ImixAI][ROLLBACK] no safe checkpoint yet; returned to x=0
12:59:51 INFO  [Main] [Imix]: [ImixAI][SEARCH] phase=LEARNED FAILURE -> SEARCHING ALTERNATIVE x=0.0 y=167.4 plan=2061 candidate=CENTER failures=2062 budget=6 checkpoint=0.0
12:59:51 WARN  [Main] [Imix]: [ImixAI][FAIL] x=1.3 y=166.8 same-region=true -> candidate=EARLY plan=2062 errors=2063/6
12:59:51 INFO  [Main] [Imix]: [ImixAI][ROLLBACK] no safe checkpoint yet; returned to x=0
12:59:51 INFO  [Main] [Imix]: [ImixAI][SEARCH] phase=LEARNED FAILURE -> SEARCHING ALTERNATIVE x=0.0 y=166.8 plan=2062 candidate=EARLY failures=2063 budget=6 checkpoint=0.0
12:59:51 WARN  [Main] [Imix]: [ImixAI][FAIL] x=1.3 y=166.1 same-region=true -> candidate=LATE plan=2063 errors=2064/6
12:59:51 INFO  [Main] [Imix]: [ImixAI][ROLLBACK] no safe checkpoint yet; returned to x=0
12:59:51 INFO  [Main] [Imix]: [ImixAI][SEARCH] phase=LEARNED FAILURE -> SEARCHING ALTERNATIVE x=0.0 y=166.1 plan=2063 candidate=LATE failures=2064 budget=6 checkpoint=0.0
12:59:51 WARN  [Main] [Imix]: [ImixAI][FAIL] x=1.3 y=165.3 same-region=true -> candidate=CENTER plan=2064 errors=2065/6
12:59:51 INFO  [Main] [Imix]: [ImixAI][ROLLBACK] no safe checkpoint yet; returned to x=0
12:59:51 INFO  [Main] [Imix]: [ImixAI][SEARCH] phase=LEARNED FAILURE -> SEARCHING ALTERNATIVE x=0.0 y=165.3 plan=2064 candidate=CENTER failures=2065 budget=6 checkpoint=0.0
12:59:51 WARN  [Main] [Imix]: [ImixAI][FAIL] x=1.3 y=164.6 same-region=true -> candidate=EARLY plan=2065 errors=2066/6
12:59:51 INFO  [Main] [Imix]: [ImixAI][ROLLBACK] no safe checkpoint yet; returned to x=0
12:59:51 INFO  [Main] [Imix]: [ImixAI][SEARCH] phase=LEARNED FAILURE -> SEARCHING ALTERNATIVE x=0.0 y=164.6 plan=2065 candidate=EARLY failures=2066 budget=6 checkpoint=0.0
12:59:51 WARN  [Main] [Imix]: [ImixAI][FAIL] x=1.3 y=163.7 same-region=true -> candidate=LATE plan=2066 errors=2067/6
12:59:51 INFO  [Main] [Imix]: [ImixAI][ROLLBACK] no safe checkpoint yet; returned to x=0
12:59:51 INFO  [Main] [Imix]: [ImixAI][SEARCH] phase=LEARNED FAILURE -> SEARCHING ALTERNATIVE x=0.0 y=163.7 plan=2066 candidate=LATE failures=2067 budget=6 checkpoint=0.0
12:59:51 WARN  [Main] [Imix]: [ImixAI][FAIL] x=1.3 y=162.8 same-region=true -> candidate=CENTER plan=2067 errors=2068/6
12:59:51 INFO  [Main] [Imix]: [ImixAI][ROLLBACK] no safe checkpoint yet; returned to x=0
12:59:51 INFO  [Main] [Imix]: [ImixAI][SEARCH] phase=LEARNED FAILURE -> SEARCHING ALTERNATIVE x=0.0 y=162.8 plan=2067 candidate=CENTER failures=2068 budget=6 checkpoint=0.0
12:59:52 WARN  [Main] [Imix]: [ImixAI][FAIL] x=1.3 y=161.9 same-region=true -> candidate=EARLY plan=2068 errors=2069/6
12:59:52 INFO  [Main] [Imix]: [ImixAI][ROLLBACK] no safe checkpoint yet; returned to x=0
12:59:52 INFO  [Main] [Imix]: [ImixAI][SEARCH] phase=LEARNED FAILURE -> SEARCHING ALTERNATIVE x=0.0 y=161.9 plan=2068 candidate=EARLY failures=2069 budget=6 checkpoint=0.0
12:59:52 WARN  [Main] [Imix]: [ImixAI][FAIL] x=1.3 y=160.9 same-region=true -> candidate=LATE plan=2069 errors=2070/6
12:59:52 INFO  [Main] [Imix]: [ImixAI][ROLLBACK] no safe checkpoint yet; returned to x=0
12:59:52 INFO  [Main] [Imix]: [ImixAI][SEARCH] phase=LEARNED FAILURE -> SEARCHING ALTERNATIVE x=0.0 y=160.9 plan=2069 candidate=LATE failures=2070 budget=6 checkpoint=0.0
12:59:52 WARN  [Main] [Imix]: [ImixAI][FAIL] x=1.3 y=159.9 same-region=true -> candidate=CENTER plan=2070 errors=2071/6
12:59:52 INFO  [Main] [Imix]: [ImixAI][ROLLBACK] no safe checkpoint yet; returned to x=0
12:59:52 INFO  [Main] [Imix]: [ImixAI][SEARCH] phase=LEARNED FAILURE -> SEARCHING ALTERNATIVE x=0.0 y=159.9 plan=2070 candidate=CENTER failures=2071 budget=6 checkpoint=0.0
12:59:52 WARN  [Main] [Imix]: [ImixAI][FAIL] x=1.3 y=158.8 same-region=true -> candidate=EARLY plan=2071 errors=2072/6
12:59:52 INFO  [Main] [Imix]: [ImixAI][ROLLBACK] no safe checkpoint yet; returned to x=0
12:59:52 INFO  [Main] [Imix]: [ImixAI][SEARCH] phase=LEARNED FAILURE -> SEARCHING ALTERNATIVE x=0.0 y=158.8 plan=2071 candidate=EARLY failures=2072 budget=6 checkpoint=0.0
12:59:52 WARN  [Main] [Imix]: [ImixAI][FAIL] x=1.3 y=157.7 same-region=true -> candidate=LATE plan=2072 errors=2073/6
12:59:52 INFO  [Main] [Imix]: [ImixAI][ROLLBACK] no safe checkpoint yet; returned to x=0
12:59:52 INFO  [Main] [Imix]: [ImixAI][SEARCH] phase=LEARNED FAILURE -> SEARCHING ALTERNATIVE x=0.0 y=157.7 plan=2072 candidate=LATE failures=2073 budget=6 checkpoint=0.0
12:59:52 WARN  [Main] [Imix]: [ImixAI][FAIL] x=1.3 y=156.5 same-region=true -> candidate=CENTER plan=2073 errors=2074/6
12:59:52 INFO  [Main] [Imix]: [ImixAI][ROLLBACK] no safe checkpoint yet; returned to x=0
12:59:52 INFO  [Main] [Imix]: [ImixAI][SEARCH] phase=LEARNED FAILURE -> SEARCHING ALTERNATIVE x=0.0 y=156.5 plan=2073 candidate=CENTER failures=2074 budget=6 checkpoint=0.0
12:59:52 WARN  [Main] [Imix]: [ImixAI][FAIL] x=1.3 y=155.3 same-region=true -> candidate=EARLY plan=2074 errors=2075/6
12:59:52 INFO  [Main] [Imix]: [ImixAI][ROLLBACK] no safe checkpoint yet; returned to x=0
12:59:52 INFO  [Main] [Imix]: [ImixAI][SEARCH] phase=LEARNED FAILURE -> SEARCHING ALTERNATIVE x=0.0 y=155.3 plan=2074 candidate=EARLY failures=2075 budget=6 checkpoint=0.0
12:59:52 WARN  [Main] [Imix]: [ImixAI][FAIL] x=1.3 y=154.0 same-region=true -> candidate=LATE plan=2075 errors=2076/6
12:59:52 INFO  [Main] [Imix]: [ImixAI][ROLLBACK] no safe checkpoint yet; returned to x=0
12:59:52 INFO  [Main] [Imix]: [ImixAI][SEARCH] phase=LEARNED FAILURE -> SEARCHING ALTERNATIVE x=0.0 y=154.0 plan=2075 candidate=LATE failures=2076 budget=6 checkpoint=0.0
12:59:52 WARN  [Main] [Imix]: [ImixAI][FAIL] x=1.3 y=152.7 same-region=true -> candidate=CENTER plan=2076 errors=2077/6
12:59:52 INFO  [Main] [Imix]: [ImixAI][ROLLBACK] no safe checkpoint yet; returned to x=0
12:59:52 INFO  [Main] [Imix]: [ImixAI][SEARCH] phase=LEARNED FAILURE -> SEARCHING ALTERNATIVE x=0.0 y=152.7 plan=2076 candidate=CENTER failures=2077 budget=6 checkpoint=0.0
12:59:52 WARN  [Main] [Imix]: [ImixAI][FAIL] x=1.3 y=151.3 same-region=true -> candidate=EARLY plan=2077 errors=2078/6
12:59:52 INFO  [Main] [Imix]: [ImixAI][ROLLBACK] no safe checkpoint yet; returned to x=0
12:59:52 INFO  [Main] [Imix]: [ImixAI][SEARCH] phase=LEARNED FAILURE -> SEARCHING ALTERNATIVE x=0.0 y=151.3 plan=2077 candidate=EARLY failures=2078 budget=6 checkpoint=0.0
12:59:52 WARN  [Main] [Imix]: [ImixAI][FAIL] x=1.3 y=149.9 same-region=true -> candidate=LATE plan=2078 errors=2079/6
12:59:52 INFO  [Main] [Imix]: [ImixAI][ROLLBACK] no safe checkpoint yet; returned to x=0
12:59:52 INFO  [Main] [Imix]: [ImixAI][SEARCH] phase=LEARNED FAILURE -> SEARCHING ALTERNATIVE x=0.0 y=149.9 plan=2078 candidate=LATE failures=2079 budget=6 checkpoint=0.0
12:59:52 WARN  [Main] [Imix]: [ImixAI][FAIL] x=1.3 y=148.4 same-region=true -> candidate=CENTER plan=2079 errors=2080/6
12:59:52 INFO  [Main] [Imix]: [ImixAI][ROLLBACK] no safe checkpoint yet; returned to x=0
12:59:52 INFO  [Main] [Imix]: [ImixAI][SEARCH] phase=LEARNED FAILURE -> SEARCHING ALTERNATIVE x=0.0 y=148.4 plan=2079 candidate=CENTER failures=2080 budget=6 checkpoint=0.0
12:59:52 WARN  [Main] [Imix]: [ImixAI][FAIL] x=1.3 y=146.9 same-region=true -> candidate=EARLY plan=2080 errors=2081/6
12:59:52 INFO  [Main] [Imix]: [ImixAI][ROLLBACK] no safe checkpoint yet; returned to x=0
12:59:52 INFO  [Main] [Imix]: [ImixAI][SEARCH] phase=LEARNED FAILURE -> SEARCHING ALTERNATIVE x=0.0 y=146.9 plan=2080 candidate=EARLY failures=2081 budget=6 checkpoint=0.0
12:59:52 WARN  [Main] [Imix]: [ImixAI][FAIL] x=1.3 y=145.3 same-region=true -> candidate=LATE plan=2081 errors=2082/6
12:59:52 INFO  [Main] [Imix]: [ImixAI][ROLLBACK] no safe checkpoint yet; returned to x=0
12:59:52 INFO  [Main] [Imix]: [ImixAI][SEARCH] phase=LEARNED FAILURE -> SEARCHING ALTERNATIVE x=0.0 y=145.3 plan=2081 candidate=LATE failures=2082 budget=6 checkpoint=0.0
12:59:52 WARN  [Main] [Imix]: [ImixAI][FAIL] x=1.3 y=143.7 same-region=true -> candidate=CENTER plan=2082 errors=2083/6
12:59:52 INFO  [Main] [Imix]: [ImixAI][ROLLBACK] no safe checkpoint yet; returned to x=0
12:59:52 INFO  [Main] [Imix]: [ImixAI][SEARCH] phase=LEARNED FAILURE -> SEARCHING ALTERNATIVE x=0.0 y=143.7 plan=2082 candidate=CENTER failures=2083 budget=6 checkpoint=0.0
12:59:52 WARN  [Main] [Imix]: [ImixAI][FAIL] x=1.3 y=142.0 same-region=true -> candidate=EARLY plan=2083 errors=2084/6
12:59:52 INFO  [Main] [Imix]: [ImixAI][ROLLBACK] no safe checkpoint yet; returned to x=0
12:59:52 INFO  [Main] [Imix]: [ImixAI][SEARCH] phase=LEARNED FAILURE -> SEARCHING ALTERNATIVE x=0.0 y=142.0 plan=2083 candidate=EARLY failures=2084 budget=6 checkpoint=0.0
12:59:52 WARN  [Main] [Imix]: [ImixAI][FAIL] x=1.3 y=140.3 same-region=true -> candidate=LATE plan=2084 errors=2085/6
12:59:52 INFO  [Main] [Imix]: [ImixAI][ROLLBACK] no safe checkpoint yet; returned to x=0
12:59:52 INFO  [Main] [Imix]: [ImixAI][SEARCH] phase=LEARNED FAILURE -> SEARCHING ALTERNATIVE x=0.0 y=140.3 plan=2084 candidate=LATE failures=2085 budget=6 checkpoint=0.0
12:59:52 WARN  [Main] [Imix]: [ImixAI][FAIL] x=1.3 y=138.6 same-region=true -> candidate=CENTER plan=2085 errors=2086/6
12:59:52 INFO  [Main] [Imix]: [ImixAI][ROLLBACK] no safe checkpoint yet; returned to x=0
12:59:52 INFO  [Main] [Imix]: [ImixAI][SEARCH] phase=LEARNED FAILURE -> SEARCHING ALTERNATIVE x=0.0 y=138.6 plan=2085 candidate=CENTER failures=2086 budget=6 checkpoint=0.0
12:59:52 WARN  [Main] [Imix]: [ImixAI][FAIL] x=1.3 y=136.8 same-region=true -> candidate=EARLY plan=2086 errors=2087/6
12:59:52 INFO  [Main] [Imix]: [ImixAI][ROLLBACK] no safe checkpoint yet; returned to x=0
12:59:52 INFO  [Main] [Imix]: [ImixAI][SEARCH] phase=LEARNED FAILURE -> SEARCHING ALTERNATIVE x=0.0 y=136.8 plan=2086 candidate=EARLY failures=2087 budget=6 checkpoint=0.0
12:59:52 WARN  [Main] [Imix]: [ImixAI][FAIL] x=1.3 y=134.9 same-region=true -> candidate=LATE plan=2087 errors=2088/6
12:59:52 INFO  [Main] [Imix]: [ImixAI][ROLLBACK] no safe checkpoint yet; returned to x=0
12:59:52 INFO  [Main] [Imix]: [ImixAI][SEARCH] phase=LEARNED FAILURE -> SEARCHING ALTERNATIVE x=0.0 y=134.9 plan=2087 candidate=LATE failures=2088 budget=6 checkpoint=0.0
12:59:52 WARN  [Main] [Imix]: [ImixAI][FAIL] x=1.3 y=133.0 same-region=true -> candidate=CENTER plan=2088 errors=2089/6
12:59:52 INFO  [Main] [Imix]: [ImixAI][ROLLBACK] no safe checkpoint yet; returned to x=0
12:59:52 INFO  [Main] [Imix]: [ImixAI][SEARCH] phase=LEARNED FAILURE -> SEARCHING ALTERNATIVE x=0.0 y=133.0 plan=2088 candidate=CENTER failures=2089 budget=6 checkpoint=0.0
12:59:52 WARN  [Main] [Imix]: [ImixAI][FAIL] x=1.3 y=131.0 same-region=true -> candidate=EARLY plan=2089 errors=2090/6
12:59:52 INFO  [Main] [Imix]: [ImixAI][ROLLBACK] no safe checkpoint yet; returned to x=0
12:59:52 INFO  [Main] [Imix]: [ImixAI][SEARCH] phase=LEARNED FAILURE -> SEARCHING ALTERNATIVE x=0.0 y=131.0 plan=2089 candidate=EARLY failures=2090 budget=6 checkpoint=0.0
12:59:52 WARN  [Main] [Imix]: [ImixAI][FAIL] x=1.3 y=129.0 same-region=true -> candidate=LATE plan=2090 errors=2091/6
12:59:52 INFO  [Main] [Imix]: [ImixAI][ROLLBACK] no safe checkpoint yet; returned to x=0
12:59:52 INFO  [Main] [Imix]: [ImixAI][SEARCH] phase=LEARNED FAILURE -> SEARCHING ALTERNATIVE x=0.0 y=129.0 plan=2090 candidate=LATE failures=2091 budget=6 checkpoint=0.0
12:59:52 WARN  [Main] [Imix]: [ImixAI][FAIL] x=1.3 y=127.0 same-region=true -> candidate=CENTER plan=2091 errors=2092/6
12:59:52 INFO  [Main] [Imix]: [ImixAI][ROLLBACK] no safe checkpoint yet; returned to x=0
12:59:52 INFO  [Main] [Imix]: [ImixAI][SEARCH] phase=LEARNED FAILURE -> SEARCHING ALTERNATIVE x=0.0 y=127.0 plan=2091 candidate=CENTER failures=2092 budget=6 checkpoint=0.0
12:59:52 WARN  [Main] [Imix]: [ImixAI][FAIL] x=1.3 y=124.9 same-region=true -> candidate=EARLY plan=2092 errors=2093/6
12:59:52 INFO  [Main] [Imix]: [ImixAI][ROLLBACK] no safe checkpoint yet; returned to x=0
12:59:52 INFO  [Main] [Imix]: [ImixAI][SEARCH] phase=LEARNED FAILURE -> SEARCHING ALTERNATIVE x=0.0 y=124.9 plan=2092 candidate=EARLY failures=2093 budget=6 checkpoint=0.0
12:59:52 WARN  [Main] [Imix]: [ImixAI][FAIL] x=1.3 y=122.7 same-region=true -> candidate=LATE plan=2093 errors=2094/6
12:59:52 INFO  [Main] [Imix]: [ImixAI][ROLLBACK] no safe checkpoint yet; returned to x=0
12:59:52 INFO  [Main] [Imix]: [ImixAI][SEARCH] phase=LEARNED FAILURE -> SEARCHING ALTERNATIVE x=0.0 y=122.7 plan=2093 candidate=LATE failures=2094 budget=6 checkpoint=0.0
12:59:52 WARN  [Main] [Imix]: [ImixAI][FAIL] x=1.3 y=120.5 same-region=true -> candidate=CENTER plan=2094 errors=2095/6
12:59:52 INFO  [Main] [Imix]: [ImixAI][ROLLBACK] no safe checkpoint yet; returned to x=0
12:59:52 INFO  [Main] [Imix]: [ImixAI][SEARCH] phase=LEARNED FAILURE -> SEARCHING ALTERNATIVE x=0.0 y=120.5 plan=2094 candidate=CENTER failures=2095 budget=6 checkpoint=0.0
12:59:52 WARN  [Main] [Imix]: [ImixAI][FAIL] x=1.3 y=118.3 same-region=true -> candidate=EARLY plan=2095 errors=2096/6
12:59:52 INFO  [Main] [Imix]: [ImixAI][ROLLBACK] no safe checkpoint yet; returned to x=0
12:59:52 INFO  [Main] [Imix]: [ImixAI][SEARCH] phase=LEARNED FAILURE -> SEARCHING ALTERNATIVE x=0.0 y=118.3 plan=2095 candidate=EARLY failures=2096 budget=6 checkpoint=0.0
12:59:52 WARN  [Main] [Imix]: [ImixAI][FAIL] x=1.3 y=116.0 same-region=true -> candidate=LATE plan=2096 errors=2097/6
12:59:52 INFO  [Main] [Imix]: [ImixAI][ROLLBACK] no safe checkpoint yet; returned to x=0
12:59:52 INFO  [Main] [Imix]: [ImixAI][SEARCH] phase=LEARNED FAILURE -> SEARCHING ALTERNATIVE x=0.0 y=116.0 plan=2096 candidate=LATE failures=2097 budget=6 checkpoint=0.0
12:59:52 WARN  [Main] [Imix]: [ImixAI][FAIL] x=1.3 y=113.6 same-region=true -> candidate=CENTER plan=2097 errors=2098/6
12:59:52 INFO  [Main] [Imix]: [ImixAI][ROLLBACK] no safe checkpoint yet; returned to x=0
12:59:52 INFO  [Main] [Imix]: [ImixAI][SEARCH] phase=LEARNED FAILURE -> SEARCHING ALTERNATIVE x=0.0 y=113.6 plan=2097 candidate=CENTER failures=2098 budget=6 checkpoint=0.0
12:59:52 WARN  [Main] [Imix]: [ImixAI][FAIL] x=1.3 y=111.2 same-region=true -> candidate=EARLY plan=2098 errors=2099/6
12:59:52 INFO  [Main] [Imix]: [ImixAI][ROLLBACK] no safe checkpoint yet; returned to x=0
12:59:52 INFO  [Main] [Imix]: [ImixAI][SEARCH] phase=LEARNED FAILURE -> SEARCHING ALTERNATIVE x=0.0 y=111.2 plan=2098 candidate=EARLY failures=2099 budget=6 checkpoint=0.0
12:59:52 WARN  [Main] [Imix]: [ImixAI][FAIL] x=1.3 y=108.8 same-region=true -> candidate=LATE plan=2099 errors=2100/6
12:59:52 INFO  [Main] [Imix]: [ImixAI][ROLLBACK] no safe checkpoint yet; returned to x=0
12:59:52 INFO  [Main] [Imix]: [ImixAI][SEARCH] phase=LEARNED FAILURE -> SEARCHING ALTERNATIVE x=0.0 y=108.8 plan=2099 candidate=LATE failures=2100 budget=6 checkpoint=0.0
12:59:52 WARN  [Main] [Imix]: [ImixAI][FAIL] x=1.3 y=106.3 same-region=true -> candidate=CENTER plan=2100 errors=2101/6
12:59:52 INFO  [Main] [Imix]: [ImixAI][ROLLBACK] no safe checkpoint yet; returned to x=0
12:59:52 INFO  [Main] [Imix]: [ImixAI][SEARCH] phase=LEARNED FAILURE -> SEARCHING ALTERNATIVE x=0.0 y=106.3 plan=2100 candidate=CENTER failures=2101 budget=6 checkpoint=0.0
12:59:52 WARN  [Main] [Imix]: [ImixAI][FAIL] x=1.3 y=105.0 same-region=true -> candidate=EARLY plan=2101 errors=2102/6
12:59:52 INFO  [Main] [Imix]: [ImixAI][ROLLBACK] no safe checkpoint yet; returned to x=0
12:59:52 INFO  [Main] [Imix]: [ImixAI][SEARCH] phase=LEARNED FAILURE -> SEARCHING ALTERNATIVE x=0.0 y=105.0 plan=2101 candidate=EARLY failures=2102 budget=6 checkpoint=0.0
12:59:52 WARN  [Main] [Imix]: [ImixAI][FAIL] x=1.3 y=107.5 same-region=true -> candidate=LATE plan=2102 errors=2103/6
12:59:52 INFO  [Main] [Imix]: [ImixAI][ROLLBACK] no safe checkpoint yet; returned to x=0
12:59:52 INFO  [Main] [Imix]: [ImixAI][SEARCH] phase=LEARNED FAILURE -> SEARCHING ALTERNATIVE x=0.0 y=107.5 plan=2102 candidate=LATE failures=2103 budget=6 checkpoint=0.0
12:59:52 WARN  [Main] [Imix]: [ImixAI][FAIL] x=1.3 y=110.0 same-region=true -> candidate=CENTER plan=2103 errors=2104/6
12:59:52 INFO  [Main] [Imix]: [ImixAI][ROLLBACK] no safe checkpoint yet; returned to x=0
12:59:52 INFO  [Main] [Imix]: [ImixAI][SEARCH] phase=LEARNED FAILURE -> SEARCHING ALTERNATIVE x=0.0 y=110.0 plan=2103 candidate=CENTER failures=2104 budget=6 checkpoint=0.0
12:59:52 WARN  [Main] [Imix]: [ImixAI][FAIL] x=1.3 y=112.4 same-region=true -> candidate=EARLY plan=2104 errors=2105/6
12:59:52 INFO  [Main] [Imix]: [ImixAI][ROLLBACK] no safe checkpoint yet; returned to x=0
12:59:52 INFO  [Main] [Imix]: [ImixAI][SEARCH] phase=LEARNED FAILURE -> SEARCHING ALTERNATIVE x=0.0 y=112.4 plan=2104 candidate=EARLY failures=2105 budget=6 checkpoint=0.0
12:59:52 WARN  [Main] [Imix]: [ImixAI][FAIL] x=1.3 y=114.8 same-region=true -> candidate=LATE plan=2105 errors=2106/6
12:59:52 INFO  [Main] [Imix]: [ImixAI][ROLLBACK] no safe checkpoint yet; returned to x=0
12:59:52 INFO  [Main] [Imix]: [ImixAI][SEARCH] phase=LEARNED FAILURE -> SEARCHING ALTERNATIVE x=0.0 y=114.8 plan=2105 candidate=LATE failures=2106 budget=6 checkpoint=0.0
12:59:52 WARN  [Main] [Imix]: [ImixAI][FAIL] x=1.3 y=117.1 same-region=true -> candidate=CENTER plan=2106 errors=2107/6
12:59:52 INFO  [Main] [Imix]: [ImixAI][ROLLBACK] no safe checkpoint yet; returned to x=0
12:59:52 INFO  [Main] [Imix]: [ImixAI][SEARCH] phase=LEARNED FAILURE -> SEARCHING ALTERNATIVE x=0.0 y=117.1 plan=2106 candidate=CENTER failures=2107 budget=6 checkpoint=0.0
12:59:52 WARN  [Main] [Imix]: [ImixAI][FAIL] x=1.3 y=119.4 same-region=true -> candidate=EARLY plan=2107 errors=2108/6
12:59:52 INFO  [Main] [Imix]: [ImixAI][ROLLBACK] no safe checkpoint yet; returned to x=0
12:59:52 INFO  [Main] [Imix]: [ImixAI][SEARCH] phase=LEARNED FAILURE -> SEARCHING ALTERNATIVE x=0.0 y=119.4 plan=2107 candidate=EARLY failures=2108 budget=6 checkpoint=0.0
12:59:52 WARN  [Main] [Imix]: [ImixAI][FAIL] x=1.3 y=121.6 same-region=true -> candidate=LATE plan=2108 errors=2109/6
12:59:52 INFO  [Main] [Imix]: [ImixAI][ROLLBACK] no safe checkpoint yet; returned to x=0
12:59:52 INFO  [Main] [Imix]: [ImixAI][SEARCH] phase=LEARNED FAILURE -> SEARCHING ALTERNATIVE x=0.0 y=121.6 plan=2108 candidate=LATE failures=2109 budget=6 checkpoint=0.0
12:59:52 WARN  [Main] [Imix]: [ImixAI][FAIL] x=1.3 y=123.8 same-region=true -> candidate=CENTER plan=2109 errors=2110/6
12:59:52 INFO  [Main] [Imix]: [ImixAI][ROLLBACK] no safe checkpoint yet; returned to x=0
12:59:52 INFO  [Main] [Imix]: [ImixAI][SEARCH] phase=LEARNED FAILURE -> SEARCHING ALTERNATIVE x=0.0 y=123.8 plan=2109 candidate=CENTER failures=2110 budget=6 checkpoint=0.0
12:59:52 WARN  [Main] [Imix]: [ImixAI][FAIL] x=1.3 y=125.9 same-region=true -> candidate=EARLY plan=2110 errors=2111/6
12:59:52 INFO  [Main] [Imix]: [ImixAI][ROLLBACK] no safe checkpoint yet; returned to x=0
12:59:52 INFO  [Main] [Imix]: [ImixAI][SEARCH] phase=LEARNED FAILURE -> SEARCHING ALTERNATIVE x=0.0 y=125.9 plan=2110 candidate=EARLY failures=2111 budget=6 checkpoint=0.0
12:59:52 WARN  [Main] [Imix]: [ImixAI][FAIL] x=1.3 y=128.0 same-region=true -> candidate=LATE plan=2111 errors=2112/6
12:59:52 INFO  [Main] [Imix]: [ImixAI][ROLLBACK] no safe checkpoint yet; returned to x=0
12:59:52 INFO  [Main] [Imix]: [ImixAI][SEARCH] phase=LEARNED FAILURE -> SEARCHING ALTERNATIVE x=0.0 y=128.0 plan=2111 candidate=LATE failures=2112 budget=6 checkpoint=0.0
12:59:52 WARN  [Main] [Imix]: [ImixAI][FAIL] x=1.3 y=130.0 same-region=true -> candidate=CENTER plan=2112 errors=2113/6
12:59:52 INFO  [Main] [Imix]: [ImixAI][ROLLBACK] no safe checkpoint yet; returned to x=0
12:59:52 INFO  [Main] [Imix]: [ImixAI][SEARCH] phase=LEARNED FAILURE -> SEARCHING ALTERNATIVE x=0.0 y=130.0 plan=2112 candidate=CENTER failures=2113 budget=6 checkpoint=0.0
12:59:52 WARN  [Main] [Imix]: [ImixAI][FAIL] x=1.3 y=132.0 same-region=true -> candidate=EARLY plan=2113 errors=2114/6
12:59:52 INFO  [Main] [Imix]: [ImixAI][ROLLBACK] no safe checkpoint yet; returned to x=0
12:59:52 INFO  [Main] [Imix]: [ImixAI][SEARCH] phase=LEARNED FAILURE -> SEARCHING ALTERNATIVE x=0.0 y=132.0 plan=2113 candidate=EARLY failures=2114 budget=6 checkpoint=0.0
12:59:52 WARN  [Main] [Imix]: [ImixAI][FAIL] x=1.3 y=133.9 same-region=true -> candidate=LATE plan=2114 errors=2115/6
12:59:52 INFO  [Main] [Imix]: [ImixAI][ROLLBACK] no safe checkpoint yet; returned to x=0
12:59:52 INFO  [Main] [Imix]: [ImixAI][SEARCH] phase=LEARNED FAILURE -> SEARCHING ALTERNATIVE x=0.0 y=133.9 plan=2114 candidate=LATE failures=2115 budget=6 checkpoint=0.0
12:59:52 WARN  [Main] [Imix]: [ImixAI][FAIL] x=1.3 y=135.8 same-region=true -> candidate=CENTER plan=2115 errors=2116/6
12:59:52 INFO  [Main] [Imix]: [ImixAI][ROLLBACK] no safe checkpoint yet; returned to x=0
12:59:52 INFO  [Main] [Imix]: [ImixAI][SEARCH] phase=LEARNED FAILURE -> SEARCHING ALTERNATIVE x=0.0 y=135.8 plan=2115 candidate=CENTER failures=2116 budget=6 checkpoint=0.0
12:59:52 WARN  [Main] [Imix]: [ImixAI][FAIL] x=1.3 y=137.6 same-region=true -> candidate=EARLY plan=2116 errors=2117/6
12:59:52 INFO  [Main] [Imix]: [ImixAI][ROLLBACK] no safe checkpoint yet; returned to x=0
12:59:52 INFO  [Main] [Imix]: [ImixAI][SEARCH] phase=LEARNED FAILURE -> SEARCHING ALTERNATIVE x=0.0 y=137.6 plan=2116 candidate=EARLY failures=2117 budget=6 checkpoint=0.0
12:59:52 WARN  [Main] [Imix]: [ImixAI][FAIL] x=1.3 y=139.4 same-region=true -> candidate=LATE plan=2117 errors=2118/6
12:59:52 INFO  [Main] [Imix]: [ImixAI][ROLLBACK] no safe checkpoint yet; returned to x=0
12:59:52 INFO  [Main] [Imix]: [ImixAI][SEARCH] phase=LEARNED FAILURE -> SEARCHING ALTERNATIVE x=0.0 y=139.4 plan=2117 candidate=LATE failures=2118 budget=6 checkpoint=0.0
12:59:52 WARN  [Main] [Imix]: [ImixAI][FAIL] x=1.3 y=141.2 same-region=true -> candidate=CENTER plan=2118 errors=2119/6
12:59:52 INFO  [Main] [Imix]: [ImixAI][ROLLBACK] no safe checkpoint yet; returned to x=0
12:59:52 INFO  [Main] [Imix]: [ImixAI][SEARCH] phase=LEARNED FAILURE -> SEARCHING ALTERNATIVE x=0.0 y=141.2 plan=2118 candidate=CENTER failures=2119 budget=6 checkpoint=0.0
12:59:52 WARN  [Main] [Imix]: [ImixAI][FAIL] x=1.3 y=142.8 same-region=true -> candidate=EARLY plan=2119 errors=2120/6
12:59:52 INFO  [Main] [Imix]: [ImixAI][ROLLBACK] no safe checkpoint yet; returned to x=0
12:59:52 INFO  [Main] [Imix]: [ImixAI][SEARCH] phase=LEARNED FAILURE -> SEARCHING ALTERNATIVE x=0.0 y=142.8 plan=2119 candidate=EARLY failures=2120 budget=6 checkpoint=0.0
12:59:52 WARN  [Main] [Imix]: [ImixAI][FAIL] x=1.3 y=144.5 same-region=true -> candidate=LATE plan=2120 errors=2121/6
12:59:52 INFO  [Main] [Imix]: [ImixAI][ROLLBACK] no safe checkpoint yet; returned to x=0
12:59:52 INFO  [Main] [Imix]: [ImixAI][SEARCH] phase=LEARNED FAILURE -> SEARCHING ALTERNATIVE x=0.0 y=144.5 plan=2120 candidate=LATE failures=2121 budget=6 checkpoint=0.0
12:59:52 WARN  [Main] [Imix]: [ImixAI][FAIL] x=1.3 y=146.1 same-region=true -> candidate=CENTER plan=2121 errors=2122/6
12:59:52 INFO  [Main] [Imix]: [ImixAI][ROLLBACK] no safe checkpoint yet; returned to x=0
12:59:52 INFO  [Main] [Imix]: [ImixAI][SEARCH] phase=LEARNED FAILURE -> SEARCHING ALTERNATIVE x=0.0 y=146.1 plan=2121 candidate=CENTER failures=2122 budget=6 checkpoint=0.0
12:59:52 WARN  [Main] [Imix]: [ImixAI][FAIL] x=1.3 y=147.6 same-region=true -> candidate=EARLY plan=2122 errors=2123/6
12:59:52 INFO  [Main] [Imix]: [ImixAI][ROLLBACK] no safe checkpoint yet; returned to x=0
12:59:52 INFO  [Main] [Imix]: [ImixAI][SEARCH] phase=LEARNED FAILURE -> SEARCHING ALTERNATIVE x=0.0 y=147.6 plan=2122 candidate=EARLY failures=2123 budget=6 checkpoint=0.0
12:59:52 WARN  [Main] [Imix]: [ImixAI][FAIL] x=1.3 y=149.1 same-region=true -> candidate=LATE plan=2123 errors=2124/6
12:59:52 INFO  [Main] [Imix]: [ImixAI][ROLLBACK] no safe checkpoint yet; returned to x=0
12:59:52 INFO  [Main] [Imix]: [ImixAI][SEARCH] phase=LEARNED FAILURE -> SEARCHING ALTERNATIVE x=0.0 y=149.1 plan=2123 candidate=LATE failures=2124 budget=6 checkpoint=0.0
12:59:52 WARN  [Main] [Imix]: [ImixAI][FAIL] x=1.3 y=150.6 same-region=true -> candidate=CENTER plan=2124 errors=2125/6
12:59:52 INFO  [Main] [Imix]: [ImixAI][ROLLBACK] no safe checkpoint yet; returned to x=0
12:59:52 INFO  [Main] [Imix]: [ImixAI][SEARCH] phase=LEARNED FAILURE -> SEARCHING ALTERNATIVE x=0.0 y=150.6 plan=2124 candidate=CENTER failures=2125 budget=6 checkpoint=0.0
12:59:52 WARN  [Main] [Imix]: [ImixAI][FAIL] x=1.3 y=152.0 same-region=true -> candidate=EARLY plan=2125 errors=2126/6
12:59:52 INFO  [Main] [Imix]: [ImixAI][ROLLBACK] no safe checkpoint yet; returned to x=0
12:59:52 INFO  [Main] [Imix]: [ImixAI][SEARCH] phase=LEARNED FAILURE -> SEARCHING ALTERNATIVE x=0.0 y=152.0 plan=2125 candidate=EARLY failures=2126 budget=6 checkpoint=0.0
12:59:52 WARN  [Main] [Imix]: [ImixAI][FAIL] x=1.3 y=153.3 same-region=true -> candidate=LATE plan=2126 errors=2127/6
12:59:52 INFO  [Main] [Imix]: [ImixAI][ROLLBACK] no safe checkpoint yet; returned to x=0
12:59:52 INFO  [Main] [Imix]: [ImixAI][SEARCH] phase=LEARNED FAILURE -> SEARCHING ALTERNATIVE x=0.0 y=153.3 plan=2126 candidate=LATE failures=2127 budget=6 checkpoint=0.0
12:59:52 WARN  [Main] [Imix]: [ImixAI][FAIL] x=1.3 y=154.6 same-region=true -> candidate=CENTER plan=2127 errors=2128/6
12:59:52 INFO  [Main] [Imix]: [ImixAI][ROLLBACK] no safe checkpoint yet; returned to x=0
12:59:52 INFO  [Main] [Imix]: [ImixAI][SEARCH] phase=LEARNED FAILURE -> SEARCHING ALTERNATIVE x=0.0 y=154.6 plan=2127 candidate=CENTER failures=2128 budget=6 checkpoint=0.0
12:59:52 WARN  [Main] [Imix]: [ImixAI][FAIL] x=1.3 y=155.9 same-region=true -> candidate=EARLY plan=2128 errors=2129/6
12:59:52 INFO  [Main] [Imix]: [ImixAI][ROLLBACK] no safe checkpoint yet; returned to x=0
12:59:52 INFO  [Main] [Imix]: [ImixAI][SEARCH] phase=LEARNED FAILURE -> SEARCHING ALTERNATIVE x=0.0 y=155.9 plan=2128 candidate=EARLY failures=2129 budget=6 checkpoint=0.0
12:59:52 WARN  [Main] [Imix]: [ImixAI][FAIL] x=1.3 y=157.1 same-region=true -> candidate=LATE plan=2129 errors=2130/6
12:59:52 INFO  [Main] [Imix]: [ImixAI][ROLLBACK] no safe checkpoint yet; returned to x=0
12:59:52 INFO  [Main] [Imix]: [ImixAI][SEARCH] phase=LEARNED FAILURE -> SEARCHING ALTERNATIVE x=0.0 y=157.1 plan=2129 candidate=LATE failures=2130 budget=6 checkpoint=0.0
12:59:52 WARN  [Main] [Imix]: [ImixAI][FAIL] x=1.3 y=158.2 same-region=true -> candidate=CENTER plan=2130 errors=2131/6
12:59:52 INFO  [Main] [Imix]: [ImixAI][ROLLBACK] no safe checkpoint yet; returned to x=0
12:59:52 INFO  [Main] [Imix]: [ImixAI][SEARCH] phase=LEARNED FAILURE -> SEARCHING ALTERNATIVE x=0.0 y=158.2 plan=2130 candidate=CENTER failures=2131 budget=6 checkpoint=0.0
12:59:52 WARN  [Main] [Imix]: [ImixAI][FAIL] x=1.3 y=159.3 same-region=true -> candidate=EARLY plan=2131 errors=2132/6
12:59:52 INFO  [Main] [Imix]: [ImixAI][ROLLBACK] no safe checkpoint yet; returned to x=0
12:59:52 INFO  [Main] [Imix]: [ImixAI][SEARCH] phase=LEARNED FAILURE -> SEARCHING ALTERNATIVE x=0.0 y=159.3 plan=2131 candidate=EARLY failures=2132 budget=6 checkpoint=0.0
12:59:52 WARN  [Main] [Imix]: [ImixAI][FAIL] x=1.3 y=160.4 same-region=true -> candidate=LATE plan=2132 errors=2133/6
12:59:52 INFO  [Main] [Imix]: [ImixAI][ROLLBACK] no safe checkpoint yet; returned to x=0
12:59:52 INFO  [Main] [Imix]: [ImixAI][SEARCH] phase=LEARNED FAILURE -> SEARCHING ALTERNATIVE x=0.0 y=160.4 plan=2132 candidate=LATE failures=2133 budget=6 checkpoint=0.0
12:59:52 WARN  [Main] [Imix]: [ImixAI][FAIL] x=1.3 y=161.4 same-region=true -> candidate=CENTER plan=2133 errors=2134/6
12:59:52 INFO  [Main] [Imix]: [ImixAI][ROLLBACK] no safe checkpoint yet; returned to x=0
12:59:52 INFO  [Main] [Imix]: [ImixAI][SEARCH] phase=LEARNED FAILURE -> SEARCHING ALTERNATIVE x=0.0 y=161.4 plan=2133 candidate=CENTER failures=2134 budget=6 checkpoint=0.0
12:59:52 WARN  [Main] [Imix]: [ImixAI][FAIL] x=1.3 y=162.4 same-region=true -> candidate=EARLY plan=2134 errors=2135/6
12:59:52 INFO  [Main] [Imix]: [ImixAI][ROLLBACK] no safe checkpoint yet; returned to x=0
12:59:52 INFO  [Main] [Imix]: [ImixAI][SEARCH] phase=LEARNED FAILURE -> SEARCHING ALTERNATIVE x=0.0 y=162.4 plan=2134 candidate=EARLY failures=2135 budget=6 checkpoint=0.0
12:59:52 WARN  [Main] [Imix]: [ImixAI][FAIL] x=1.3 y=163.3 same-region=true -> candidate=LATE plan=2135 errors=2136/6
12:59:52 INFO  [Main] [Imix]: [ImixAI][ROLLBACK] no safe checkpoint yet; returned to x=0
12:59:52 INFO  [Main] [Imix]: [ImixAI][SEARCH] phase=LEARNED FAILURE -> SEARCHING ALTERNATIVE x=0.0 y=163.3 plan=2135 candidate=LATE failures=2136 budget=6 checkpoint=0.0
12:59:52 WARN  [Main] [Imix]: [ImixAI][FAIL] x=1.3 y=164.1 same-region=true -> candidate=CENTER plan=2136 errors=2137/6
12:59:52 INFO  [Main] [Imix]: [ImixAI][ROLLBACK] no safe checkpoint yet; returned to x=0
12:59:52 INFO  [Main] [Imix]: [ImixAI][SEARCH] phase=LEARNED FAILURE -> SEARCHING ALTERNATIVE x=0.0 y=164.1 plan=2136 candidate=CENTER failures=2137 budget=6 checkpoint=0.0
12:59:52 WARN  [Main] [Imix]: [ImixAI][FAIL] x=1.3 y=164.9 same-region=true -> candidate=EARLY plan=2137 errors=2138/6
12:59:52 INFO  [Main] [Imix]: [ImixAI][ROLLBACK] no safe checkpoint yet; returned to x=0
12:59:52 INFO  [Main] [Imix]: [ImixAI][SEARCH] phase=LEARNED FAILURE -> SEARCHING ALTERNATIVE x=0.0 y=164.9 plan=2137 candidate=EARLY failures=2138 budget=6 checkpoint=0.0
12:59:52 WARN  [Main] [Imix]: [ImixAI][FAIL] x=1.3 y=165.7 same-region=true -> candidate=LATE plan=2138 errors=2139/6
12:59:52 INFO  [Main] [Imix]: [ImixAI][ROLLBACK] no safe checkpoint yet; returned to x=0
12:59:52 INFO  [Main] [Imix]: [ImixAI][SEARCH] phase=LEARNED FAILURE -> SEARCHING ALTERNATIVE x=0.0 y=165.7 plan=2138 candidate=LATE failures=2139 budget=6 checkpoint=0.0
12:59:52 WARN  [Main] [Imix]: [ImixAI][FAIL] x=1.3 y=166.4 same-region=true -> candidate=CENTER plan=2139 errors=2140/6
12:59:52 INFO  [Main] [Imix]: [ImixAI][ROLLBACK] no safe checkpoint yet; returned to x=0
12:59:52 INFO  [Main] [Imix]: [ImixAI][SEARCH] phase=LEARNED FAILURE -> SEARCHING ALTERNATIVE x=0.0 y=166.4 plan=2139 candidate=CENTER failures=2140 budget=6 checkpoint=0.0
12:59:52 WARN  [Main] [Imix]: [ImixAI][FAIL] x=1.3 y=167.1 same-region=true -> candidate=EARLY plan=2140 errors=2141/6
12:59:52 INFO  [Main] [Imix]: [ImixAI][ROLLBACK] no safe checkpoint yet; returned to x=0
12:59:52 INFO  [Main] [Imix]: [ImixAI][SEARCH] phase=LEARNED FAILURE -> SEARCHING ALTERNATIVE x=0.0 y=167.1 plan=2140 candidate=EARLY failures=2141 budget=6 checkpoint=0.0
12:59:52 WARN  [Main] [Imix]: [ImixAI][FAIL] x=1.3 y=167.7 same-region=true -> candidate=LATE plan=2141 errors=2142/6
12:59:52 INFO  [Main] [Imix]: [ImixAI][ROLLBACK] no safe checkpoint yet; returned to x=0
12:59:52 INFO  [Main] [Imix]: [ImixAI][SEARCH] phase=LEARNED FAILURE -> SEARCHING ALTERNATIVE x=0.0 y=167.7 plan=2141 candidate=LATE failures=2142 budget=6 checkpoint=0.0
12:59:52 WARN  [Main] [Imix]: [ImixAI][FAIL] x=1.3 y=168.3 same-region=true -> candidate=CENTER plan=2142 errors=2143/6
12:59:52 INFO  [Main] [Imix]: [ImixAI][ROLLBACK] no safe checkpoint yet; returned to x=0
12:59:52 INFO  [Main] [Imix]: [ImixAI][SEARCH] phase=LEARNED FAILURE -> SEARCHING ALTERNATIVE x=0.0 y=168.3 plan=2142 candidate=CENTER failures=2143 budget=6 checkpoint=0.0
12:59:52 WARN  [Main] [Imix]: [ImixAI][FAIL] x=1.3 y=168.8 same-region=true -> candidate=EARLY plan=2143 errors=2144/6
12:59:52 INFO  [Main] [Imix]: [ImixAI][ROLLBACK] no safe checkpoint yet; returned to x=0
12:59:52 INFO  [Main] [Imix]: [ImixAI][SEARCH] phase=LEARNED FAILURE -> SEARCHING ALTERNATIVE x=0.0 y=168.8 plan=2143 candidate=EARLY failures=2144 budget=6 checkpoint=0.0
12:59:52 WARN  [Main] [Imix]: [ImixAI][FAIL] x=1.3 y=169.3 same-region=true -> candidate=LATE plan=2144 errors=2145/6
12:59:52 INFO  [Main] [Imix]: [ImixAI][ROLLBACK] no safe checkpoint yet; returned to x=0
12:59:52 INFO  [Main] [Imix]: [ImixAI][SEARCH] phase=LEARNED FAILURE -> SEARCHING ALTERNATIVE x=0.0 y=169.3 plan=2144 candidate=LATE failures=2145 budget=6 checkpoint=0.0
12:59:52 WARN  [Main] [Imix]: [ImixAI][FAIL] x=1.3 y=169.7 same-region=true -> candidate=CENTER plan=2145 errors=2146/6
12:59:52 INFO  [Main] [Imix]: [ImixAI][ROLLBACK] no safe checkpoint yet; returned to x=0
12:59:52 INFO  [Main] [Imix]: [ImixAI][SEARCH] phase=LEARNED FAILURE -> SEARCHING ALTERNATIVE x=0.0 y=169.7 plan=2145 candidate=CENTER failures=2146 budget=6 checkpoint=0.0
12:59:52 WARN  [Main] [Imix]: [ImixAI][FAIL] x=1.3 y=170.1 same-region=true -> candidate=EARLY plan=2146 errors=2147/6
12:59:52 INFO  [Main] [Imix]: [ImixAI][ROLLBACK] no safe checkpoint yet; returned to x=0
12:59:52 INFO  [Main] [Imix]: [ImixAI][SEARCH] phase=LEARNED FAILURE -> SEARCHING ALTERNATIVE x=0.0 y=170.1 plan=2146 candidate=EARLY failures=2147 budget=6 checkpoint=0.0
12:59:52 WARN  [Main] [Imix]: [ImixAI][FAIL] x=1.3 y=170.4 same-region=true -> candidate=LATE plan=2147 errors=2148/6
12:59:52 INFO  [Main] [Imix]: [ImixAI][ROLLBACK] no safe checkpoint yet; returned to x=0
12:59:52 INFO  [Main] [Imix]: [ImixAI][SEARCH] phase=LEARNED FAILURE -> SEARCHING ALTERNATIVE x=0.0 y=170.4 plan=2147 candidate=LATE failures=2148 budget=6 checkpoint=0.0
12:59:52 WARN  [Main] [Imix]: [ImixAI][FAIL] x=1.3 y=170.7 same-region=true -> candidate=CENTER plan=2148 errors=2149/6
12:59:52 INFO  [Main] [Imix]: [ImixAI][ROLLBACK] no safe checkpoint yet; returned to x=0
12:59:52 INFO  [Main] [Imix]: [ImixAI][SEARCH] phase=LEARNED FAILURE -> SEARCHING ALTERNATIVE x=0.0 y=170.7 plan=2148 candidate=CENTER failures=2149 budget=6 checkpoint=0.0
12:59:52 WARN  [Main] [Imix]: [ImixAI][FAIL] x=1.3 y=170.9 same-region=true -> candidate=EARLY plan=2149 errors=2150/6
12:59:52 INFO  [Main] [Imix]: [ImixAI][ROLLBACK] no safe checkpoint yet; returned to x=0
12:59:52 INFO  [Main] [Imix]: [ImixAI][SEARCH] phase=LEARNED FAILURE -> SEARCHING ALTERNATIVE x=0.0 y=170.9 plan=2149 candidate=EARLY failures=2150 budget=6 checkpoint=0.0
12:59:52 WARN  [Main] [Imix]: [ImixAI][FAIL] x=1.3 y=171.1 same-region=true -> candidate=LATE plan=2150 errors=2151/6
12:59:52 INFO  [Main] [Imix]: [ImixAI][ROLLBACK] no safe checkpoint yet; returned to x=0
12:59:52 INFO  [Main] [Imix]: [ImixAI][SEARCH] phase=LEARNED FAILURE -> SEARCHING ALTERNATIVE x=0.0 y=171.1 plan=2150 candidate=LATE failures=2151 budget=6 checkpoint=0.0
12:59:52 WARN  [Main] [Imix]: [ImixAI][FAIL] x=1.3 y=171.2 same-region=true -> candidate=CENTER plan=2151 errors=2152/6
12:59:52 INFO  [Main] [Imix]: [ImixAI][ROLLBACK] no safe checkpoint yet; returned to x=0
12:59:52 INFO  [Main] [Imix]: [ImixAI][SEARCH] phase=LEARNED FAILURE -> SEARCHING ALTERNATIVE x=0.0 y=171.2 plan=2151 candidate=CENTER failures=2152 budget=6 checkpoint=0.0
12:59:52 WARN  [Main] [Imix]: [ImixAI][FAIL] x=1.3 y=171.3 same-region=true -> candidate=EARLY plan=2152 errors=2153/6
12:59:52 INFO  [Main] [Imix]: [ImixAI][ROLLBACK] no safe checkpoint yet; returned to x=0
12:59:52 INFO  [Main] [Imix]: [ImixAI][SEARCH] phase=LEARNED FAILURE -> SEARCHING ALTERNATIVE x=0.0 y=171.3 plan=2152 candidate=EARLY failures=2153 budget=6 checkpoint=0.0
12:59:52 WARN  [Main] [Imix]: [ImixAI][FAIL] x=1.3 y=171.4 same-region=true -> candidate=LATE plan=2153 errors=2154/6
12:59:52 INFO  [Main] [Imix]: [ImixAI][ROLLBACK] no safe checkpoint yet; returned to x=0
12:59:52 INFO  [Main] [Imix]: [ImixAI][SEARCH] phase=LEARNED FAILURE -> SEARCHING ALTERNATIVE x=0.0 y=171.4 plan=2153 candidate=LATE failures=2154 budget=6 checkpoint=0.0
12:59:52 WARN  [Main] [Imix]: [ImixAI][FAIL] x=1.3 y=171.4 same-region=true -> candidate=CENTER plan=2154 errors=2155/6
12:59:52 INFO  [Main] [Imix]: [ImixAI][ROLLBACK] no safe checkpoint yet; returned to x=0
12:59:52 INFO  [Main] [Imix]: [ImixAI][SEARCH] phase=LEARNED FAILURE -> SEARCHING ALTERNATIVE x=0.0 y=171.4 plan=2154 candidate=CENTER failures=2155 budget=6 checkpoint=0.0
12:59:52 WARN  [Main] [Imix]: [ImixAI][FAIL] x=1.3 y=171.3 same-region=true -> candidate=EARLY plan=2155 errors=2156/6
12:59:52 INFO  [Main] [Imix]: [ImixAI][ROLLBACK] no safe checkpoint yet; returned to x=0
12:59:52 INFO  [Main] [Imix]: [ImixAI][SEARCH] phase=LEARNED FAILURE -> SEARCHING ALTERNATIVE x=0.0 y=171.3 plan=2155 candidate=EARLY failures=2156 budget=6 checkpoint=0.0
12:59:52 WARN  [Main] [Imix]: [ImixAI][FAIL] x=1.3 y=171.2 same-region=true -> candidate=LATE plan=2156 errors=2157/6
12:59:52 INFO  [Main] [Imix]: [ImixAI][ROLLBACK] no safe checkpoint yet; returned to x=0
12:59:52 INFO  [Main] [Imix]: [ImixAI][SEARCH] phase=LEARNED FAILURE -> SEARCHING ALTERNATIVE x=0.0 y=171.2 plan=2156 candidate=LATE failures=2157 budget=6 checkpoint=0.0
12:59:52 WARN  [Main] [Imix]: [ImixAI][FAIL] x=1.3 y=171.0 same-region=true -> candidate=CENTER plan=2157 errors=2158/6
12:59:52 INFO  [Main] [Imix]: [ImixAI][ROLLBACK] no safe checkpoint yet; returned to x=0
12:59:52 INFO  [Main] [Imix]: [ImixAI][SEARCH] phase=LEARNED FAILURE -> SEARCHING ALTERNATIVE x=0.0 y=171.0 plan=2157 candidate=CENTER failures=2158 budget=6 checkpoint=0.0
12:59:52 WARN  [Main] [Imix]: [ImixAI][FAIL] x=1.3 y=170.8 same-region=true -> candidate=EARLY plan=2158 errors=2159/6
12:59:52 INFO  [Main] [Imix]: [ImixAI][ROLLBACK] no safe checkpoint yet; returned to x=0
12:59:52 INFO  [Main] [Imix]: [ImixAI][SEARCH] phase=LEARNED FAILURE -> SEARCHING ALTERNATIVE x=0.0 y=170.8 plan=2158 candidate=EARLY failures=2159 budget=6 checkpoint=0.0
12:59:52 WARN  [Main] [Imix]: [ImixAI][FAIL] x=1.3 y=170.6 same-region=true -> candidate=LATE plan=2159 errors=2160/6
12:59:52 INFO  [Main] [Imix]: [ImixAI][ROLLBACK] no safe checkpoint yet; returned to x=0
12:59:52 INFO  [Main] [Imix]: [ImixAI][SEARCH] phase=LEARNED FAILURE -> SEARCHING ALTERNATIVE x=0.0 y=170.6 plan=2159 candidate=LATE failures=2160 budget=6 checkpoint=0.0
12:59:52 WARN  [Main] [Imix]: [ImixAI][FAIL] x=1.3 y=170.3 same-region=true -> candidate=CENTER plan=2160 errors=2161/6
12:59:52 INFO  [Main] [Imix]: [ImixAI][ROLLBACK] no safe checkpoint yet; returned to x=0
12:59:52 INFO  [Main] [Imix]: [ImixAI][SEARCH] phase=LEARNED FAILURE -> SEARCHING ALTERNATIVE x=0.0 y=170.3 plan=2160 candidate=CENTER failures=2161 budget=6 checkpoint=0.0
12:59:52 WARN  [Main] [Imix]: [ImixAI][FAIL] x=1.3 y=169.9 same-region=true -> candidate=EARLY plan=2161 errors=2162/6
12:59:52 INFO  [Main] [Imix]: [ImixAI][ROLLBACK] no safe checkpoint yet; returned to x=0
12:59:52 INFO  [Main] [Imix]: [ImixAI][SEARCH] phase=LEARNED FAILURE -> SEARCHING ALTERNATIVE x=0.0 y=169.9 plan=2161 candidate=EARLY failures=2162 budget=6 checkpoint=0.0
12:59:52 WARN  [Main] [Imix]: [ImixAI][FAIL] x=1.3 y=169.5 same-region=true -> candidate=LATE plan=2162 errors=2163/6
12:59:52 INFO  [Main] [Imix]: [ImixAI][ROLLBACK] no safe checkpoint yet; returned to x=0
12:59:52 INFO  [Main] [Imix]: [ImixAI][SEARCH] phase=LEARNED FAILURE -> SEARCHING ALTERNATIVE x=0.0 y=169.5 plan=2162 candidate=LATE failures=2163 budget=6 checkpoint=0.0
12:59:52 WARN  [Main] [Imix]: [ImixAI][FAIL] x=1.3 y=169.1 same-region=true -> candidate=CENTER plan=2163 errors=2164/6
12:59:52 INFO  [Main] [Imix]: [ImixAI][ROLLBACK] no safe checkpoint yet; returned to x=0
12:59:52 INFO  [Main] [Imix]: [ImixAI][SEARCH] phase=LEARNED FAILURE -> SEARCHING ALTERNATIVE x=0.0 y=169.1 plan=2163 candidate=CENTER failures=2164 budget=6 checkpoint=0.0
12:59:52 WARN  [Main] [Imix]: [ImixAI][FAIL] x=1.3 y=168.6 same-region=true -> candidate=EARLY plan=2164 errors=2165/6
12:59:52 INFO  [Main] [Imix]: [ImixAI][ROLLBACK] no safe checkpoint yet; returned to x=0
12:59:52 INFO  [Main] [Imix]: [ImixAI][SEARCH] phase=LEARNED FAILURE -> SEARCHING ALTERNATIVE x=0.0 y=168.6 plan=2164 candidate=EARLY failures=2165 budget=6 checkpoint=0.0
12:59:52 WARN  [Main] [Imix]: [ImixAI][FAIL] x=1.3 y=168.0 same-region=true -> candidate=LATE plan=2165 errors=2166/6
12:59:52 INFO  [Main] [Imix]: [ImixAI][ROLLBACK] no safe checkpoint yet; returned to x=0
12:59:52 INFO  [Main] [Imix]: [ImixAI][SEARCH] phase=LEARNED FAILURE -> SEARCHING ALTERNATIVE x=0.0 y=168.0 plan=2165 candidate=LATE failures=2166 budget=6 checkpoint=0.0
12:59:52 WARN  [Main] [Imix]: [ImixAI][FAIL] x=1.3 y=167.4 same-region=true -> candidate=CENTER plan=2166 errors=2167/6
12:59:52 INFO  [Main] [Imix]: [ImixAI][ROLLBACK] no safe checkpoint yet; returned to x=0
12:59:52 INFO  [Main] [Imix]: [ImixAI][SEARCH] phase=LEARNED FAILURE -> SEARCHING ALTERNATIVE x=0.0 y=167.4 plan=2166 candidate=CENTER failures=2167 budget=6 checkpoint=0.0
12:59:52 WARN  [Main] [Imix]: [ImixAI][FAIL] x=1.3 y=166.8 same-region=true -> candidate=EARLY plan=2167 errors=2168/6
12:59:52 INFO  [Main] [Imix]: [ImixAI][ROLLBACK] no safe checkpoint yet; returned to x=0
12:59:52 INFO  [Main] [Imix]: [ImixAI][SEARCH] phase=LEARNED FAILURE -> SEARCHING ALTERNATIVE x=0.0 y=166.8 plan=2167 candidate=EARLY failures=2168 budget=6 checkpoint=0.0
12:59:52 WARN  [Main] [Imix]: [ImixAI][FAIL] x=1.3 y=166.1 same-region=true -> candidate=LATE plan=2168 errors=2169/6
12:59:52 INFO  [Main] [Imix]: [ImixAI][ROLLBACK] no safe checkpoint yet; returned to x=0
12:59:52 INFO  [Main] [Imix]: [ImixAI][SEARCH] phase=LEARNED FAILURE -> SEARCHING ALTERNATIVE x=0.0 y=166.1 plan=2168 candidate=LATE failures=2169 budget=6 checkpoint=0.0
12:59:52 WARN  [Main] [Imix]: [ImixAI][FAIL] x=1.3 y=165.3 same-region=true -> candidate=CENTER plan=2169 errors=2170/6
12:59:52 INFO  [Main] [Imix]: [ImixAI][ROLLBACK] no safe checkpoint yet; returned to x=0
12:59:52 INFO  [Main] [Imix]: [ImixAI][SEARCH] phase=LEARNED FAILURE -> SEARCHING ALTERNATIVE x=0.0 y=165.3 plan=2169 candidate=CENTER failures=2170 budget=6 checkpoint=0.0
12:59:52 WARN  [Main] [Imix]: [ImixAI][FAIL] x=1.3 y=164.6 same-region=true -> candidate=EARLY plan=2170 errors=2171/6
12:59:52 INFO  [Main] [Imix]: [ImixAI][ROLLBACK] no safe checkpoint yet; returned to x=0
12:59:52 INFO  [Main] [Imix]: [ImixAI][SEARCH] phase=LEARNED FAILURE -> SEARCHING ALTERNATIVE x=0.0 y=164.6 plan=2170 candidate=EARLY failures=2171 budget=6 checkpoint=0.0
12:59:52 WARN  [Main] [Imix]: [ImixAI][FAIL] x=1.3 y=163.7 same-region=true -> candidate=LATE plan=2171 errors=2172/6
12:59:52 INFO  [Main] [Imix]: [ImixAI][ROLLBACK] no safe checkpoint yet; returned to x=0
12:59:52 INFO  [Main] [Imix]: [ImixAI][SEARCH] phase=LEARNED FAILURE -> SEARCHING ALTERNATIVE x=0.0 y=163.7 plan=2171 candidate=LATE failures=2172 budget=6 checkpoint=0.0
12:59:52 WARN  [Main] [Imix]: [ImixAI][FAIL] x=1.3 y=162.8 same-region=true -> candidate=CENTER plan=2172 errors=2173/6
12:59:52 INFO  [Main] [Imix]: [ImixAI][ROLLBACK] no safe checkpoint yet; returned to x=0
12:59:52 INFO  [Main] [Imix]: [ImixAI][SEARCH] phase=LEARNED FAILURE -> SEARCHING ALTERNATIVE x=0.0 y=162.8 plan=2172 candidate=CENTER failures=2173 budget=6 checkpoint=0.0
12:59:52 WARN  [Main] [Imix]: [ImixAI][FAIL] x=1.3 y=161.9 same-region=true -> candidate=EARLY plan=2173 errors=2174/6
12:59:52 INFO  [Main] [Imix]: [ImixAI][ROLLBACK] no safe checkpoint yet; returned to x=0
12:59:52 INFO  [Main] [Imix]: [ImixAI][SEARCH] phase=LEARNED FAILURE -> SEARCHING ALTERNATIVE x=0.0 y=161.9 plan=2173 candidate=EARLY failures=2174 budget=6 checkpoint=0.0
12:59:52 WARN  [Main] [Imix]: [ImixAI][FAIL] x=1.3 y=160.9 same-region=true -> candidate=LATE plan=2174 errors=2175/6
12:59:52 INFO  [Main] [Imix]: [ImixAI][ROLLBACK] no safe checkpoint yet; returned to x=0
12:59:52 INFO  [Main] [Imix]: [ImixAI][SEARCH] phase=LEARNED FAILURE -> SEARCHING ALTERNATIVE x=0.0 y=160.9 plan=2174 candidate=LATE failures=2175 budget=6 checkpoint=0.0
12:59:52 WARN  [Main] [Imix]: [ImixAI][FAIL] x=1.3 y=159.9 same-region=true -> candidate=CENTER plan=2175 errors=2176/6
12:59:52 INFO  [Main] [Imix]: [ImixAI][ROLLBACK] no safe checkpoint yet; returned to x=0
12:59:52 INFO  [Main] [Imix]: [ImixAI][SEARCH] phase=LEARNED FAILURE -> SEARCHING ALTERNATIVE x=0.0 y=159.9 plan=2175 candidate=CENTER failures=2176 budget=6 checkpoint=0.0
12:59:52 WARN  [Main] [Imix]: [ImixAI][FAIL] x=1.3 y=158.8 same-region=true -> candidate=EARLY plan=2176 errors=2177/6
12:59:52 INFO  [Main] [Imix]: [ImixAI][ROLLBACK] no safe checkpoint yet; returned to x=0
12:59:52 INFO  [Main] [Imix]: [ImixAI][SEARCH] phase=LEARNED FAILURE -> SEARCHING ALTERNATIVE x=0.0 y=158.8 plan=2176 candidate=EARLY failures=2177 budget=6 checkpoint=0.0
12:59:52 WARN  [Main] [Imix]: [ImixAI][FAIL] x=1.3 y=157.7 same-region=true -> candidate=LATE plan=2177 errors=2178/6
12:59:52 INFO  [Main] [Imix]: [ImixAI][ROLLBACK] no safe checkpoint yet; returned to x=0
12:59:52 INFO  [Main] [Imix]: [ImixAI][SEARCH] phase=LEARNED FAILURE -> SEARCHING ALTERNATIVE x=0.0 y=157.7 plan=2177 candidate=LATE failures=2178 budget=6 checkpoint=0.0
12:59:52 WARN  [Main] [Imix]: [ImixAI][FAIL] x=1.3 y=156.5 same-region=true -> candidate=CENTER plan=2178 errors=2179/6
12:59:52 INFO  [Main] [Imix]: [ImixAI][ROLLBACK] no safe checkpoint yet; returned to x=0
12:59:52 INFO  [Main] [Imix]: [ImixAI][SEARCH] phase=LEARNED FAILURE -> SEARCHING ALTERNATIVE x=0.0 y=156.5 plan=2178 candidate=CENTER failures=2179 budget=6 checkpoint=0.0
12:59:52 WARN  [Main] [Imix]: [ImixAI][FAIL] x=1.3 y=155.3 same-region=true -> candidate=EARLY plan=2179 errors=2180/6
12:59:52 INFO  [Main] [Imix]: [ImixAI][ROLLBACK] no safe checkpoint yet; returned to x=0
12:59:52 INFO  [Main] [Imix]: [ImixAI][SEARCH] phase=LEARNED FAILURE -> SEARCHING ALTERNATIVE x=0.0 y=155.3 plan=2179 candidate=EARLY failures=2180 budget=6 checkpoint=0.0
12:59:52 WARN  [Main] [Imix]: [ImixAI][FAIL] x=1.3 y=154.0 same-region=true -> candidate=LATE plan=2180 errors=2181/6
12:59:52 INFO  [Main] [Imix]: [ImixAI][ROLLBACK] no safe checkpoint yet; returned to x=0
12:59:52 INFO  [Main] [Imix]: [ImixAI][SEARCH] phase=LEARNED FAILURE -> SEARCHING ALTERNATIVE x=0.0 y=154.0 plan=2180 candidate=LATE failures=2181 budget=6 checkpoint=0.0
12:59:52 WARN  [Main] [Imix]: [ImixAI][FAIL] x=1.3 y=152.7 same-region=true -> candidate=CENTER plan=2181 errors=2182/6
12:59:52 INFO  [Main] [Imix]: [ImixAI][ROLLBACK] no safe checkpoint yet; returned to x=0
12:59:52 INFO  [Main] [Imix]: [ImixAI][SEARCH] phase=LEARNED FAILURE -> SEARCHING ALTERNATIVE x=0.0 y=152.7 plan=2181 candidate=CENTER failures=2182 budget=6 checkpoint=0.0
12:59:52 WARN  [Main] [Imix]: [ImixAI][FAIL] x=1.3 y=151.3 same-region=true -> candidate=EARLY plan=2182 errors=2183/6
12:59:52 INFO  [Main] [Imix]: [ImixAI][ROLLBACK] no safe checkpoint yet; returned to x=0
12:59:52 INFO  [Main] [Imix]: [ImixAI][SEARCH] phase=LEARNED FAILURE -> SEARCHING ALTERNATIVE x=0.0 y=151.3 plan=2182 candidate=EARLY failures=2183 budget=6 checkpoint=0.0
12:59:52 WARN  [Main] [Imix]: [ImixAI][FAIL] x=1.3 y=149.9 same-region=true -> candidate=LATE plan=2183 errors=2184/6
12:59:52 INFO  [Main] [Imix]: [ImixAI][ROLLBACK] no safe checkpoint yet; returned to x=0
12:59:52 INFO  [Main] [Imix]: [ImixAI][SEARCH] phase=LEARNED FAILURE -> SEARCHING ALTERNATIVE x=0.0 y=149.9 plan=2183 candidate=LATE failures=2184 budget=6 checkpoint=0.0
12:59:52 WARN  [Main] [Imix]: [ImixAI][FAIL] x=1.3 y=148.4 same-region=true -> candidate=CENTER plan=2184 errors=2185/6
12:59:52 INFO  [Main] [Imix]: [ImixAI][ROLLBACK] no safe checkpoint yet; returned to x=0
12:59:52 INFO  [Main] [Imix]: [ImixAI][SEARCH] phase=LEARNED FAILURE -> SEARCHING ALTERNATIVE x=0.0 y=148.4 plan=2184 candidate=CENTER failures=2185 budget=6 checkpoint=0.0
12:59:52 WARN  [Main] [Imix]: [ImixAI][FAIL] x=1.3 y=146.9 same-region=true -> candidate=EARLY plan=2185 errors=2186/6
12:59:52 INFO  [Main] [Imix]: [ImixAI][ROLLBACK] no safe checkpoint yet; returned to x=0
12:59:52 INFO  [Main] [Imix]: [ImixAI][SEARCH] phase=LEARNED FAILURE -> SEARCHING ALTERNATIVE x=0.0 y=146.9 plan=2185 candidate=EARLY failures=2186 budget=6 checkpoint=0.0
12:59:52 WARN  [Main] [Imix]: [ImixAI][FAIL] x=1.3 y=145.3 same-region=true -> candidate=LATE plan=2186 errors=2187/6
12:59:52 INFO  [Main] [Imix]: [ImixAI][ROLLBACK] no safe checkpoint yet; returned to x=0
12:59:52 INFO  [Main] [Imix]: [ImixAI][SEARCH] phase=LEARNED FAILURE -> SEARCHING ALTERNATIVE x=0.0 y=145.3 plan=2186 candidate=LATE failures=2187 budget=6 checkpoint=0.0
12:59:52 WARN  [Main] [Imix]: [ImixAI][FAIL] x=1.3 y=143.7 same-region=true -> candidate=CENTER plan=2187 errors=2188/6
12:59:52 INFO  [Main] [Imix]: [ImixAI][ROLLBACK] no safe checkpoint yet; returned to x=0
12:59:52 INFO  [Main] [Imix]: [ImixAI][SEARCH] phase=LEARNED FAILURE -> SEARCHING ALTERNATIVE x=0.0 y=143.7 plan=2187 candidate=CENTER failures=2188 budget=6 checkpoint=0.0
12:59:52 WARN  [Main] [Imix]: [ImixAI][FAIL] x=1.3 y=142.0 same-region=true -> candidate=EARLY plan=2188 errors=2189/6
12:59:52 INFO  [Main] [Imix]: [ImixAI][ROLLBACK] no safe checkpoint yet; returned to x=0
12:59:52 INFO  [Main] [Imix]: [ImixAI][SEARCH] phase=LEARNED FAILURE -> SEARCHING ALTERNATIVE x=0.0 y=142.0 plan=2188 candidate=EARLY failures=2189 budget=6 checkpoint=0.0
12:59:52 WARN  [Main] [Imix]: [ImixAI][FAIL] x=1.3 y=140.3 same-region=true -> candidate=LATE plan=2189 errors=2190/6
12:59:52 INFO  [Main] [Imix]: [ImixAI][ROLLBACK] no safe checkpoint yet; returned to x=0
12:59:52 INFO  [Main] [Imix]: [ImixAI][SEARCH] phase=LEARNED FAILURE -> SEARCHING ALTERNATIVE x=0.0 y=140.3 plan=2189 candidate=LATE failures=2190 budget=6 checkpoint=0.0
12:59:52 WARN  [Main] [Imix]: [ImixAI][FAIL] x=1.3 y=138.6 same-region=true -> candidate=CENTER plan=2190 errors=2191/6
12:59:52 INFO  [Main] [Imix]: [ImixAI][ROLLBACK] no safe checkpoint yet; returned to x=0
12:59:52 INFO  [Main] [Imix]: [ImixAI][SEARCH] phase=LEARNED FAILURE -> SEARCHING ALTERNATIVE x=0.0 y=138.6 plan=2190 candidate=CENTER failures=2191 budget=6 checkpoint=0.0
12:59:52 WARN  [Main] [Imix]: [ImixAI][FAIL] x=1.3 y=136.8 same-region=true -> candidate=EARLY plan=2191 errors=2192/6
12:59:52 INFO  [Main] [Imix]: [ImixAI][ROLLBACK] no safe checkpoint yet; returned to x=0
12:59:52 INFO  [Main] [Imix]: [ImixAI][SEARCH] phase=LEARNED FAILURE -> SEARCHING ALTERNATIVE x=0.0 y=136.8 plan=2191 candidate=EARLY failures=2192 budget=6 checkpoint=0.0
12:59:52 WARN  [Main] [Imix]: [ImixAI][FAIL] x=1.3 y=134.9 same-region=true -> candidate=LATE plan=2192 errors=2193/6
12:59:52 INFO  [Main] [Imix]: [ImixAI][ROLLBACK] no safe checkpoint yet; returned to x=0
12:59:52 INFO  [Main] [Imix]: [ImixAI][SEARCH] phase=LEARNED FAILURE -> SEARCHING ALTERNATIVE x=0.0 y=134.9 plan=2192 candidate=LATE failures=2193 budget=6 checkpoint=0.0
12:59:52 WARN  [Main] [Imix]: [ImixAI][FAIL] x=1.3 y=133.0 same-region=true -> candidate=CENTER plan=2193 errors=2194/6
12:59:52 INFO  [Main] [Imix]: [ImixAI][ROLLBACK] no safe checkpoint yet; returned to x=0
12:59:52 INFO  [Main] [Imix]: [ImixAI][SEARCH] phase=LEARNED FAILURE -> SEARCHING ALTERNATIVE x=0.0 y=133.0 plan=2193 candidate=CENTER failures=2194 budget=6 checkpoint=0.0
12:59:52 WARN  [Main] [Imix]: [ImixAI][FAIL] x=1.3 y=131.0 same-region=true -> candidate=EARLY plan=2194 errors=2195/6
12:59:52 INFO  [Main] [Imix]: [ImixAI][ROLLBACK] no safe checkpoint yet; returned to x=0
12:59:52 INFO  [Main] [Imix]: [ImixAI][SEARCH] phase=LEARNED FAILURE -> SEARCHING ALTERNATIVE x=0.0 y=131.0 plan=2194 candidate=EARLY failures=2195 budget=6 checkpoint=0.0
12:59:52 WARN  [Main] [Imix]: [ImixAI][FAIL] x=1.3 y=129.0 same-region=true -> candidate=LATE plan=2195 errors=2196/6
12:59:52 INFO  [Main] [Imix]: [ImixAI][ROLLBACK] no safe checkpoint yet; returned to x=0
12:59:52 INFO  [Main] [Imix]: [ImixAI][SEARCH] phase=LEARNED FAILURE -> SEARCHING ALTERNATIVE x=0.0 y=129.0 plan=2195 candidate=LATE failures=2196 budget=6 checkpoint=0.0
12:59:52 WARN  [Main] [Imix]: [ImixAI][FAIL] x=1.3 y=127.0 same-region=true -> candidate=CENTER plan=2196 errors=2197/6
12:59:52 INFO  [Main] [Imix]: [ImixAI][ROLLBACK] no safe checkpoint yet; returned to x=0
12:59:52 INFO  [Main] [Imix]: [ImixAI][SEARCH] phase=LEARNED FAILURE -> SEARCHING ALTERNATIVE x=0.0 y=127.0 plan=2196 candidate=CENTER failures=2197 budget=6 checkpoint=0.0
12:59:52 WARN  [Main] [Imix]: [ImixAI][FAIL] x=1.3 y=124.9 same-region=true -> candidate=EARLY plan=2197 errors=2198/6
12:59:52 INFO  [Main] [Imix]: [ImixAI][ROLLBACK] no safe checkpoint yet; returned to x=0
12:59:52 INFO  [Main] [Imix]: [ImixAI][SEARCH] phase=LEARNED FAILURE -> SEARCHING ALTERNATIVE x=0.0 y=124.9 plan=2197 candidate=EARLY failures=2198 budget=6 checkpoint=0.0
12:59:52 WARN  [Main] [Imix]: [ImixAI][FAIL] x=1.3 y=122.7 same-region=true -> candidate=LATE plan=2198 errors=2199/6
12:59:52 INFO  [Main] [Imix]: [ImixAI][ROLLBACK] no safe checkpoint yet; returned to x=0
12:59:52 INFO  [Main] [Imix]: [ImixAI][SEARCH] phase=LEARNED FAILURE -> SEARCHING ALTERNATIVE x=0.0 y=122.7 plan=2198 candidate=LATE failures=2199 budget=6 checkpoint=0.0
12:59:52 WARN  [Main] [Imix]: [ImixAI][FAIL] x=1.3 y=120.5 same-region=true -> candidate=CENTER plan=2199 errors=2200/6
12:59:52 INFO  [Main] [Imix]: [ImixAI][ROLLBACK] no safe checkpoint yet; returned to x=0
12:59:52 INFO  [Main] [Imix]: [ImixAI][SEARCH] phase=LEARNED FAILURE -> SEARCHING ALTERNATIVE x=0.0 y=120.5 plan=2199 candidate=CENTER failures=2200 budget=6 checkpoint=0.0
12:59:52 WARN  [Main] [Imix]: [ImixAI][FAIL] x=1.3 y=118.3 same-region=true -> candidate=EARLY plan=2200 errors=2201/6
12:59:52 INFO  [Main] [Imix]: [ImixAI][ROLLBACK] no safe checkpoint yet; returned to x=0
12:59:52 INFO  [Main] [Imix]: [ImixAI][SEARCH] phase=LEARNED FAILURE -> SEARCHING ALTERNATIVE x=0.0 y=118.3 plan=2200 candidate=EARLY failures=2201 budget=6 checkpoint=0.0
12:59:52 WARN  [Main] [Imix]: [ImixAI][FAIL] x=1.3 y=116.0 same-region=true -> candidate=LATE plan=2201 errors=2202/6
12:59:52 INFO  [Main] [Imix]: [ImixAI][ROLLBACK] no safe checkpoint yet; returned to x=0
12:59:52 INFO  [Main] [Imix]: [ImixAI][SEARCH] phase=LEARNED FAILURE -> SEARCHING ALTERNATIVE x=0.0 y=116.0 plan=2201 candidate=LATE failures=2202 budget=6 checkpoint=0.0
12:59:52 WARN  [Main] [Imix]: [ImixAI][FAIL] x=1.3 y=113.6 same-region=true -> candidate=CENTER plan=2202 errors=2203/6
12:59:52 INFO  [Main] [Imix]: [ImixAI][ROLLBACK] no safe checkpoint yet; returned to x=0
12:59:52 INFO  [Main] [Imix]: [ImixAI][SEARCH] phase=LEARNED FAILURE -> SEARCHING ALTERNATIVE x=0.0 y=113.6 plan=2202 candidate=CENTER failures=2203 budget=6 checkpoint=0.0
12:59:52 WARN  [Main] [Imix]: [ImixAI][FAIL] x=1.3 y=111.2 same-region=true -> candidate=EARLY plan=2203 errors=2204/6
12:59:52 INFO  [Main] [Imix]: [ImixAI][ROLLBACK] no safe checkpoint yet; returned to x=0
12:59:52 INFO  [Main] [Imix]: [ImixAI][SEARCH] phase=LEARNED FAILURE -> SEARCHING ALTERNATIVE x=0.0 y=111.2 plan=2203 candidate=EARLY failures=2204 budget=6 checkpoint=0.0
12:59:52 WARN  [Main] [Imix]: [ImixAI][FAIL] x=1.3 y=108.8 same-region=true -> candidate=LATE plan=2204 errors=2205/6
12:59:52 INFO  [Main] [Imix]: [ImixAI][ROLLBACK] no safe checkpoint yet; returned to x=0
12:59:52 INFO  [Main] [Imix]: [ImixAI][SEARCH] phase=LEARNED FAILURE -> SEARCHING ALTERNATIVE x=0.0 y=108.8 plan=2204 candidate=LATE failures=2205 budget=6 checkpoint=0.0
12:59:52 WARN  [Main] [Imix]: [ImixAI][FAIL] x=1.3 y=106.3 same-region=true -> candidate=CENTER plan=2205 errors=2206/6
12:59:52 INFO  [Main] [Imix]: [ImixAI][ROLLBACK] no safe checkpoint yet; returned to x=0
12:59:52 INFO  [Main] [Imix]: [ImixAI][SEARCH] phase=LEARNED FAILURE -> SEARCHING ALTERNATIVE x=0.0 y=106.3 plan=2205 candidate=CENTER failures=2206 budget=6 checkpoint=0.0
12:59:52 WARN  [Main] [Imix]: [ImixAI][FAIL] x=1.3 y=105.0 same-region=true -> candidate=EARLY plan=2206 errors=2207/6
12:59:52 INFO  [Main] [Imix]: [ImixAI][ROLLBACK] no safe checkpoint yet; returned to x=0
12:59:52 INFO  [Main] [Imix]: [ImixAI][SEARCH] phase=LEARNED FAILURE -> SEARCHING ALTERNATIVE x=0.0 y=105.0 plan=2206 candidate=EARLY failures=2207 budget=6 checkpoint=0.0
12:59:52 WARN  [Main] [Imix]: [ImixAI][FAIL] x=1.3 y=107.5 same-region=true -> candidate=LATE plan=2207 errors=2208/6
12:59:52 INFO  [Main] [Imix]: [ImixAI][ROLLBACK] no safe checkpoint yet; returned to x=0
12:59:52 INFO  [Main] [Imix]: [ImixAI][SEARCH] phase=LEARNED FAILURE -> SEARCHING ALTERNATIVE x=0.0 y=107.5 plan=2207 candidate=LATE failures=2208 budget=6 checkpoint=0.0
12:59:52 WARN  [Main] [Imix]: [ImixAI][FAIL] x=1.3 y=110.0 same-region=true -> candidate=CENTER plan=2208 errors=2209/6
12:59:52 INFO  [Main] [Imix]: [ImixAI][ROLLBACK] no safe checkpoint yet; returned to x=0
12:59:52 INFO  [Main] [Imix]: [ImixAI][SEARCH] phase=LEARNED FAILURE -> SEARCHING ALTERNATIVE x=0.0 y=110.0 plan=2208 candidate=CENTER failures=2209 budget=6 checkpoint=0.0
12:59:52 WARN  [Main] [Imix]: [ImixAI][FAIL] x=1.3 y=112.4 same-region=true -> candidate=EARLY plan=2209 errors=2210/6
12:59:52 INFO  [Main] [Imix]: [ImixAI][ROLLBACK] no safe checkpoint yet; returned to x=0
12:59:52 INFO  [Main] [Imix]: [ImixAI][SEARCH] phase=LEARNED FAILURE -> SEARCHING ALTERNATIVE x=0.0 y=112.4 plan=2209 candidate=EARLY failures=2210 budget=6 checkpoint=0.0
12:59:52 WARN  [Main] [Imix]: [ImixAI][FAIL] x=1.3 y=114.8 same-region=true -> candidate=LATE plan=2210 errors=2211/6
12:59:52 INFO  [Main] [Imix]: [ImixAI][ROLLBACK] no safe checkpoint yet; returned to x=0
12:59:52 INFO  [Main] [Imix]: [ImixAI][SEARCH] phase=LEARNED FAILURE -> SEARCHING ALTERNATIVE x=0.0 y=114.8 plan=2210 candidate=LATE failures=2211 budget=6 checkpoint=0.0
12:59:52 WARN  [Main] [Imix]: [ImixAI][FAIL] x=1.3 y=117.1 same-region=true -> candidate=CENTER plan=2211 errors=2212/6
12:59:52 INFO  [Main] [Imix]: [ImixAI][ROLLBACK] no safe checkpoint yet; returned to x=0
12:59:52 INFO  [Main] [Imix]: [ImixAI][SEARCH] phase=LEARNED FAILURE -> SEARCHING ALTERNATIVE x=0.0 y=117.1 plan=2211 candidate=CENTER failures=2212 budget=6 checkpoint=0.0
12:59:52 WARN  [Main] [Imix]: [ImixAI][FAIL] x=1.3 y=119.4 same-region=true -> candidate=EARLY plan=2212 errors=2213/6
12:59:52 INFO  [Main] [Imix]: [ImixAI][ROLLBACK] no safe checkpoint yet; returned to x=0
12:59:52 INFO  [Main] [Imix]: [ImixAI][SEARCH] phase=LEARNED FAILURE -> SEARCHING ALTERNATIVE x=0.0 y=119.4 plan=2212 candidate=EARLY failures=2213 budget=6 checkpoint=0.0
12:59:52 WARN  [Main] [Imix]: [ImixAI][FAIL] x=1.3 y=121.6 same-region=true -> candidate=LATE plan=2213 errors=2214/6
12:59:52 INFO  [Main] [Imix]: [ImixAI][ROLLBACK] no safe checkpoint yet; returned to x=0
12:59:52 INFO  [Main] [Imix]: [ImixAI][SEARCH] phase=LEARNED FAILURE -> SEARCHING ALTERNATIVE x=0.0 y=121.6 plan=2213 candidate=LATE failures=2214 budget=6 checkpoint=0.0
12:59:52 WARN  [Main] [Imix]: [ImixAI][FAIL] x=1.3 y=123.8 same-region=true -> candidate=CENTER plan=2214 errors=2215/6
12:59:52 INFO  [Main] [Imix]: [ImixAI][ROLLBACK] no safe checkpoint yet; returned to x=0
12:59:52 INFO  [Main] [Imix]: [ImixAI][SEARCH] phase=LEARNED FAILURE -> SEARCHING ALTERNATIVE x=0.0 y=123.8 plan=2214 candidate=CENTER failures=2215 budget=6 checkpoint=0.0
12:59:52 WARN  [Main] [Imix]: [ImixAI][FAIL] x=1.3 y=125.9 same-region=true -> candidate=EARLY plan=2215 errors=2216/6
12:59:52 INFO  [Main] [Imix]: [ImixAI][ROLLBACK] no safe checkpoint yet; returned to x=0
12:59:52 INFO  [Main] [Imix]: [ImixAI][SEARCH] phase=LEARNED FAILURE -> SEARCHING ALTERNATIVE x=0.0 y=125.9 plan=2215 candidate=EARLY failures=2216 budget=6 checkpoint=0.0
12:59:52 WARN  [Main] [Imix]: [ImixAI][FAIL] x=1.3 y=128.0 same-region=true -> candidate=LATE plan=2216 errors=2217/6
12:59:52 INFO  [Main] [Imix]: [ImixAI][ROLLBACK] no safe checkpoint yet; returned to x=0
12:59:52 INFO  [Main] [Imix]: [ImixAI][SEARCH] phase=LEARNED FAILURE -> SEARCHING ALTERNATIVE x=0.0 y=128.0 plan=2216 candidate=LATE failures=2217 budget=6 checkpoint=0.0
12:59:52 WARN  [Main] [Imix]: [ImixAI][FAIL] x=1.3 y=130.0 same-region=true -> candidate=CENTER plan=2217 errors=2218/6
12:59:52 INFO  [Main] [Imix]: [ImixAI][ROLLBACK] no safe checkpoint yet; returned to x=0
12:59:52 INFO  [Main] [Imix]: [ImixAI][SEARCH] phase=LEARNED FAILURE -> SEARCHING ALTERNATIVE x=0.0 y=130.0 plan=2217 candidate=CENTER failures=2218 budget=6 checkpoint=0.0
12:59:52 WARN  [Main] [Imix]: [ImixAI][FAIL] x=1.3 y=132.0 same-region=true -> candidate=EARLY plan=2218 errors=2219/6
12:59:52 INFO  [Main] [Imix]: [ImixAI][ROLLBACK] no safe checkpoint yet; returned to x=0
12:59:52 INFO  [Main] [Imix]: [ImixAI][SEARCH] phase=LEARNED FAILURE -> SEARCHING ALTERNATIVE x=0.0 y=132.0 plan=2218 candidate=EARLY failures=2219 budget=6 checkpoint=0.0
12:59:52 WARN  [Main] [Imix]: [ImixAI][FAIL] x=1.3 y=133.9 same-region=true -> candidate=LATE plan=2219 errors=2220/6
12:59:52 INFO  [Main] [Imix]: [ImixAI][ROLLBACK] no safe checkpoint yet; returned to x=0
12:59:52 INFO  [Main] [Imix]: [ImixAI][SEARCH] phase=LEARNED FAILURE -> SEARCHING ALTERNATIVE x=0.0 y=133.9 plan=2219 candidate=LATE failures=2220 budget=6 checkpoint=0.0
12:59:52 WARN  [Main] [Imix]: [ImixAI][FAIL] x=1.3 y=135.8 same-region=true -> candidate=CENTER plan=2220 errors=2221/6
12:59:52 INFO  [Main] [Imix]: [ImixAI][ROLLBACK] no safe checkpoint yet; returned to x=0
12:59:52 INFO  [Main] [Imix]: [ImixAI][SEARCH] phase=LEARNED FAILURE -> SEARCHING ALTERNATIVE x=0.0 y=135.8 plan=2220 candidate=CENTER failures=2221 budget=6 checkpoint=0.0
12:59:52 WARN  [Main] [Imix]: [ImixAI][FAIL] x=1.3 y=137.6 same-region=true -> candidate=EARLY plan=2221 errors=2222/6
12:59:52 INFO  [Main] [Imix]: [ImixAI][ROLLBACK] no safe checkpoint yet; returned to x=0
12:59:52 INFO  [Main] [Imix]: [ImixAI][SEARCH] phase=LEARNED FAILURE -> SEARCHING ALTERNATIVE x=0.0 y=137.6 plan=2221 candidate=EARLY failures=2222 budget=6 checkpoint=0.0
12:59:52 WARN  [Main] [Imix]: [ImixAI][FAIL] x=1.3 y=139.4 same-region=true -> candidate=LATE plan=2222 errors=2223/6
12:59:52 INFO  [Main] [Imix]: [ImixAI][ROLLBACK] no safe checkpoint yet; returned to x=0
12:59:52 INFO  [Main] [Imix]: [ImixAI][SEARCH] phase=LEARNED FAILURE -> SEARCHING ALTERNATIVE x=0.0 y=139.4 plan=2222 candidate=LATE failures=2223 budget=6 checkpoint=0.0
12:59:52 WARN  [Main] [Imix]: [ImixAI][FAIL] x=1.3 y=141.2 same-region=true -> candidate=CENTER plan=2223 errors=2224/6
12:59:52 INFO  [Main] [Imix]: [ImixAI][ROLLBACK] no safe checkpoint yet; returned to x=0
12:59:52 INFO  [Main] [Imix]: [ImixAI][SEARCH] phase=LEARNED FAILURE -> SEARCHING ALTERNATIVE x=0.0 y=141.2 plan=2223 candidate=CENTER failures=2224 budget=6 checkpoint=0.0
12:59:52 WARN  [Main] [Imix]: [ImixAI][FAIL] x=1.3 y=142.8 same-region=true -> candidate=EARLY plan=2224 errors=2225/6
12:59:52 INFO  [Main] [Imix]: [ImixAI][ROLLBACK] no safe checkpoint yet; returned to x=0
12:59:52 INFO  [Main] [Imix]: [ImixAI][SEARCH] phase=LEARNED FAILURE -> SEARCHING ALTERNATIVE x=0.0 y=142.8 plan=2224 candidate=EARLY failures=2225 budget=6 checkpoint=0.0
12:59:52 WARN  [Main] [Imix]: [ImixAI][FAIL] x=1.3 y=144.5 same-region=true -> candidate=LATE plan=2225 errors=2226/6
12:59:52 INFO  [Main] [Imix]: [ImixAI][ROLLBACK] no safe checkpoint yet; returned to x=0
12:59:52 INFO  [Main] [Imix]: [ImixAI][SEARCH] phase=LEARNED FAILURE -> SEARCHING ALTERNATIVE x=0.0 y=144.5 plan=2225 candidate=LATE failures=2226 budget=6 checkpoint=0.0
12:59:52 WARN  [Main] [Imix]: [ImixAI][FAIL] x=1.3 y=146.1 same-region=true -> candidate=CENTER plan=2226 errors=2227/6
12:59:52 INFO  [Main] [Imix]: [ImixAI][ROLLBACK] no safe checkpoint yet; returned to x=0
12:59:52 INFO  [Main] [Imix]: [ImixAI][SEARCH] phase=LEARNED FAILURE -> SEARCHING ALTERNATIVE x=0.0 y=146.1 plan=2226 candidate=CENTER failures=2227 budget=6 checkpoint=0.0
12:59:52 WARN  [Main] [Imix]: [ImixAI][FAIL] x=1.3 y=147.6 same-region=true -> candidate=EARLY plan=2227 errors=2228/6
12:59:52 INFO  [Main] [Imix]: [ImixAI][ROLLBACK] no safe checkpoint yet; returned to x=0
12:59:52 INFO  [Main] [Imix]: [ImixAI][SEARCH] phase=LEARNED FAILURE -> SEARCHING ALTERNATIVE x=0.0 y=147.6 plan=2227 candidate=EARLY failures=2228 budget=6 checkpoint=0.0
12:59:52 WARN  [Main] [Imix]: [ImixAI][FAIL] x=1.3 y=149.1 same-region=true -> candidate=LATE plan=2228 errors=2229/6
12:59:52 INFO  [Main] [Imix]: [ImixAI][ROLLBACK] no safe checkpoint yet; returned to x=0
12:59:52 INFO  [Main] [Imix]: [ImixAI][SEARCH] phase=LEARNED FAILURE -> SEARCHING ALTERNATIVE x=0.0 y=149.1 plan=2228 candidate=LATE failures=2229 budget=6 checkpoint=0.0
12:59:52 WARN  [Main] [Imix]: [ImixAI][FAIL] x=1.3 y=150.6 same-region=true -> candidate=CENTER plan=2229 errors=2230/6
12:59:52 INFO  [Main] [Imix]: [ImixAI][ROLLBACK] no safe checkpoint yet; returned to x=0
12:59:52 INFO  [Main] [Imix]: [ImixAI][SEARCH] phase=LEARNED FAILURE -> SEARCHING ALTERNATIVE x=0.0 y=150.6 plan=2229 candidate=CENTER failures=2230 budget=6 checkpoint=0.0
12:59:52 WARN  [Main] [Imix]: [ImixAI][FAIL] x=1.3 y=152.0 same-region=true -> candidate=EARLY plan=2230 errors=2231/6
12:59:52 INFO  [Main] [Imix]: [ImixAI][ROLLBACK] no safe checkpoint yet; returned to x=0
12:59:52 INFO  [Main] [Imix]: [ImixAI][SEARCH] phase=LEARNED FAILURE -> SEARCHING ALTERNATIVE x=0.0 y=152.0 plan=2230 candidate=EARLY failures=2231 budget=6 checkpoint=0.0
12:59:52 WARN  [Main] [Imix]: [ImixAI][FAIL] x=1.3 y=153.3 same-region=true -> candidate=LATE plan=2231 errors=2232/6
12:59:52 INFO  [Main] [Imix]: [ImixAI][ROLLBACK] no safe checkpoint yet; returned to x=0
12:59:52 INFO  [Main] [Imix]: [ImixAI][SEARCH] phase=LEARNED FAILURE -> SEARCHING ALTERNATIVE x=0.0 y=153.3 plan=2231 candidate=LATE failures=2232 budget=6 checkpoint=0.0
12:59:52 WARN  [Main] [Imix]: [ImixAI][FAIL] x=1.3 y=154.6 same-region=true -> candidate=CENTER plan=2232 errors=2233/6
12:59:52 INFO  [Main] [Imix]: [ImixAI][ROLLBACK] no safe checkpoint yet; returned to x=0
12:59:52 INFO  [Main] [Imix]: [ImixAI][SEARCH] phase=LEARNED FAILURE -> SEARCHING ALTERNATIVE x=0.0 y=154.6 plan=2232 candidate=CENTER failures=2233 budget=6 checkpoint=0.0
12:59:52 WARN  [Main] [Imix]: [ImixAI][FAIL] x=1.3 y=155.9 same-region=true -> candidate=EARLY plan=2233 errors=2234/6
12:59:52 INFO  [Main] [Imix]: [ImixAI][ROLLBACK] no safe checkpoint yet; returned to x=0
12:59:52 INFO  [Main] [Imix]: [ImixAI][SEARCH] phase=LEARNED FAILURE -> SEARCHING ALTERNATIVE x=0.0 y=155.9 plan=2233 candidate=EARLY failures=2234 budget=6 checkpoint=0.0
12:59:52 WARN  [Main] [Imix]: [ImixAI][FAIL] x=1.3 y=157.1 same-region=true -> candidate=LATE plan=2234 errors=2235/6
12:59:52 INFO  [Main] [Imix]: [ImixAI][ROLLBACK] no safe checkpoint yet; returned to x=0
12:59:52 INFO  [Main] [Imix]: [ImixAI][SEARCH] phase=LEARNED FAILURE -> SEARCHING ALTERNATIVE x=0.0 y=157.1 plan=2234 candidate=LATE failures=2235 budget=6 checkpoint=0.0
12:59:52 WARN  [Main] [Imix]: [ImixAI][FAIL] x=1.3 y=158.2 same-region=true -> candidate=CENTER plan=2235 errors=2236/6
12:59:52 INFO  [Main] [Imix]: [ImixAI][ROLLBACK] no safe checkpoint yet; returned to x=0
12:59:52 INFO  [Main] [Imix]: [ImixAI][SEARCH] phase=LEARNED FAILURE -> SEARCHING ALTERNATIVE x=0.0 y=158.2 plan=2235 candidate=CENTER failures=2236 budget=6 checkpoint=0.0
12:59:52 WARN  [Main] [Imix]: [ImixAI][FAIL] x=1.3 y=159.3 same-region=true -> candidate=EARLY plan=2236 errors=2237/6
12:59:52 INFO  [Main] [Imix]: [ImixAI][ROLLBACK] no safe checkpoint yet; returned to x=0
12:59:52 INFO  [Main] [Imix]: [ImixAI][SEARCH] phase=LEARNED FAILURE -> SEARCHING ALTERNATIVE x=0.0 y=159.3 plan=2236 candidate=EARLY failures=2237 budget=6 checkpoint=0.0
12:59:52 WARN  [Main] [Imix]: [ImixAI][FAIL] x=1.3 y=160.4 same-region=true -> candidate=LATE plan=2237 errors=2238/6
12:59:52 INFO  [Main] [Imix]: [ImixAI][ROLLBACK] no safe checkpoint yet; returned to x=0
12:59:52 INFO  [Main] [Imix]: [ImixAI][SEARCH] phase=LEARNED FAILURE -> SEARCHING ALTERNATIVE x=0.0 y=160.4 plan=2237 candidate=LATE failures=2238 budget=6 checkpoint=0.0
12:59:52 WARN  [Main] [Imix]: [ImixAI][FAIL] x=1.3 y=161.4 same-region=true -> candidate=CENTER plan=2238 errors=2239/6
12:59:52 INFO  [Main] [Imix]: [ImixAI][ROLLBACK] no safe checkpoint yet; returned to x=0
12:59:52 INFO  [Main] [Imix]: [ImixAI][SEARCH] phase=LEARNED FAILURE -> SEARCHING ALTERNATIVE x=0.0 y=161.4 plan=2238 candidate=CENTER failures=2239 budget=6 checkpoint=0.0
12:59:52 WARN  [Main] [Imix]: [ImixAI][FAIL] x=1.3 y=162.4 same-region=true -> candidate=EARLY plan=2239 errors=2240/6
12:59:52 INFO  [Main] [Imix]: [ImixAI][ROLLBACK] no safe checkpoint yet; returned to x=0
12:59:52 INFO  [Main] [Imix]: [ImixAI][SEARCH] phase=LEARNED FAILURE -> SEARCHING ALTERNATIVE x=0.0 y=162.4 plan=2239 candidate=EARLY failures=2240 budget=6 checkpoint=0.0
12:59:52 WARN  [Main] [Imix]: [ImixAI][FAIL] x=1.3 y=163.3 same-region=true -> candidate=LATE plan=2240 errors=2241/6
12:59:52 INFO  [Main] [Imix]: [ImixAI][ROLLBACK] no safe checkpoint yet; returned to x=0
12:59:52 INFO  [Main] [Imix]: [ImixAI][SEARCH] phase=LEARNED FAILURE -> SEARCHING ALTERNATIVE x=0.0 y=163.3 plan=2240 candidate=LATE failures=2241 budget=6 checkpoint=0.0
12:59:52 WARN  [Main] [Imix]: [ImixAI][FAIL] x=1.3 y=164.1 same-region=true -> candidate=CENTER plan=2241 errors=2242/6
12:59:52 INFO  [Main] [Imix]: [ImixAI][ROLLBACK] no safe checkpoint yet; returned to x=0
12:59:52 INFO  [Main] [Imix]: [ImixAI][SEARCH] phase=LEARNED FAILURE -> SEARCHING ALTERNATIVE x=0.0 y=164.1 plan=2241 candidate=CENTER failures=2242 budget=6 checkpoint=0.0
12:59:52 WARN  [Main] [Imix]: [ImixAI][FAIL] x=1.3 y=164.9 same-region=true -> candidate=EARLY plan=2242 errors=2243/6
12:59:52 INFO  [Main] [Imix]: [ImixAI][ROLLBACK] no safe checkpoint yet; returned to x=0
12:59:52 INFO  [Main] [Imix]: [ImixAI][SEARCH] phase=LEARNED FAILURE -> SEARCHING ALTERNATIVE x=0.0 y=164.9 plan=2242 candidate=EARLY failures=2243 budget=6 checkpoint=0.0
12:59:52 WARN  [Main] [Imix]: [ImixAI][FAIL] x=1.3 y=165.7 same-region=true -> candidate=LATE plan=2243 errors=2244/6
12:59:52 INFO  [Main] [Imix]: [ImixAI][ROLLBACK] no safe checkpoint yet; returned to x=0
12:59:52 INFO  [Main] [Imix]: [ImixAI][SEARCH] phase=LEARNED FAILURE -> SEARCHING ALTERNATIVE x=0.0 y=165.7 plan=2243 candidate=LATE failures=2244 budget=6 checkpoint=0.0
12:59:52 WARN  [Main] [Imix]: [ImixAI][FAIL] x=1.3 y=166.4 same-region=true -> candidate=CENTER plan=2244 errors=2245/6
12:59:52 INFO  [Main] [Imix]: [ImixAI][ROLLBACK] no safe checkpoint yet; returned to x=0
12:59:52 INFO  [Main] [Imix]: [ImixAI][SEARCH] phase=LEARNED FAILURE -> SEARCHING ALTERNATIVE x=0.0 y=166.4 plan=2244 candidate=CENTER failures=2245 budget=6 checkpoint=0.0
12:59:52 WARN  [Main] [Imix]: [ImixAI][FAIL] x=1.3 y=167.1 same-region=true -> candidate=EARLY plan=2245 errors=2246/6
12:59:52 INFO  [Main] [Imix]: [ImixAI][ROLLBACK] no safe checkpoint yet; returned to x=0
12:59:52 INFO  [Main] [Imix]: [ImixAI][SEARCH] phase=LEARNED FAILURE -> SEARCHING ALTERNATIVE x=0.0 y=167.1 plan=2245 candidate=EARLY failures=2246 budget=6 checkpoint=0.0
12:59:52 WARN  [Main] [Imix]: [ImixAI][FAIL] x=1.3 y=167.7 same-region=true -> candidate=LATE plan=2246 errors=2247/6
12:59:52 INFO  [Main] [Imix]: [ImixAI][ROLLBACK] no safe checkpoint yet; returned to x=0
12:59:52 INFO  [Main] [Imix]: [ImixAI][SEARCH] phase=LEARNED FAILURE -> SEARCHING ALTERNATIVE x=0.0 y=167.7 plan=2246 candidate=LATE failures=2247 budget=6 checkpoint=0.0
12:59:52 WARN  [Main] [Imix]: [ImixAI][FAIL] x=1.3 y=168.3 same-region=true -> candidate=CENTER plan=2247 errors=2248/6
12:59:52 INFO  [Main] [Imix]: [ImixAI][ROLLBACK] no safe checkpoint yet; returned to x=0
12:59:52 INFO  [Main] [Imix]: [ImixAI][SEARCH] phase=LEARNED FAILURE -> SEARCHING ALTERNATIVE x=0.0 y=168.3 plan=2247 candidate=CENTER failures=2248 budget=6 checkpoint=0.0
12:59:52 WARN  [Main] [Imix]: [ImixAI][FAIL] x=1.3 y=168.8 same-region=true -> candidate=EARLY plan=2248 errors=2249/6
12:59:52 INFO  [Main] [Imix]: [ImixAI][ROLLBACK] no safe checkpoint yet; returned to x=0
12:59:52 INFO  [Main] [Imix]: [ImixAI][SEARCH] phase=LEARNED FAILURE -> SEARCHING ALTERNATIVE x=0.0 y=168.8 plan=2248 candidate=EARLY failures=2249 budget=6 checkpoint=0.0
12:59:52 WARN  [Main] [Imix]: [ImixAI][FAIL] x=1.3 y=169.3 same-region=true -> candidate=LATE plan=2249 errors=2250/6
12:59:52 INFO  [Main] [Imix]: [ImixAI][ROLLBACK] no safe checkpoint yet; returned to x=0
12:59:52 INFO  [Main] [Imix]: [ImixAI][SEARCH] phase=LEARNED FAILURE -> SEARCHING ALTERNATIVE x=0.0 y=169.3 plan=2249 candidate=LATE failures=2250 budget=6 checkpoint=0.0
12:59:52 WARN  [Main] [Imix]: [ImixAI][FAIL] x=1.3 y=169.7 same-region=true -> candidate=CENTER plan=2250 errors=2251/6
12:59:52 INFO  [Main] [Imix]: [ImixAI][ROLLBACK] no safe checkpoint yet; returned to x=0
12:59:52 INFO  [Main] [Imix]: [ImixAI][SEARCH] phase=LEARNED FAILURE -> SEARCHING ALTERNATIVE x=0.0 y=169.7 plan=2250 candidate=CENTER failures=2251 budget=6 checkpoint=0.0
12:59:52 WARN  [Main] [Imix]: [ImixAI][FAIL] x=1.3 y=170.1 same-region=true -> candidate=EARLY plan=2251 errors=2252/6
12:59:52 INFO  [Main] [Imix]: [ImixAI][ROLLBACK] no safe checkpoint yet; returned to x=0
12:59:52 INFO  [Main] [Imix]: [ImixAI][SEARCH] phase=LEARNED FAILURE -> SEARCHING ALTERNATIVE x=0.0 y=170.1 plan=2251 candidate=EARLY failures=2252 budget=6 checkpoint=0.0
12:59:52 WARN  [Main] [Imix]: [ImixAI][FAIL] x=1.3 y=170.4 same-region=true -> candidate=LATE plan=2252 errors=2253/6
12:59:52 INFO  [Main] [Imix]: [ImixAI][ROLLBACK] no safe checkpoint yet; returned to x=0
12:59:52 INFO  [Main] [Imix]: [ImixAI][SEARCH] phase=LEARNED FAILURE -> SEARCHING ALTERNATIVE x=0.0 y=170.4 plan=2252 candidate=LATE failures=2253 budget=6 checkpoint=0.0
12:59:52 WARN  [Main] [Imix]: [ImixAI][FAIL] x=1.3 y=170.7 same-region=true -> candidate=CENTER plan=2253 errors=2254/6
12:59:52 INFO  [Main] [Imix]: [ImixAI][ROLLBACK] no safe checkpoint yet; returned to x=0
12:59:52 INFO  [Main] [Imix]: [ImixAI][SEARCH] phase=LEARNED FAILURE -> SEARCHING ALTERNATIVE x=0.0 y=170.7 plan=2253 candidate=CENTER failures=2254 budget=6 checkpoint=0.0
12:59:52 WARN  [Main] [Imix]: [ImixAI][FAIL] x=1.3 y=170.9 same-region=true -> candidate=EARLY plan=2254 errors=2255/6
12:59:52 INFO  [Main] [Imix]: [ImixAI][ROLLBACK] no safe checkpoint yet; returned to x=0
12:59:52 INFO  [Main] [Imix]: [ImixAI][SEARCH] phase=LEARNED FAILURE -> SEARCHING ALTERNATIVE x=0.0 y=170.9 plan=2254 candidate=EARLY failures=2255 budget=6 checkpoint=0.0
12:59:52 WARN  [Main] [Imix]: [ImixAI][FAIL] x=1.3 y=171.1 same-region=true -> candidate=LATE plan=2255 errors=2256/6
12:59:52 INFO  [Main] [Imix]: [ImixAI][ROLLBACK] no safe checkpoint yet; returned to x=0
12:59:52 INFO  [Main] [Imix]: [ImixAI][SEARCH] phase=LEARNED FAILURE -> SEARCHING ALTERNATIVE x=0.0 y=171.1 plan=2255 candidate=LATE failures=2256 budget=6 checkpoint=0.0
12:59:52 WARN  [Main] [Imix]: [ImixAI][FAIL] x=1.3 y=171.2 same-region=true -> candidate=CENTER plan=2256 errors=2257/6
12:59:52 INFO  [Main] [Imix]: [ImixAI][ROLLBACK] no safe checkpoint yet; returned to x=0
12:59:52 INFO  [Main] [Imix]: [ImixAI][SEARCH] phase=LEARNED FAILURE -> SEARCHING ALTERNATIVE x=0.0 y=171.2 plan=2256 candidate=CENTER failures=2257 budget=6 checkpoint=0.0
12:59:52 WARN  [Main] [Imix]: [ImixAI][FAIL] x=1.3 y=171.3 same-region=true -> candidate=EARLY plan=2257 errors=2258/6
12:59:52 INFO  [Main] [Imix]: [ImixAI][ROLLBACK] no safe checkpoint yet; returned to x=0
12:59:52 INFO  [Main] [Imix]: [ImixAI][SEARCH] phase=LEARNED FAILURE -> SEARCHING ALTERNATIVE x=0.0 y=171.3 plan=2257 candidate=EARLY failures=2258 budget=6 checkpoint=0.0
12:59:52 WARN  [Main] [Imix]: [ImixAI][FAIL] x=1.3 y=171.4 same-region=true -> candidate=LATE plan=2258 errors=2259/6
12:59:52 INFO  [Main] [Imix]: [ImixAI][ROLLBACK] no safe checkpoint yet; returned to x=0
12:59:52 INFO  [Main] [Imix]: [ImixAI][SEARCH] phase=LEARNED FAILURE -> SEARCHING ALTERNATIVE x=0.0 y=171.4 plan=2258 candidate=LATE failures=2259 budget=6 checkpoint=0.0
12:59:52 WARN  [Main] [Imix]: [ImixAI][FAIL] x=1.3 y=171.4 same-region=true -> candidate=CENTER plan=2259 errors=2260/6
12:59:52 INFO  [Main] [Imix]: [ImixAI][ROLLBACK] no safe checkpoint yet; returned to x=0
12:59:52 INFO  [Main] [Imix]: [ImixAI][SEARCH] phase=LEARNED FAILURE -> SEARCHING ALTERNATIVE x=0.0 y=171.4 plan=2259 candidate=CENTER failures=2260 budget=6 checkpoint=0.0
12:59:52 WARN  [Main] [Imix]: [ImixAI][FAIL] x=1.3 y=171.3 same-region=true -> candidate=EARLY plan=2260 errors=2261/6
12:59:52 INFO  [Main] [Imix]: [ImixAI][ROLLBACK] no safe checkpoint yet; returned to x=0
12:59:52 INFO  [Main] [Imix]: [ImixAI][SEARCH] phase=LEARNED FAILURE -> SEARCHING ALTERNATIVE x=0.0 y=171.3 plan=2260 candidate=EARLY failures=2261 budget=6 checkpoint=0.0
12:59:52 WARN  [Main] [Imix]: [ImixAI][FAIL] x=1.3 y=171.2 same-region=true -> candidate=LATE plan=2261 errors=2262/6
12:59:52 INFO  [Main] [Imix]: [ImixAI][ROLLBACK] no safe checkpoint yet; returned to x=0
12:59:52 INFO  [Main] [Imix]: [ImixAI][SEARCH] phase=LEARNED FAILURE -> SEARCHING ALTERNATIVE x=0.0 y=171.2 plan=2261 candidate=LATE failures=2262 budget=6 checkpoint=0.0
12:59:52 WARN  [Main] [Imix]: [ImixAI][FAIL] x=1.3 y=171.0 same-region=true -> candidate=CENTER plan=2262 errors=2263/6
12:59:52 INFO  [Main] [Imix]: [ImixAI][ROLLBACK] no safe checkpoint yet; returned to x=0
12:59:52 INFO  [Main] [Imix]: [ImixAI][SEARCH] phase=LEARNED FAILURE -> SEARCHING ALTERNATIVE x=0.0 y=171.0 plan=2262 candidate=CENTER failures=2263 budget=6 checkpoint=0.0
12:59:52 WARN  [Main] [Imix]: [ImixAI][FAIL] x=1.3 y=170.8 same-region=true -> candidate=EARLY plan=2263 errors=2264/6
12:59:52 INFO  [Main] [Imix]: [ImixAI][ROLLBACK] no safe checkpoint yet; returned to x=0
12:59:52 INFO  [Main] [Imix]: [ImixAI][SEARCH] phase=LEARNED FAILURE -> SEARCHING ALTERNATIVE x=0.0 y=170.8 plan=2263 candidate=EARLY failures=2264 budget=6 checkpoint=0.0
12:59:52 WARN  [Main] [Imix]: [ImixAI][FAIL] x=1.3 y=170.6 same-region=true -> candidate=LATE plan=2264 errors=2265/6
12:59:52 INFO  [Main] [Imix]: [ImixAI][ROLLBACK] no safe checkpoint yet; returned to x=0
12:59:52 INFO  [Main] [Imix]: [ImixAI][SEARCH] phase=LEARNED FAILURE -> SEARCHING ALTERNATIVE x=0.0 y=170.6 plan=2264 candidate=LATE failures=2265 budget=6 checkpoint=0.0
12:59:52 WARN  [Main] [Imix]: [ImixAI][FAIL] x=1.3 y=170.3 same-region=true -> candidate=CENTER plan=2265 errors=2266/6
12:59:52 INFO  [Main] [Imix]: [ImixAI][ROLLBACK] no safe checkpoint yet; returned to x=0
12:59:52 INFO  [Main] [Imix]: [ImixAI][SEARCH] phase=LEARNED FAILURE -> SEARCHING ALTERNATIVE x=0.0 y=170.3 plan=2265 candidate=CENTER failures=2266 budget=6 checkpoint=0.0
12:59:52 WARN  [Main] [Imix]: [ImixAI][FAIL] x=1.3 y=169.9 same-region=true -> candidate=EARLY plan=2266 errors=2267/6
12:59:52 INFO  [Main] [Imix]: [ImixAI][ROLLBACK] no safe checkpoint yet; returned to x=0
12:59:52 INFO  [Main] [Imix]: [ImixAI][SEARCH] phase=LEARNED FAILURE -> SEARCHING ALTERNATIVE x=0.0 y=169.9 plan=2266 candidate=EARLY failures=2267 budget=6 checkpoint=0.0
12:59:52 WARN  [Main] [Imix]: [ImixAI][FAIL] x=1.3 y=169.5 same-region=true -> candidate=LATE plan=2267 errors=2268/6
12:59:52 INFO  [Main] [Imix]: [ImixAI][ROLLBACK] no safe checkpoint yet; returned to x=0
12:59:52 INFO  [Main] [Imix]: [ImixAI][SEARCH] phase=LEARNED FAILURE -> SEARCHING ALTERNATIVE x=0.0 y=169.5 plan=2267 candidate=LATE failures=2268 budget=6 checkpoint=0.0
12:59:52 WARN  [Main] [Imix]: [ImixAI][FAIL] x=1.3 y=169.1 same-region=true -> candidate=CENTER plan=2268 errors=2269/6
12:59:52 INFO  [Main] [Imix]: [ImixAI][ROLLBACK] no safe checkpoint yet; returned to x=0
12:59:52 INFO  [Main] [Imix]: [ImixAI][SEARCH] phase=LEARNED FAILURE -> SEARCHING ALTERNATIVE x=0.0 y=169.1 plan=2268 candidate=CENTER failures=2269 budget=6 checkpoint=0.0
12:59:52 WARN  [Main] [Imix]: [ImixAI][FAIL] x=1.3 y=168.6 same-region=true -> candidate=EARLY plan=2269 errors=2270/6
12:59:52 INFO  [Main] [Imix]: [ImixAI][ROLLBACK] no safe checkpoint yet; returned to x=0
12:59:52 INFO  [Main] [Imix]: [ImixAI][SEARCH] phase=LEARNED FAILURE -> SEARCHING ALTERNATIVE x=0.0 y=168.6 plan=2269 candidate=EARLY failures=2270 budget=6 checkpoint=0.0
12:59:52 WARN  [Main] [Imix]: [ImixAI][FAIL] x=1.3 y=168.0 same-region=true -> candidate=LATE plan=2270 errors=2271/6
12:59:52 INFO  [Main] [Imix]: [ImixAI][ROLLBACK] no safe checkpoint yet; returned to x=0
12:59:52 INFO  [Main] [Imix]: [ImixAI][SEARCH] phase=LEARNED FAILURE -> SEARCHING ALTERNATIVE x=0.0 y=168.0 plan=2270 candidate=LATE failures=2271 budget=6 checkpoint=0.0
12:59:52 WARN  [Main] [Imix]: [ImixAI][FAIL] x=1.3 y=167.4 same-region=true -> candidate=CENTER plan=2271 errors=2272/6
12:59:52 INFO  [Main] [Imix]: [ImixAI][ROLLBACK] no safe checkpoint yet; returned to x=0
12:59:52 INFO  [Main] [Imix]: [ImixAI][SEARCH] phase=LEARNED FAILURE -> SEARCHING ALTERNATIVE x=0.0 y=167.4 plan=2271 candidate=CENTER failures=2272 budget=6 checkpoint=0.0
12:59:52 WARN  [Main] [Imix]: [ImixAI][FAIL] x=1.3 y=166.8 same-region=true -> candidate=EARLY plan=2272 errors=2273/6
12:59:52 INFO  [Main] [Imix]: [ImixAI][ROLLBACK] no safe checkpoint yet; returned to x=0
12:59:52 INFO  [Main] [Imix]: [ImixAI][SEARCH] phase=LEARNED FAILURE -> SEARCHING ALTERNATIVE x=0.0 y=166.8 plan=2272 candidate=EARLY failures=2273 budget=6 checkpoint=0.0
12:59:52 WARN  [Main] [Imix]: [ImixAI][FAIL] x=1.3 y=166.1 same-region=true -> candidate=LATE plan=2273 errors=2274/6
12:59:52 INFO  [Main] [Imix]: [ImixAI][ROLLBACK] no safe checkpoint yet; returned to x=0
12:59:52 INFO  [Main] [Imix]: [ImixAI][SEARCH] phase=LEARNED FAILURE -> SEARCHING ALTERNATIVE x=0.0 y=166.1 plan=2273 candidate=LATE failures=2274 budget=6 checkpoint=0.0
12:59:52 WARN  [Main] [Imix]: [ImixAI][FAIL] x=1.3 y=165.3 same-region=true -> candidate=CENTER plan=2274 errors=2275/6
12:59:52 INFO  [Main] [Imix]: [ImixAI][ROLLBACK] no safe checkpoint yet; returned to x=0
12:59:52 INFO  [Main] [Imix]: [ImixAI][SEARCH] phase=LEARNED FAILURE -> SEARCHING ALTERNATIVE x=0.0 y=165.3 plan=2274 candidate=CENTER failures=2275 budget=6 checkpoint=0.0
12:59:52 WARN  [Main] [Imix]: [ImixAI][FAIL] x=1.3 y=164.6 same-region=true -> candidate=EARLY plan=2275 errors=2276/6
12:59:52 INFO  [Main] [Imix]: [ImixAI][ROLLBACK] no safe checkpoint yet; returned to x=0
12:59:52 INFO  [Main] [Imix]: [ImixAI][SEARCH] phase=LEARNED FAILURE -> SEARCHING ALTERNATIVE x=0.0 y=164.6 plan=2275 candidate=EARLY failures=2276 budget=6 checkpoint=0.0
12:59:52 WARN  [Main] [Imix]: [ImixAI][FAIL] x=1.3 y=163.7 same-region=true -> candidate=LATE plan=2276 errors=2277/6
12:59:52 INFO  [Main] [Imix]: [ImixAI][ROLLBACK] no safe checkpoint yet; returned to x=0
12:59:52 INFO  [Main] [Imix]: [ImixAI][SEARCH] phase=LEARNED FAILURE -> SEARCHING ALTERNATIVE x=0.0 y=163.7 plan=2276 candidate=LATE failures=2277 budget=6 checkpoint=0.0
12:59:52 WARN  [Main] [Imix]: [ImixAI][FAIL] x=1.3 y=162.8 same-region=true -> candidate=CENTER plan=2277 errors=2278/6
12:59:52 INFO  [Main] [Imix]: [ImixAI][ROLLBACK] no safe checkpoint yet; returned to x=0
12:59:52 INFO  [Main] [Imix]: [ImixAI][SEARCH] phase=LEARNED FAILURE -> SEARCHING ALTERNATIVE x=0.0 y=162.8 plan=2277 candidate=CENTER failures=2278 budget=6 checkpoint=0.0
12:59:52 WARN  [Main] [Imix]: [ImixAI][FAIL] x=1.3 y=161.9 same-region=true -> candidate=EARLY plan=2278 errors=2279/6
12:59:52 INFO  [Main] [Imix]: [ImixAI][ROLLBACK] no safe checkpoint yet; returned to x=0
12:59:52 INFO  [Main] [Imix]: [ImixAI][SEARCH] phase=LEARNED FAILURE -> SEARCHING ALTERNATIVE x=0.0 y=161.9 plan=2278 candidate=EARLY failures=2279 budget=6 checkpoint=0.0
12:59:52 WARN  [Main] [Imix]: [ImixAI][FAIL] x=1.3 y=160.9 same-region=true -> candidate=LATE plan=2279 errors=2280/6
12:59:52 INFO  [Main] [Imix]: [ImixAI][ROLLBACK] no safe checkpoint yet; returned to x=0
12:59:52 INFO  [Main] [Imix]: [ImixAI][SEARCH] phase=LEARNED FAILURE -> SEARCHING ALTERNATIVE x=0.0 y=160.9 plan=2279 candidate=LATE failures=2280 budget=6 checkpoint=0.0
12:59:52 WARN  [Main] [Imix]: [ImixAI][FAIL] x=1.3 y=159.9 same-region=true -> candidate=CENTER plan=2280 errors=2281/6
12:59:52 INFO  [Main] [Imix]: [ImixAI][ROLLBACK] no safe checkpoint yet; returned to x=0
12:59:52 INFO  [Main] [Imix]: [ImixAI][SEARCH] phase=LEARNED FAILURE -> SEARCHING ALTERNATIVE x=0.0 y=159.9 plan=2280 candidate=CENTER failures=2281 budget=6 checkpoint=0.0
12:59:52 WARN  [Main] [Imix]: [ImixAI][FAIL] x=1.3 y=158.8 same-region=true -> candidate=EARLY plan=2281 errors=2282/6
12:59:52 INFO  [Main] [Imix]: [ImixAI][ROLLBACK] no safe checkpoint yet; returned to x=0
12:59:52 INFO  [Main] [Imix]: [ImixAI][SEARCH] phase=LEARNED FAILURE -> SEARCHING ALTERNATIVE x=0.0 y=158.8 plan=2281 candidate=EARLY failures=2282 budget=6 checkpoint=0.0
12:59:52 WARN  [Main] [Imix]: [ImixAI][FAIL] x=1.3 y=157.7 same-region=true -> candidate=LATE plan=2282 errors=2283/6
12:59:52 INFO  [Main] [Imix]: [ImixAI][ROLLBACK] no safe checkpoint yet; returned to x=0
12:59:52 INFO  [Main] [Imix]: [ImixAI][SEARCH] phase=LEARNED FAILURE -> SEARCHING ALTERNATIVE x=0.0 y=157.7 plan=2282 candidate=LATE failures=2283 budget=6 checkpoint=0.0
12:59:52 WARN  [Main] [Imix]: [ImixAI][FAIL] x=1.3 y=156.5 same-region=true -> candidate=CENTER plan=2283 errors=2284/6
12:59:52 INFO  [Main] [Imix]: [ImixAI][ROLLBACK] no safe checkpoint yet; returned to x=0
12:59:52 INFO  [Main] [Imix]: [ImixAI][SEARCH] phase=LEARNED FAILURE -> SEARCHING ALTERNATIVE x=0.0 y=156.5 plan=2283 candidate=CENTER failures=2284 budget=6 checkpoint=0.0
12:59:52 WARN  [Main] [Imix]: [ImixAI][FAIL] x=1.3 y=155.3 same-region=true -> candidate=EARLY plan=2284 errors=2285/6
12:59:52 INFO  [Main] [Imix]: [ImixAI][ROLLBACK] no safe checkpoint yet; returned to x=0
12:59:52 INFO  [Main] [Imix]: [ImixAI][SEARCH] phase=LEARNED FAILURE -> SEARCHING ALTERNATIVE x=0.0 y=155.3 plan=2284 candidate=EARLY failures=2285 budget=6 checkpoint=0.0
12:59:52 WARN  [Main] [Imix]: [ImixAI][FAIL] x=1.3 y=154.0 same-region=true -> candidate=LATE plan=2285 errors=2286/6
12:59:52 INFO  [Main] [Imix]: [ImixAI][ROLLBACK] no safe checkpoint yet; returned to x=0
12:59:52 INFO  [Main] [Imix]: [ImixAI][SEARCH] phase=LEARNED FAILURE -> SEARCHING ALTERNATIVE x=0.0 y=154.0 plan=2285 candidate=LATE failures=2286 budget=6 checkpoint=0.0
12:59:52 WARN  [Main] [Imix]: [ImixAI][FAIL] x=1.3 y=152.7 same-region=true -> candidate=CENTER plan=2286 errors=2287/6
12:59:52 INFO  [Main] [Imix]: [ImixAI][ROLLBACK] no safe checkpoint yet; returned to x=0
12:59:52 INFO  [Main] [Imix]: [ImixAI][SEARCH] phase=LEARNED FAILURE -> SEARCHING ALTERNATIVE x=0.0 y=152.7 plan=2286 candidate=CENTER failures=2287 budget=6 checkpoint=0.0
12:59:52 WARN  [Main] [Imix]: [ImixAI][FAIL] x=1.3 y=151.3 same-region=true -> candidate=EARLY plan=2287 errors=2288/6
12:59:52 INFO  [Main] [Imix]: [ImixAI][ROLLBACK] no safe checkpoint yet; returned to x=0
12:59:52 INFO  [Main] [Imix]: [ImixAI][SEARCH] phase=LEARNED FAILURE -> SEARCHING ALTERNATIVE x=0.0 y=151.3 plan=2287 candidate=EARLY failures=2288 budget=6 checkpoint=0.0
12:59:52 WARN  [Main] [Imix]: [ImixAI][FAIL] x=1.3 y=149.9 same-region=true -> candidate=LATE plan=2288 errors=2289/6
12:59:52 INFO  [Main] [Imix]: [ImixAI][ROLLBACK] no safe checkpoint yet; returned to x=0
12:59:52 INFO  [Main] [Imix]: [ImixAI][SEARCH] phase=LEARNED FAILURE -> SEARCHING ALTERNATIVE x=0.0 y=149.9 plan=2288 candidate=LATE failures=2289 budget=6 checkpoint=0.0
12:59:52 WARN  [Main] [Imix]: [ImixAI][FAIL] x=1.3 y=148.4 same-region=true -> candidate=CENTER plan=2289 errors=2290/6
12:59:52 INFO  [Main] [Imix]: [ImixAI][ROLLBACK] no safe checkpoint yet; returned to x=0
12:59:52 INFO  [Main] [Imix]: [ImixAI][SEARCH] phase=LEARNED FAILURE -> SEARCHING ALTERNATIVE x=0.0 y=148.4 plan=2289 candidate=CENTER failures=2290 budget=6 checkpoint=0.0
12:59:52 WARN  [Main] [Imix]: [ImixAI][FAIL] x=1.3 y=146.9 same-region=true -> candidate=EARLY plan=2290 errors=2291/6
12:59:52 INFO  [Main] [Imix]: [ImixAI][ROLLBACK] no safe checkpoint yet; returned to x=0
12:59:52 INFO  [Main] [Imix]: [ImixAI][SEARCH] phase=LEARNED FAILURE -> SEARCHING ALTERNATIVE x=0.0 y=146.9 plan=2290 candidate=EARLY failures=2291 budget=6 checkpoint=0.0
12:59:52 WARN  [Main] [Imix]: [ImixAI][FAIL] x=1.3 y=145.3 same-region=true -> candidate=LATE plan=2291 errors=2292/6
12:59:52 INFO  [Main] [Imix]: [ImixAI][ROLLBACK] no safe checkpoint yet; returned to x=0
12:59:52 INFO  [Main] [Imix]: [ImixAI][SEARCH] phase=LEARNED FAILURE -> SEARCHING ALTERNATIVE x=0.0 y=145.3 plan=2291 candidate=LATE failures=2292 budget=6 checkpoint=0.0
12:59:52 WARN  [Main] [Imix]: [ImixAI][FAIL] x=1.3 y=143.7 same-region=true -> candidate=CENTER plan=2292 errors=2293/6
12:59:52 INFO  [Main] [Imix]: [ImixAI][ROLLBACK] no safe checkpoint yet; returned to x=0
12:59:52 INFO  [Main] [Imix]: [ImixAI][SEARCH] phase=LEARNED FAILURE -> SEARCHING ALTERNATIVE x=0.0 y=143.7 plan=2292 candidate=CENTER failures=2293 budget=6 checkpoint=0.0
12:59:52 WARN  [Main] [Imix]: [ImixAI][FAIL] x=1.3 y=142.0 same-region=true -> candidate=EARLY plan=2293 errors=2294/6
12:59:52 INFO  [Main] [Imix]: [ImixAI][ROLLBACK] no safe checkpoint yet; returned to x=0
12:59:52 INFO  [Main] [Imix]: [ImixAI][SEARCH] phase=LEARNED FAILURE -> SEARCHING ALTERNATIVE x=0.0 y=142.0 plan=2293 candidate=EARLY failures=2294 budget=6 checkpoint=0.0
12:59:52 WARN  [Main] [Imix]: [ImixAI][FAIL] x=1.3 y=140.3 same-region=true -> candidate=LATE plan=2294 errors=2295/6
12:59:52 INFO  [Main] [Imix]: [ImixAI][ROLLBACK] no safe checkpoint yet; returned to x=0
12:59:52 INFO  [Main] [Imix]: [ImixAI][SEARCH] phase=LEARNED FAILURE -> SEARCHING ALTERNATIVE x=0.0 y=140.3 plan=2294 candidate=LATE failures=2295 budget=6 checkpoint=0.0
12:59:52 WARN  [Main] [Imix]: [ImixAI][FAIL] x=1.3 y=138.6 same-region=true -> candidate=CENTER plan=2295 errors=2296/6
12:59:52 INFO  [Main] [Imix]: [ImixAI][ROLLBACK] no safe checkpoint yet; returned to x=0
12:59:52 INFO  [Main] [Imix]: [ImixAI][SEARCH] phase=LEARNED FAILURE -> SEARCHING ALTERNATIVE x=0.0 y=138.6 plan=2295 candidate=CENTER failures=2296 budget=6 checkpoint=0.0
12:59:52 WARN  [Main] [Imix]: [ImixAI][FAIL] x=1.3 y=136.8 same-region=true -> candidate=EARLY plan=2296 errors=2297/6
12:59:52 INFO  [Main] [Imix]: [ImixAI][ROLLBACK] no safe checkpoint yet; returned to x=0
12:59:52 INFO  [Main] [Imix]: [ImixAI][SEARCH] phase=LEARNED FAILURE -> SEARCHING ALTERNATIVE x=0.0 y=136.8 plan=2296 candidate=EARLY failures=2297 budget=6 checkpoint=0.0
12:59:52 WARN  [Main] [Imix]: [ImixAI][FAIL] x=1.3 y=134.9 same-region=true -> candidate=LATE plan=2297 errors=2298/6
12:59:52 INFO  [Main] [Imix]: [ImixAI][ROLLBACK] no safe checkpoint yet; returned to x=0
12:59:52 INFO  [Main] [Imix]: [ImixAI][SEARCH] phase=LEARNED FAILURE -> SEARCHING ALTERNATIVE x=0.0 y=134.9 plan=2297 candidate=LATE failures=2298 budget=6 checkpoint=0.0
12:59:52 WARN  [Main] [Imix]: [ImixAI][FAIL] x=1.3 y=133.0 same-region=true -> candidate=CENTER plan=2298 errors=2299/6
12:59:52 INFO  [Main] [Imix]: [ImixAI][ROLLBACK] no safe checkpoint yet; returned to x=0
12:59:52 INFO  [Main] [Imix]: [ImixAI][SEARCH] phase=LEARNED FAILURE -> SEARCHING ALTERNATIVE x=0.0 y=133.0 plan=2298 candidate=CENTER failures=2299 budget=6 checkpoint=0.0
12:59:52 WARN  [Main] [Imix]: [ImixAI][FAIL] x=1.3 y=131.0 same-region=true -> candidate=EARLY plan=2299 errors=2300/6
12:59:52 INFO  [Main] [Imix]: [ImixAI][ROLLBACK] no safe checkpoint yet; returned to x=0
12:59:52 INFO  [Main] [Imix]: [ImixAI][SEARCH] phase=LEARNED FAILURE -> SEARCHING ALTERNATIVE x=0.0 y=131.0 plan=2299 candidate=EARLY failures=2300 budget=6 checkpoint=0.0
12:59:52 WARN  [Main] [Imix]: [ImixAI][FAIL] x=1.3 y=129.0 same-region=true -> candidate=LATE plan=2300 errors=2301/6
12:59:52 INFO  [Main] [Imix]: [ImixAI][ROLLBACK] no safe checkpoint yet; returned to x=0
12:59:52 INFO  [Main] [Imix]: [ImixAI][SEARCH] phase=LEARNED FAILURE -> SEARCHING ALTERNATIVE x=0.0 y=129.0 plan=2300 candidate=LATE failures=2301 budget=6 checkpoint=0.0
12:59:52 WARN  [Main] [Imix]: [ImixAI][FAIL] x=1.3 y=127.0 same-region=true -> candidate=CENTER plan=2301 errors=2302/6
12:59:52 INFO  [Main] [Imix]: [ImixAI][ROLLBACK] no safe checkpoint yet; returned to x=0
12:59:52 INFO  [Main] [Imix]: [ImixAI][SEARCH] phase=LEARNED FAILURE -> SEARCHING ALTERNATIVE x=0.0 y=127.0 plan=2301 candidate=CENTER failures=2302 budget=6 checkpoint=0.0
12:59:52 WARN  [Main] [Imix]: [ImixAI][FAIL] x=1.3 y=124.9 same-region=true -> candidate=EARLY plan=2302 errors=2303/6
12:59:52 INFO  [Main] [Imix]: [ImixAI][ROLLBACK] no safe checkpoint yet; returned to x=0
12:59:52 INFO  [Main] [Imix]: [ImixAI][SEARCH] phase=LEARNED FAILURE -> SEARCHING ALTERNATIVE x=0.0 y=124.9 plan=2302 candidate=EARLY failures=2303 budget=6 checkpoint=0.0
12:59:52 WARN  [Main] [Imix]: [ImixAI][FAIL] x=1.3 y=122.7 same-region=true -> candidate=LATE plan=2303 errors=2304/6
12:59:52 INFO  [Main] [Imix]: [ImixAI][ROLLBACK] no safe checkpoint yet; returned to x=0
12:59:52 INFO  [Main] [Imix]: [ImixAI][SEARCH] phase=LEARNED FAILURE -> SEARCHING ALTERNATIVE x=0.0 y=122.7 plan=2303 candidate=LATE failures=2304 budget=6 checkpoint=0.0
12:59:52 WARN  [Main] [Imix]: [ImixAI][FAIL] x=1.3 y=120.5 same-region=true -> candidate=CENTER plan=2304 errors=2305/6
12:59:52 INFO  [Main] [Imix]: [ImixAI][ROLLBACK] no safe checkpoint yet; returned to x=0
12:59:52 INFO  [Main] [Imix]: [ImixAI][SEARCH] phase=LEARNED FAILURE -> SEARCHING ALTERNATIVE x=0.0 y=120.5 plan=2304 candidate=CENTER failures=2305 budget=6 checkpoint=0.0
12:59:52 WARN  [Main] [Imix]: [ImixAI][FAIL] x=1.3 y=118.3 same-region=true -> candidate=EARLY plan=2305 errors=2306/6
12:59:52 INFO  [Main] [Imix]: [ImixAI][ROLLBACK] no safe checkpoint yet; returned to x=0
12:59:52 INFO  [Main] [Imix]: [ImixAI][SEARCH] phase=LEARNED FAILURE -> SEARCHING ALTERNATIVE x=0.0 y=118.3 plan=2305 candidate=EARLY failures=2306 budget=6 checkpoint=0.0
12:59:52 WARN  [Main] [Imix]: [ImixAI][FAIL] x=1.3 y=116.0 same-region=true -> candidate=LATE plan=2306 errors=2307/6
12:59:52 INFO  [Main] [Imix]: [ImixAI][ROLLBACK] no safe checkpoint yet; returned to x=0
12:59:52 INFO  [Main] [Imix]: [ImixAI][SEARCH] phase=LEARNED FAILURE -> SEARCHING ALTERNATIVE x=0.0 y=116.0 plan=2306 candidate=LATE failures=2307 budget=6 checkpoint=0.0
12:59:53 WARN  [Main] [Imix]: [ImixAI][FAIL] x=1.3 y=113.6 same-region=true -> candidate=CENTER plan=2307 errors=2308/6
12:59:53 INFO  [Main] [Imix]: [ImixAI][ROLLBACK] no safe checkpoint yet; returned to x=0
12:59:53 INFO  [Main] [Imix]: [ImixAI][SEARCH] phase=LEARNED FAILURE -> SEARCHING ALTERNATIVE x=0.0 y=113.6 plan=2307 candidate=CENTER failures=2308 budget=6 checkpoint=0.0
12:59:53 WARN  [Main] [Imix]: [ImixAI][FAIL] x=1.3 y=111.2 same-region=true -> candidate=EARLY plan=2308 errors=2309/6
12:59:53 INFO  [Main] [Imix]: [ImixAI][ROLLBACK] no safe checkpoint yet; returned to x=0
12:59:53 INFO  [Main] [Imix]: [ImixAI][SEARCH] phase=LEARNED FAILURE -> SEARCHING ALTERNATIVE x=0.0 y=111.2 plan=2308 candidate=EARLY failures=2309 budget=6 checkpoint=0.0
12:59:53 WARN  [Main] [Imix]: [ImixAI][FAIL] x=1.3 y=108.8 same-region=true -> candidate=LATE plan=2309 errors=2310/6
12:59:53 INFO  [Main] [Imix]: [ImixAI][ROLLBACK] no safe checkpoint yet; returned to x=0
12:59:53 INFO  [Main] [Imix]: [ImixAI][SEARCH] phase=LEARNED FAILURE -> SEARCHING ALTERNATIVE x=0.0 y=108.8 plan=2309 candidate=LATE failures=2310 budget=6 checkpoint=0.0
12:59:53 WARN  [Main] [Imix]: [ImixAI][FAIL] x=1.3 y=106.3 same-region=true -> candidate=CENTER plan=2310 errors=2311/6
12:59:53 INFO  [Main] [Imix]: [ImixAI][ROLLBACK] no safe checkpoint yet; returned to x=0
12:59:53 INFO  [Main] [Imix]: [ImixAI][SEARCH] phase=LEARNED FAILURE -> SEARCHING ALTERNATIVE x=0.0 y=106.3 plan=2310 candidate=CENTER failures=2311 budget=6 checkpoint=0.0
12:59:53 WARN  [Main] [Imix]: [ImixAI][FAIL] x=1.3 y=105.0 same-region=true -> candidate=EARLY plan=2311 errors=2312/6
12:59:53 INFO  [Main] [Imix]: [ImixAI][ROLLBACK] no safe checkpoint yet; returned to x=0
12:59:53 INFO  [Main] [Imix]: [ImixAI][SEARCH] phase=LEARNED FAILURE -> SEARCHING ALTERNATIVE x=0.0 y=105.0 plan=2311 candidate=EARLY failures=2312 budget=6 checkpoint=0.0
12:59:53 WARN  [Main] [Imix]: [ImixAI][FAIL] x=1.3 y=107.5 same-region=true -> candidate=LATE plan=2312 errors=2313/6
12:59:53 INFO  [Main] [Imix]: [ImixAI][ROLLBACK] no safe checkpoint yet; returned to x=0
12:59:53 INFO  [Main] [Imix]: [ImixAI][SEARCH] phase=LEARNED FAILURE -> SEARCHING ALTERNATIVE x=0.0 y=107.5 plan=2312 candidate=LATE failures=2313 budget=6 checkpoint=0.0
12:59:53 WARN  [Main] [Imix]: [ImixAI][FAIL] x=1.3 y=110.0 same-region=true -> candidate=CENTER plan=2313 errors=2314/6
12:59:53 INFO  [Main] [Imix]: [ImixAI][ROLLBACK] no safe checkpoint yet; returned to x=0
12:59:53 INFO  [Main] [Imix]: [ImixAI][SEARCH] phase=LEARNED FAILURE -> SEARCHING ALTERNATIVE x=0.0 y=110.0 plan=2313 candidate=CENTER failures=2314 budget=6 checkpoint=0.0
12:59:53 WARN  [Main] [Imix]: [ImixAI][FAIL] x=1.3 y=112.4 same-region=true -> candidate=EARLY plan=2314 errors=2315/6
12:59:53 INFO  [Main] [Imix]: [ImixAI][ROLLBACK] no safe checkpoint yet; returned to x=0
12:59:53 INFO  [Main] [Imix]: [ImixAI][SEARCH] phase=LEARNED FAILURE -> SEARCHING ALTERNATIVE x=0.0 y=112.4 plan=2314 candidate=EARLY failures=2315 budget=6 checkpoint=0.0
12:59:53 WARN  [Main] [Imix]: [ImixAI][FAIL] x=1.3 y=114.8 same-region=true -> candidate=LATE plan=2315 errors=2316/6
12:59:53 INFO  [Main] [Imix]: [ImixAI][ROLLBACK] no safe checkpoint yet; returned to x=0
12:59:53 INFO  [Main] [Imix]: [ImixAI][SEARCH] phase=LEARNED FAILURE -> SEARCHING ALTERNATIVE x=0.0 y=114.8 plan=2315 candidate=LATE failures=2316 budget=6 checkpoint=0.0
12:59:53 WARN  [Main] [Imix]: [ImixAI][FAIL] x=1.3 y=117.1 same-region=true -> candidate=CENTER plan=2316 errors=2317/6
12:59:53 INFO  [Main] [Imix]: [ImixAI][ROLLBACK] no safe checkpoint yet; returned to x=0
12:59:53 INFO  [Main] [Imix]: [ImixAI][SEARCH] phase=LEARNED FAILURE -> SEARCHING ALTERNATIVE x=0.0 y=117.1 plan=2316 candidate=CENTER failures=2317 budget=6 checkpoint=0.0
12:59:53 WARN  [Main] [Imix]: [ImixAI][FAIL] x=1.3 y=119.4 same-region=true -> candidate=EARLY plan=2317 errors=2318/6
12:59:53 INFO  [Main] [Imix]: [ImixAI][ROLLBACK] no safe checkpoint yet; returned to x=0
12:59:53 INFO  [Main] [Imix]: [ImixAI][SEARCH] phase=LEARNED FAILURE -> SEARCHING ALTERNATIVE x=0.0 y=119.4 plan=2317 candidate=EARLY failures=2318 budget=6 checkpoint=0.0
12:59:53 WARN  [Main] [Imix]: [ImixAI][FAIL] x=1.3 y=121.6 same-region=true -> candidate=LATE plan=2318 errors=2319/6
12:59:53 INFO  [Main] [Imix]: [ImixAI][ROLLBACK] no safe checkpoint yet; returned to x=0
12:59:53 INFO  [Main] [Imix]: [ImixAI][SEARCH] phase=LEARNED FAILURE -> SEARCHING ALTERNATIVE x=0.0 y=121.6 plan=2318 candidate=LATE failures=2319 budget=6 checkpoint=0.0
12:59:53 WARN  [Main] [Imix]: [ImixAI][FAIL] x=1.3 y=123.8 same-region=true -> candidate=CENTER plan=2319 errors=2320/6
12:59:53 INFO  [Main] [Imix]: [ImixAI][ROLLBACK] no safe checkpoint yet; returned to x=0
12:59:53 INFO  [Main] [Imix]: [ImixAI][SEARCH] phase=LEARNED FAILURE -> SEARCHING ALTERNATIVE x=0.0 y=123.8 plan=2319 candidate=CENTER failures=2320 budget=6 checkpoint=0.0
12:59:53 WARN  [Main] [Imix]: [ImixAI][FAIL] x=1.3 y=125.9 same-region=true -> candidate=EARLY plan=2320 errors=2321/6
12:59:53 INFO  [Main] [Imix]: [ImixAI][ROLLBACK] no safe checkpoint yet; returned to x=0
12:59:53 INFO  [Main] [Imix]: [ImixAI][SEARCH] phase=LEARNED FAILURE -> SEARCHING ALTERNATIVE x=0.0 y=125.9 plan=2320 candidate=EARLY failures=2321 budget=6 checkpoint=0.0
12:59:53 WARN  [Main] [Imix]: [ImixAI][FAIL] x=1.3 y=128.0 same-region=true -> candidate=LATE plan=2321 errors=2322/6
12:59:53 INFO  [Main] [Imix]: [ImixAI][ROLLBACK] no safe checkpoint yet; returned to x=0
12:59:53 INFO  [Main] [Imix]: [ImixAI][SEARCH] phase=LEARNED FAILURE -> SEARCHING ALTERNATIVE x=0.0 y=128.0 plan=2321 candidate=LATE failures=2322 budget=6 checkpoint=0.0
12:59:53 WARN  [Main] [Imix]: [ImixAI][FAIL] x=1.3 y=130.0 same-region=true -> candidate=CENTER plan=2322 errors=2323/6
12:59:53 INFO  [Main] [Imix]: [ImixAI][ROLLBACK] no safe checkpoint yet; returned to x=0
12:59:53 INFO  [Main] [Imix]: [ImixAI][SEARCH] phase=LEARNED FAILURE -> SEARCHING ALTERNATIVE x=0.0 y=130.0 plan=2322 candidate=CENTER failures=2323 budget=6 checkpoint=0.0
12:59:53 WARN  [Main] [Imix]: [ImixAI][FAIL] x=1.3 y=132.0 same-region=true -> candidate=EARLY plan=2323 errors=2324/6
12:59:53 INFO  [Main] [Imix]: [ImixAI][ROLLBACK] no safe checkpoint yet; returned to x=0
12:59:53 INFO  [Main] [Imix]: [ImixAI][SEARCH] phase=LEARNED FAILURE -> SEARCHING ALTERNATIVE x=0.0 y=132.0 plan=2323 candidate=EARLY failures=2324 budget=6 checkpoint=0.0
12:59:53 WARN  [Main] [Imix]: [ImixAI][FAIL] x=1.3 y=133.9 same-region=true -> candidate=LATE plan=2324 errors=2325/6
12:59:53 INFO  [Main] [Imix]: [ImixAI][ROLLBACK] no safe checkpoint yet; returned to x=0
12:59:53 INFO  [Main] [Imix]: [ImixAI][SEARCH] phase=LEARNED FAILURE -> SEARCHING ALTERNATIVE x=0.0 y=133.9 plan=2324 candidate=LATE failures=2325 budget=6 checkpoint=0.0
12:59:53 WARN  [Main] [Imix]: [ImixAI][FAIL] x=1.3 y=135.8 same-region=true -> candidate=CENTER plan=2325 errors=2326/6
12:59:53 INFO  [Main] [Imix]: [ImixAI][ROLLBACK] no safe checkpoint yet; returned to x=0
12:59:53 INFO  [Main] [Imix]: [ImixAI][SEARCH] phase=LEARNED FAILURE -> SEARCHING ALTERNATIVE x=0.0 y=135.8 plan=2325 candidate=CENTER failures=2326 budget=6 checkpoint=0.0
12:59:53 WARN  [Main] [Imix]: [ImixAI][FAIL] x=1.3 y=137.6 same-region=true -> candidate=EARLY plan=2326 errors=2327/6
12:59:53 INFO  [Main] [Imix]: [ImixAI][ROLLBACK] no safe checkpoint yet; returned to x=0
12:59:53 INFO  [Main] [Imix]: [ImixAI][SEARCH] phase=LEARNED FAILURE -> SEARCHING ALTERNATIVE x=0.0 y=137.6 plan=2326 candidate=EARLY failures=2327 budget=6 checkpoint=0.0
12:59:53 WARN  [Main] [Imix]: [ImixAI][FAIL] x=1.3 y=139.4 same-region=true -> candidate=LATE plan=2327 errors=2328/6
12:59:53 INFO  [Main] [Imix]: [ImixAI][ROLLBACK] no safe checkpoint yet; returned to x=0
12:59:53 INFO  [Main] [Imix]: [ImixAI][SEARCH] phase=LEARNED FAILURE -> SEARCHING ALTERNATIVE x=0.0 y=139.4 plan=2327 candidate=LATE failures=2328 budget=6 checkpoint=0.0
12:59:53 WARN  [Main] [Imix]: [ImixAI][FAIL] x=1.3 y=141.2 same-region=true -> candidate=CENTER plan=2328 errors=2329/6
12:59:53 INFO  [Main] [Imix]: [ImixAI][ROLLBACK] no safe checkpoint yet; returned to x=0
12:59:53 INFO  [Main] [Imix]: [ImixAI][SEARCH] phase=LEARNED FAILURE -> SEARCHING ALTERNATIVE x=0.0 y=141.2 plan=2328 candidate=CENTER failures=2329 budget=6 checkpoint=0.0
12:59:53 WARN  [Main] [Imix]: [ImixAI][FAIL] x=1.3 y=142.8 same-region=true -> candidate=EARLY plan=2329 errors=2330/6
12:59:53 INFO  [Main] [Imix]: [ImixAI][ROLLBACK] no safe checkpoint yet; returned to x=0
12:59:53 INFO  [Main] [Imix]: [ImixAI][SEARCH] phase=LEARNED FAILURE -> SEARCHING ALTERNATIVE x=0.0 y=142.8 plan=2329 candidate=EARLY failures=2330 budget=6 checkpoint=0.0
12:59:53 WARN  [Main] [Imix]: [ImixAI][FAIL] x=1.3 y=144.5 same-region=true -> candidate=LATE plan=2330 errors=2331/6
12:59:53 INFO  [Main] [Imix]: [ImixAI][ROLLBACK] no safe checkpoint yet; returned to x=0
12:59:53 INFO  [Main] [Imix]: [ImixAI][SEARCH] phase=LEARNED FAILURE -> SEARCHING ALTERNATIVE x=0.0 y=144.5 plan=2330 candidate=LATE failures=2331 budget=6 checkpoint=0.0
12:59:53 WARN  [Main] [Imix]: [ImixAI][FAIL] x=1.3 y=146.1 same-region=true -> candidate=CENTER plan=2331 errors=2332/6
12:59:53 INFO  [Main] [Imix]: [ImixAI][ROLLBACK] no safe checkpoint yet; returned to x=0
12:59:53 INFO  [Main] [Imix]: [ImixAI][SEARCH] phase=LEARNED FAILURE -> SEARCHING ALTERNATIVE x=0.0 y=146.1 plan=2331 candidate=CENTER failures=2332 budget=6 checkpoint=0.0
12:59:53 WARN  [Main] [Imix]: [ImixAI][FAIL] x=1.3 y=147.6 same-region=true -> candidate=EARLY plan=2332 errors=2333/6
12:59:53 INFO  [Main] [Imix]: [ImixAI][ROLLBACK] no safe checkpoint yet; returned to x=0
12:59:53 INFO  [Main] [Imix]: [ImixAI][SEARCH] phase=LEARNED FAILURE -> SEARCHING ALTERNATIVE x=0.0 y=147.6 plan=2332 candidate=EARLY failures=2333 budget=6 checkpoint=0.0
12:59:53 WARN  [Main] [Imix]: [ImixAI][FAIL] x=1.3 y=149.1 same-region=true -> candidate=LATE plan=2333 errors=2334/6
12:59:53 INFO  [Main] [Imix]: [ImixAI][ROLLBACK] no safe checkpoint yet; returned to x=0
12:59:53 INFO  [Main] [Imix]: [ImixAI][SEARCH] phase=LEARNED FAILURE -> SEARCHING ALTERNATIVE x=0.0 y=149.1 plan=2333 candidate=LATE failures=2334 budget=6 checkpoint=0.0
12:59:53 WARN  [Main] [Imix]: [ImixAI][FAIL] x=1.3 y=150.6 same-region=true -> candidate=CENTER plan=2334 errors=2335/6
12:59:53 INFO  [Main] [Imix]: [ImixAI][ROLLBACK] no safe checkpoint yet; returned to x=0
12:59:53 INFO  [Main] [Imix]: [ImixAI][SEARCH] phase=LEARNED FAILURE -> SEARCHING ALTERNATIVE x=0.0 y=150.6 plan=2334 candidate=CENTER failures=2335 budget=6 checkpoint=0.0
12:59:53 WARN  [Main] [Imix]: [ImixAI][FAIL] x=1.3 y=152.0 same-region=true -> candidate=EARLY plan=2335 errors=2336/6
12:59:53 INFO  [Main] [Imix]: [ImixAI][ROLLBACK] no safe checkpoint yet; returned to x=0
12:59:53 INFO  [Main] [Imix]: [ImixAI][SEARCH] phase=LEARNED FAILURE -> SEARCHING ALTERNATIVE x=0.0 y=152.0 plan=2335 candidate=EARLY failures=2336 budget=6 checkpoint=0.0
12:59:53 WARN  [Main] [Imix]: [ImixAI][FAIL] x=1.3 y=153.3 same-region=true -> candidate=LATE plan=2336 errors=2337/6
12:59:53 INFO  [Main] [Imix]: [ImixAI][ROLLBACK] no safe checkpoint yet; returned to x=0
12:59:53 INFO  [Main] [Imix]: [ImixAI][SEARCH] phase=LEARNED FAILURE -> SEARCHING ALTERNATIVE x=0.0 y=153.3 plan=2336 candidate=LATE failures=2337 budget=6 checkpoint=0.0
12:59:53 WARN  [Main] [Imix]: [ImixAI][FAIL] x=1.3 y=154.6 same-region=true -> candidate=CENTER plan=2337 errors=2338/6
12:59:53 INFO  [Main] [Imix]: [ImixAI][ROLLBACK] no safe checkpoint yet; returned to x=0
12:59:53 INFO  [Main] [Imix]: [ImixAI][SEARCH] phase=LEARNED FAILURE -> SEARCHING ALTERNATIVE x=0.0 y=154.6 plan=2337 candidate=CENTER failures=2338 budget=6 checkpoint=0.0
12:59:53 WARN  [Main] [Imix]: [ImixAI][FAIL] x=1.3 y=155.9 same-region=true -> candidate=EARLY plan=2338 errors=2339/6
12:59:53 INFO  [Main] [Imix]: [ImixAI][ROLLBACK] no safe checkpoint yet; returned to x=0
12:59:53 INFO  [Main] [Imix]: [ImixAI][SEARCH] phase=LEARNED FAILURE -> SEARCHING ALTERNATIVE x=0.0 y=155.9 plan=2338 candidate=EARLY failures=2339 budget=6 checkpoint=0.0
12:59:53 WARN  [Main] [Imix]: [ImixAI][FAIL] x=1.3 y=157.1 same-region=true -> candidate=LATE plan=2339 errors=2340/6
12:59:53 INFO  [Main] [Imix]: [ImixAI][ROLLBACK] no safe checkpoint yet; returned to x=0
12:59:53 INFO  [Main] [Imix]: [ImixAI][SEARCH] phase=LEARNED FAILURE -> SEARCHING ALTERNATIVE x=0.0 y=157.1 plan=2339 candidate=LATE failures=2340 budget=6 checkpoint=0.0
12:59:53 WARN  [Main] [Imix]: [ImixAI][FAIL] x=1.3 y=158.2 same-region=true -> candidate=CENTER plan=2340 errors=2341/6
12:59:53 INFO  [Main] [Imix]: [ImixAI][ROLLBACK] no safe checkpoint yet; returned to x=0
12:59:53 INFO  [Main] [Imix]: [ImixAI][SEARCH] phase=LEARNED FAILURE -> SEARCHING ALTERNATIVE x=0.0 y=158.2 plan=2340 candidate=CENTER failures=2341 budget=6 checkpoint=0.0
12:59:53 WARN  [Main] [Imix]: [ImixAI][FAIL] x=1.3 y=159.3 same-region=true -> candidate=EARLY plan=2341 errors=2342/6
12:59:53 INFO  [Main] [Imix]: [ImixAI][ROLLBACK] no safe checkpoint yet; returned to x=0
12:59:53 INFO  [Main] [Imix]: [ImixAI][SEARCH] phase=LEARNED FAILURE -> SEARCHING ALTERNATIVE x=0.0 y=159.3 plan=2341 candidate=EARLY failures=2342 budget=6 checkpoint=0.0
12:59:53 WARN  [Main] [Imix]: [ImixAI][FAIL] x=1.3 y=160.4 same-region=true -> candidate=LATE plan=2342 errors=2343/6
12:59:53 INFO  [Main] [Imix]: [ImixAI][ROLLBACK] no safe checkpoint yet; returned to x=0
12:59:53 INFO  [Main] [Imix]: [ImixAI][SEARCH] phase=LEARNED FAILURE -> SEARCHING ALTERNATIVE x=0.0 y=160.4 plan=2342 candidate=LATE failures=2343 budget=6 checkpoint=0.0
12:59:53 WARN  [Main] [Imix]: [ImixAI][FAIL] x=1.3 y=161.4 same-region=true -> candidate=CENTER plan=2343 errors=2344/6
12:59:53 INFO  [Main] [Imix]: [ImixAI][ROLLBACK] no safe checkpoint yet; returned to x=0
12:59:53 INFO  [Main] [Imix]: [ImixAI][SEARCH] phase=LEARNED FAILURE -> SEARCHING ALTERNATIVE x=0.0 y=161.4 plan=2343 candidate=CENTER failures=2344 budget=6 checkpoint=0.0
12:59:53 WARN  [Main] [Imix]: [ImixAI][FAIL] x=1.3 y=162.4 same-region=true -> candidate=EARLY plan=2344 errors=2345/6
12:59:53 INFO  [Main] [Imix]: [ImixAI][ROLLBACK] no safe checkpoint yet; returned to x=0
12:59:53 INFO  [Main] [Imix]: [ImixAI][SEARCH] phase=LEARNED FAILURE -> SEARCHING ALTERNATIVE x=0.0 y=162.4 plan=2344 candidate=EARLY failures=2345 budget=6 checkpoint=0.0
12:59:53 WARN  [Main] [Imix]: [ImixAI][FAIL] x=1.3 y=163.3 same-region=true -> candidate=LATE plan=2345 errors=2346/6
12:59:53 INFO  [Main] [Imix]: [ImixAI][ROLLBACK] no safe checkpoint yet; returned to x=0
12:59:53 INFO  [Main] [Imix]: [ImixAI][SEARCH] phase=LEARNED FAILURE -> SEARCHING ALTERNATIVE x=0.0 y=163.3 plan=2345 candidate=LATE failures=2346 budget=6 checkpoint=0.0
12:59:53 WARN  [Main] [Imix]: [ImixAI][FAIL] x=1.3 y=164.1 same-region=true -> candidate=CENTER plan=2346 errors=2347/6
12:59:53 INFO  [Main] [Imix]: [ImixAI][ROLLBACK] no safe checkpoint yet; returned to x=0
12:59:53 INFO  [Main] [Imix]: [ImixAI][SEARCH] phase=LEARNED FAILURE -> SEARCHING ALTERNATIVE x=0.0 y=164.1 plan=2346 candidate=CENTER failures=2347 budget=6 checkpoint=0.0
12:59:53 WARN  [Main] [Imix]: [ImixAI][FAIL] x=1.3 y=164.9 same-region=true -> candidate=EARLY plan=2347 errors=2348/6
12:59:53 INFO  [Main] [Imix]: [ImixAI][ROLLBACK] no safe checkpoint yet; returned to x=0
12:59:53 INFO  [Main] [Imix]: [ImixAI][SEARCH] phase=LEARNED FAILURE -> SEARCHING ALTERNATIVE x=0.0 y=164.9 plan=2347 candidate=EARLY failures=2348 budget=6 checkpoint=0.0
12:59:53 WARN  [Main] [Imix]: [ImixAI][FAIL] x=1.3 y=165.7 same-region=true -> candidate=LATE plan=2348 errors=2349/6
12:59:53 INFO  [Main] [Imix]: [ImixAI][ROLLBACK] no safe checkpoint yet; returned to x=0
12:59:53 INFO  [Main] [Imix]: [ImixAI][SEARCH] phase=LEARNED FAILURE -> SEARCHING ALTERNATIVE x=0.0 y=165.7 plan=2348 candidate=LATE failures=2349 budget=6 checkpoint=0.0
12:59:53 WARN  [Main] [Imix]: [ImixAI][FAIL] x=1.3 y=166.4 same-region=true -> candidate=CENTER plan=2349 errors=2350/6
12:59:53 INFO  [Main] [Imix]: [ImixAI][ROLLBACK] no safe checkpoint yet; returned to x=0
12:59:53 INFO  [Main] [Imix]: [ImixAI][SEARCH] phase=LEARNED FAILURE -> SEARCHING ALTERNATIVE x=0.0 y=166.4 plan=2349 candidate=CENTER failures=2350 budget=6 checkpoint=0.0
12:59:53 WARN  [Main] [Imix]: [ImixAI][FAIL] x=1.3 y=167.1 same-region=true -> candidate=EARLY plan=2350 errors=2351/6
12:59:53 INFO  [Main] [Imix]: [ImixAI][ROLLBACK] no safe checkpoint yet; returned to x=0
12:59:53 INFO  [Main] [Imix]: [ImixAI][SEARCH] phase=LEARNED FAILURE -> SEARCHING ALTERNATIVE x=0.0 y=167.1 plan=2350 candidate=EARLY failures=2351 budget=6 checkpoint=0.0
12:59:53 WARN  [Main] [Imix]: [ImixAI][FAIL] x=1.3 y=167.7 same-region=true -> candidate=LATE plan=2351 errors=2352/6
12:59:53 INFO  [Main] [Imix]: [ImixAI][ROLLBACK] no safe checkpoint yet; returned to x=0
12:59:53 INFO  [Main] [Imix]: [ImixAI][SEARCH] phase=LEARNED FAILURE -> SEARCHING ALTERNATIVE x=0.0 y=167.7 plan=2351 candidate=LATE failures=2352 budget=6 checkpoint=0.0
12:59:53 WARN  [Main] [Imix]: [ImixAI][FAIL] x=1.3 y=168.3 same-region=true -> candidate=CENTER plan=2352 errors=2353/6
12:59:53 INFO  [Main] [Imix]: [ImixAI][ROLLBACK] no safe checkpoint yet; returned to x=0
12:59:53 INFO  [Main] [Imix]: [ImixAI][SEARCH] phase=LEARNED FAILURE -> SEARCHING ALTERNATIVE x=0.0 y=168.3 plan=2352 candidate=CENTER failures=2353 budget=6 checkpoint=0.0
12:59:53 WARN  [Main] [Imix]: [ImixAI][FAIL] x=1.3 y=168.8 same-region=true -> candidate=EARLY plan=2353 errors=2354/6
12:59:53 INFO  [Main] [Imix]: [ImixAI][ROLLBACK] no safe checkpoint yet; returned to x=0
12:59:53 INFO  [Main] [Imix]: [ImixAI][SEARCH] phase=LEARNED FAILURE -> SEARCHING ALTERNATIVE x=0.0 y=168.8 plan=2353 candidate=EARLY failures=2354 budget=6 checkpoint=0.0
12:59:53 WARN  [Main] [Imix]: [ImixAI][FAIL] x=1.3 y=169.3 same-region=true -> candidate=LATE plan=2354 errors=2355/6
12:59:53 INFO  [Main] [Imix]: [ImixAI][ROLLBACK] no safe checkpoint yet; returned to x=0
12:59:53 INFO  [Main] [Imix]: [ImixAI][SEARCH] phase=LEARNED FAILURE -> SEARCHING ALTERNATIVE x=0.0 y=169.3 plan=2354 candidate=LATE failures=2355 budget=6 checkpoint=0.0
12:59:53 WARN  [Main] [Imix]: [ImixAI][FAIL] x=1.3 y=169.7 same-region=true -> candidate=CENTER plan=2355 errors=2356/6
12:59:53 INFO  [Main] [Imix]: [ImixAI][ROLLBACK] no safe checkpoint yet; returned to x=0
12:59:53 INFO  [Main] [Imix]: [ImixAI][SEARCH] phase=LEARNED FAILURE -> SEARCHING ALTERNATIVE x=0.0 y=169.7 plan=2355 candidate=CENTER failures=2356 budget=6 checkpoint=0.0
12:59:53 WARN  [Main] [Imix]: [ImixAI][FAIL] x=1.3 y=170.1 same-region=true -> candidate=EARLY plan=2356 errors=2357/6
12:59:53 INFO  [Main] [Imix]: [ImixAI][ROLLBACK] no safe checkpoint yet; returned to x=0
12:59:53 INFO  [Main] [Imix]: [ImixAI][SEARCH] phase=LEARNED FAILURE -> SEARCHING ALTERNATIVE x=0.0 y=170.1 plan=2356 candidate=EARLY failures=2357 budget=6 checkpoint=0.0
12:59:53 WARN  [Main] [Imix]: [ImixAI][FAIL] x=1.3 y=170.4 same-region=true -> candidate=LATE plan=2357 errors=2358/6
12:59:53 INFO  [Main] [Imix]: [ImixAI][ROLLBACK] no safe checkpoint yet; returned to x=0
12:59:53 INFO  [Main] [Imix]: [ImixAI][SEARCH] phase=LEARNED FAILURE -> SEARCHING ALTERNATIVE x=0.0 y=170.4 plan=2357 candidate=LATE failures=2358 budget=6 checkpoint=0.0
12:59:53 WARN  [Main] [Imix]: [ImixAI][FAIL] x=1.3 y=170.7 same-region=true -> candidate=CENTER plan=2358 errors=2359/6
12:59:53 INFO  [Main] [Imix]: [ImixAI][ROLLBACK] no safe checkpoint yet; returned to x=0
12:59:53 INFO  [Main] [Imix]: [ImixAI][SEARCH] phase=LEARNED FAILURE -> SEARCHING ALTERNATIVE x=0.0 y=170.7 plan=2358 candidate=CENTER failures=2359 budget=6 checkpoint=0.0
12:59:53 WARN  [Main] [Imix]: [ImixAI][FAIL] x=1.3 y=170.9 same-region=true -> candidate=EARLY plan=2359 errors=2360/6
12:59:53 INFO  [Main] [Imix]: [ImixAI][ROLLBACK] no safe checkpoint yet; returned to x=0
12:59:53 INFO  [Main] [Imix]: [ImixAI][SEARCH] phase=LEARNED FAILURE -> SEARCHING ALTERNATIVE x=0.0 y=170.9 plan=2359 candidate=EARLY failures=2360 budget=6 checkpoint=0.0
12:59:53 WARN  [Main] [Imix]: [ImixAI][FAIL] x=1.3 y=171.1 same-region=true -> candidate=LATE plan=2360 errors=2361/6
12:59:53 INFO  [Main] [Imix]: [ImixAI][ROLLBACK] no safe checkpoint yet; returned to x=0
12:59:53 INFO  [Main] [Imix]: [ImixAI][SEARCH] phase=LEARNED FAILURE -> SEARCHING ALTERNATIVE x=0.0 y=171.1 plan=2360 candidate=LATE failures=2361 budget=6 checkpoint=0.0
12:59:53 WARN  [Main] [Imix]: [ImixAI][FAIL] x=1.3 y=171.2 same-region=true -> candidate=CENTER plan=2361 errors=2362/6
12:59:53 INFO  [Main] [Imix]: [ImixAI][ROLLBACK] no safe checkpoint yet; returned to x=0
12:59:53 INFO  [Main] [Imix]: [ImixAI][SEARCH] phase=LEARNED FAILURE -> SEARCHING ALTERNATIVE x=0.0 y=171.2 plan=2361 candidate=CENTER failures=2362 budget=6 checkpoint=0.0
12:59:53 WARN  [Main] [Imix]: [ImixAI][FAIL] x=1.3 y=171.3 same-region=true -> candidate=EARLY plan=2362 errors=2363/6
12:59:53 INFO  [Main] [Imix]: [ImixAI][ROLLBACK] no safe checkpoint yet; returned to x=0
12:59:53 INFO  [Main] [Imix]: [ImixAI][SEARCH] phase=LEARNED FAILURE -> SEARCHING ALTERNATIVE x=0.0 y=171.3 plan=2362 candidate=EARLY failures=2363 budget=6 checkpoint=0.0
12:59:53 WARN  [Main] [Imix]: [ImixAI][FAIL] x=1.3 y=171.4 same-region=true -> candidate=LATE plan=2363 errors=2364/6
12:59:53 INFO  [Main] [Imix]: [ImixAI][ROLLBACK] no safe checkpoint yet; returned to x=0
12:59:53 INFO  [Main] [Imix]: [ImixAI][SEARCH] phase=LEARNED FAILURE -> SEARCHING ALTERNATIVE x=0.0 y=171.4 plan=2363 candidate=LATE failures=2364 budget=6 checkpoint=0.0
12:59:53 WARN  [Main] [Imix]: [ImixAI][FAIL] x=1.3 y=171.4 same-region=true -> candidate=CENTER plan=2364 errors=2365/6
12:59:53 INFO  [Main] [Imix]: [ImixAI][ROLLBACK] no safe checkpoint yet; returned to x=0
12:59:53 INFO  [Main] [Imix]: [ImixAI][SEARCH] phase=LEARNED FAILURE -> SEARCHING ALTERNATIVE x=0.0 y=171.4 plan=2364 candidate=CENTER failures=2365 budget=6 checkpoint=0.0
12:59:53 WARN  [Main] [Imix]: [ImixAI][FAIL] x=1.3 y=171.3 same-region=true -> candidate=EARLY plan=2365 errors=2366/6
12:59:53 INFO  [Main] [Imix]: [ImixAI][ROLLBACK] no safe checkpoint yet; returned to x=0
12:59:53 INFO  [Main] [Imix]: [ImixAI][SEARCH] phase=LEARNED FAILURE -> SEARCHING ALTERNATIVE x=0.0 y=171.3 plan=2365 candidate=EARLY failures=2366 budget=6 checkpoint=0.0
12:59:53 WARN  [Main] [Imix]: [ImixAI][FAIL] x=1.3 y=171.2 same-region=true -> candidate=LATE plan=2366 errors=2367/6
12:59:53 INFO  [Main] [Imix]: [ImixAI][ROLLBACK] no safe checkpoint yet; returned to x=0
12:59:53 INFO  [Main] [Imix]: [ImixAI][SEARCH] phase=LEARNED FAILURE -> SEARCHING ALTERNATIVE x=0.0 y=171.2 plan=2366 candidate=LATE failures=2367 budget=6 checkpoint=0.0
12:59:53 WARN  [Main] [Imix]: [ImixAI][FAIL] x=1.3 y=171.0 same-region=true -> candidate=CENTER plan=2367 errors=2368/6
12:59:53 INFO  [Main] [Imix]: [ImixAI][ROLLBACK] no safe checkpoint yet; returned to x=0
12:59:53 INFO  [Main] [Imix]: [ImixAI][SEARCH] phase=LEARNED FAILURE -> SEARCHING ALTERNATIVE x=0.0 y=171.0 plan=2367 candidate=CENTER failures=2368 budget=6 checkpoint=0.0
12:59:53 WARN  [Main] [Imix]: [ImixAI][FAIL] x=1.3 y=170.8 same-region=true -> candidate=EARLY plan=2368 errors=2369/6
12:59:53 INFO  [Main] [Imix]: [ImixAI][ROLLBACK] no safe checkpoint yet; returned to x=0
12:59:53 INFO  [Main] [Imix]: [ImixAI][SEARCH] phase=LEARNED FAILURE -> SEARCHING ALTERNATIVE x=0.0 y=170.8 plan=2368 candidate=EARLY failures=2369 budget=6 checkpoint=0.0
12:59:53 WARN  [Main] [Imix]: [ImixAI][FAIL] x=1.3 y=170.6 same-region=true -> candidate=LATE plan=2369 errors=2370/6
12:59:53 INFO  [Main] [Imix]: [ImixAI][ROLLBACK] no safe checkpoint yet; returned to x=0
12:59:53 INFO  [Main] [Imix]: [ImixAI][SEARCH] phase=LEARNED FAILURE -> SEARCHING ALTERNATIVE x=0.0 y=170.6 plan=2369 candidate=LATE failures=2370 budget=6 checkpoint=0.0
12:59:53 WARN  [Main] [Imix]: [ImixAI][FAIL] x=1.3 y=170.3 same-region=true -> candidate=CENTER plan=2370 errors=2371/6
12:59:53 INFO  [Main] [Imix]: [ImixAI][ROLLBACK] no safe checkpoint yet; returned to x=0
12:59:53 INFO  [Main] [Imix]: [ImixAI][SEARCH] phase=LEARNED FAILURE -> SEARCHING ALTERNATIVE x=0.0 y=170.3 plan=2370 candidate=CENTER failures=2371 budget=6 checkpoint=0.0
12:59:53 WARN  [Main] [Imix]: [ImixAI][FAIL] x=1.3 y=169.9 same-region=true -> candidate=EARLY plan=2371 errors=2372/6
12:59:53 INFO  [Main] [Imix]: [ImixAI][ROLLBACK] no safe checkpoint yet; returned to x=0
12:59:53 INFO  [Main] [Imix]: [ImixAI][SEARCH] phase=LEARNED FAILURE -> SEARCHING ALTERNATIVE x=0.0 y=169.9 plan=2371 candidate=EARLY failures=2372 budget=6 checkpoint=0.0
12:59:53 WARN  [Main] [Imix]: [ImixAI][FAIL] x=1.3 y=169.5 same-region=true -> candidate=LATE plan=2372 errors=2373/6
12:59:53 INFO  [Main] [Imix]: [ImixAI][ROLLBACK] no safe checkpoint yet; returned to x=0
12:59:53 INFO  [Main] [Imix]: [ImixAI][SEARCH] phase=LEARNED FAILURE -> SEARCHING ALTERNATIVE x=0.0 y=169.5 plan=2372 candidate=LATE failures=2373 budget=6 checkpoint=0.0
12:59:53 WARN  [Main] [Imix]: [ImixAI][FAIL] x=1.3 y=169.1 same-region=true -> candidate=CENTER plan=2373 errors=2374/6
12:59:53 INFO  [Main] [Imix]: [ImixAI][ROLLBACK] no safe checkpoint yet; returned to x=0
12:59:53 INFO  [Main] [Imix]: [ImixAI][SEARCH] phase=LEARNED FAILURE -> SEARCHING ALTERNATIVE x=0.0 y=169.1 plan=2373 candidate=CENTER failures=2374 budget=6 checkpoint=0.0
12:59:53 WARN  [Main] [Imix]: [ImixAI][FAIL] x=1.3 y=168.6 same-region=true -> candidate=EARLY plan=2374 errors=2375/6
12:59:53 INFO  [Main] [Imix]: [ImixAI][ROLLBACK] no safe checkpoint yet; returned to x=0
12:59:53 INFO  [Main] [Imix]: [ImixAI][SEARCH] phase=LEARNED FAILURE -> SEARCHING ALTERNATIVE x=0.0 y=168.6 plan=2374 candidate=EARLY failures=2375 budget=6 checkpoint=0.0
12:59:53 WARN  [Main] [Imix]: [ImixAI][FAIL] x=1.3 y=168.0 same-region=true -> candidate=LATE plan=2375 errors=2376/6
12:59:53 INFO  [Main] [Imix]: [ImixAI][ROLLBACK] no safe checkpoint yet; returned to x=0
12:59:53 INFO  [Main] [Imix]: [ImixAI][SEARCH] phase=LEARNED FAILURE -> SEARCHING ALTERNATIVE x=0.0 y=168.0 plan=2375 candidate=LATE failures=2376 budget=6 checkpoint=0.0
12:59:53 WARN  [Main] [Imix]: [ImixAI][FAIL] x=1.3 y=167.4 same-region=true -> candidate=CENTER plan=2376 errors=2377/6
12:59:53 INFO  [Main] [Imix]: [ImixAI][ROLLBACK] no safe checkpoint yet; returned to x=0
12:59:53 INFO  [Main] [Imix]: [ImixAI][SEARCH] phase=LEARNED FAILURE -> SEARCHING ALTERNATIVE x=0.0 y=167.4 plan=2376 candidate=CENTER failures=2377 budget=6 checkpoint=0.0
12:59:53 WARN  [Main] [Imix]: [ImixAI][FAIL] x=1.3 y=166.8 same-region=true -> candidate=EARLY plan=2377 errors=2378/6
12:59:53 INFO  [Main] [Imix]: [ImixAI][ROLLBACK] no safe checkpoint yet; returned to x=0
12:59:53 INFO  [Main] [Imix]: [ImixAI][SEARCH] phase=LEARNED FAILURE -> SEARCHING ALTERNATIVE x=0.0 y=166.8 plan=2377 candidate=EARLY failures=2378 budget=6 checkpoint=0.0
12:59:53 WARN  [Main] [Imix]: [ImixAI][FAIL] x=1.3 y=166.1 same-region=true -> candidate=LATE plan=2378 errors=2379/6
12:59:53 INFO  [Main] [Imix]: [ImixAI][ROLLBACK] no safe checkpoint yet; returned to x=0
12:59:53 INFO  [Main] [Imix]: [ImixAI][SEARCH] phase=LEARNED FAILURE -> SEARCHING ALTERNATIVE x=0.0 y=166.1 plan=2378 candidate=LATE failures=2379 budget=6 checkpoint=0.0
12:59:53 WARN  [Main] [Imix]: [ImixAI][FAIL] x=1.3 y=165.3 same-region=true -> candidate=CENTER plan=2379 errors=2380/6
12:59:53 INFO  [Main] [Imix]: [ImixAI][ROLLBACK] no safe checkpoint yet; returned to x=0
12:59:53 INFO  [Main] [Imix]: [ImixAI][SEARCH] phase=LEARNED FAILURE -> SEARCHING ALTERNATIVE x=0.0 y=165.3 plan=2379 candidate=CENTER failures=2380 budget=6 checkpoint=0.0
12:59:53 WARN  [Main] [Imix]: [ImixAI][FAIL] x=1.3 y=164.6 same-region=true -> candidate=EARLY plan=2380 errors=2381/6
12:59:53 INFO  [Main] [Imix]: [ImixAI][ROLLBACK] no safe checkpoint yet; returned to x=0
12:59:53 INFO  [Main] [Imix]: [ImixAI][SEARCH] phase=LEARNED FAILURE -> SEARCHING ALTERNATIVE x=0.0 y=164.6 plan=2380 candidate=EARLY failures=2381 budget=6 checkpoint=0.0
12:59:53 WARN  [Main] [Imix]: [ImixAI][FAIL] x=1.3 y=163.7 same-region=true -> candidate=LATE plan=2381 errors=2382/6
12:59:53 INFO  [Main] [Imix]: [ImixAI][ROLLBACK] no safe checkpoint yet; returned to x=0
12:59:53 INFO  [Main] [Imix]: [ImixAI][SEARCH] phase=LEARNED FAILURE -> SEARCHING ALTERNATIVE x=0.0 y=163.7 plan=2381 candidate=LATE failures=2382 budget=6 checkpoint=0.0
12:59:53 WARN  [Main] [Imix]: [ImixAI][FAIL] x=1.3 y=162.8 same-region=true -> candidate=CENTER plan=2382 errors=2383/6
12:59:53 INFO  [Main] [Imix]: [ImixAI][ROLLBACK] no safe checkpoint yet; returned to x=0
12:59:53 INFO  [Main] [Imix]: [ImixAI][SEARCH] phase=LEARNED FAILURE -> SEARCHING ALTERNATIVE x=0.0 y=162.8 plan=2382 candidate=CENTER failures=2383 budget=6 checkpoint=0.0
12:59:53 WARN  [Main] [Imix]: [ImixAI][FAIL] x=1.3 y=161.9 same-region=true -> candidate=EARLY plan=2383 errors=2384/6
12:59:53 INFO  [Main] [Imix]: [ImixAI][ROLLBACK] no safe checkpoint yet; returned to x=0
12:59:53 INFO  [Main] [Imix]: [ImixAI][SEARCH] phase=LEARNED FAILURE -> SEARCHING ALTERNATIVE x=0.0 y=161.9 plan=2383 candidate=EARLY failures=2384 budget=6 checkpoint=0.0
12:59:53 WARN  [Main] [Imix]: [ImixAI][FAIL] x=1.3 y=160.9 same-region=true -> candidate=LATE plan=2384 errors=2385/6
12:59:53 INFO  [Main] [Imix]: [ImixAI][ROLLBACK] no safe checkpoint yet; returned to x=0
12:59:53 INFO  [Main] [Imix]: [ImixAI][SEARCH] phase=LEARNED FAILURE -> SEARCHING ALTERNATIVE x=0.0 y=160.9 plan=2384 candidate=LATE failures=2385 budget=6 checkpoint=0.0
12:59:53 WARN  [Main] [Imix]: [ImixAI][FAIL] x=1.3 y=159.9 same-region=true -> candidate=CENTER plan=2385 errors=2386/6
12:59:53 INFO  [Main] [Imix]: [ImixAI][ROLLBACK] no safe checkpoint yet; returned to x=0
12:59:53 INFO  [Main] [Imix]: [ImixAI][SEARCH] phase=LEARNED FAILURE -> SEARCHING ALTERNATIVE x=0.0 y=159.9 plan=2385 candidate=CENTER failures=2386 budget=6 checkpoint=0.0
12:59:53 WARN  [Main] [Imix]: [ImixAI][FAIL] x=1.3 y=158.8 same-region=true -> candidate=EARLY plan=2386 errors=2387/6
12:59:53 INFO  [Main] [Imix]: [ImixAI][ROLLBACK] no safe checkpoint yet; returned to x=0
12:59:53 INFO  [Main] [Imix]: [ImixAI][SEARCH] phase=LEARNED FAILURE -> SEARCHING ALTERNATIVE x=0.0 y=158.8 plan=2386 candidate=EARLY failures=2387 budget=6 checkpoint=0.0
12:59:53 WARN  [Main] [Imix]: [ImixAI][FAIL] x=1.3 y=157.7 same-region=true -> candidate=LATE plan=2387 errors=2388/6
12:59:53 INFO  [Main] [Imix]: [ImixAI][ROLLBACK] no safe checkpoint yet; returned to x=0
12:59:53 INFO  [Main] [Imix]: [ImixAI][SEARCH] phase=LEARNED FAILURE -> SEARCHING ALTERNATIVE x=0.0 y=157.7 plan=2387 candidate=LATE failures=2388 budget=6 checkpoint=0.0
12:59:53 WARN  [Main] [Imix]: [ImixAI][FAIL] x=1.3 y=156.5 same-region=true -> candidate=CENTER plan=2388 errors=2389/6
12:59:53 INFO  [Main] [Imix]: [ImixAI][ROLLBACK] no safe checkpoint yet; returned to x=0
12:59:53 INFO  [Main] [Imix]: [ImixAI][SEARCH] phase=LEARNED FAILURE -> SEARCHING ALTERNATIVE x=0.0 y=156.5 plan=2388 candidate=CENTER failures=2389 budget=6 checkpoint=0.0
12:59:53 WARN  [Main] [Imix]: [ImixAI][FAIL] x=1.3 y=155.3 same-region=true -> candidate=EARLY plan=2389 errors=2390/6
12:59:53 INFO  [Main] [Imix]: [ImixAI][ROLLBACK] no safe checkpoint yet; returned to x=0
12:59:53 INFO  [Main] [Imix]: [ImixAI][SEARCH] phase=LEARNED FAILURE -> SEARCHING ALTERNATIVE x=0.0 y=155.3 plan=2389 candidate=EARLY failures=2390 budget=6 checkpoint=0.0
12:59:53 WARN  [Main] [Imix]: [ImixAI][FAIL] x=1.3 y=154.0 same-region=true -> candidate=LATE plan=2390 errors=2391/6
12:59:53 INFO  [Main] [Imix]: [ImixAI][ROLLBACK] no safe checkpoint yet; returned to x=0
12:59:53 INFO  [Main] [Imix]: [ImixAI][SEARCH] phase=LEARNED FAILURE -> SEARCHING ALTERNATIVE x=0.0 y=154.0 plan=2390 candidate=LATE failures=2391 budget=6 checkpoint=0.0
12:59:53 WARN  [Main] [Imix]: [ImixAI][FAIL] x=1.3 y=152.7 same-region=true -> candidate=CENTER plan=2391 errors=2392/6
12:59:53 INFO  [Main] [Imix]: [ImixAI][ROLLBACK] no safe checkpoint yet; returned to x=0
12:59:53 INFO  [Main] [Imix]: [ImixAI][SEARCH] phase=LEARNED FAILURE -> SEARCHING ALTERNATIVE x=0.0 y=152.7 plan=2391 candidate=CENTER failures=2392 budget=6 checkpoint=0.0
12:59:53 WARN  [Main] [Imix]: [ImixAI][FAIL] x=1.3 y=151.3 same-region=true -> candidate=EARLY plan=2392 errors=2393/6
12:59:53 INFO  [Main] [Imix]: [ImixAI][ROLLBACK] no safe checkpoint yet; returned to x=0
12:59:53 INFO  [Main] [Imix]: [ImixAI][SEARCH] phase=LEARNED FAILURE -> SEARCHING ALTERNATIVE x=0.0 y=151.3 plan=2392 candidate=EARLY failures=2393 budget=6 checkpoint=0.0
12:59:53 WARN  [Main] [Imix]: [ImixAI][FAIL] x=1.3 y=149.9 same-region=true -> candidate=LATE plan=2393 errors=2394/6
12:59:53 INFO  [Main] [Imix]: [ImixAI][ROLLBACK] no safe checkpoint yet; returned to x=0
12:59:53 INFO  [Main] [Imix]: [ImixAI][SEARCH] phase=LEARNED FAILURE -> SEARCHING ALTERNATIVE x=0.0 y=149.9 plan=2393 candidate=LATE failures=2394 budget=6 checkpoint=0.0
12:59:53 WARN  [Main] [Imix]: [ImixAI][FAIL] x=1.3 y=148.4 same-region=true -> candidate=CENTER plan=2394 errors=2395/6
12:59:53 INFO  [Main] [Imix]: [ImixAI][ROLLBACK] no safe checkpoint yet; returned to x=0
12:59:53 INFO  [Main] [Imix]: [ImixAI][SEARCH] phase=LEARNED FAILURE -> SEARCHING ALTERNATIVE x=0.0 y=148.4 plan=2394 candidate=CENTER failures=2395 budget=6 checkpoint=0.0
12:59:53 WARN  [Main] [Imix]: [ImixAI][FAIL] x=1.3 y=146.9 same-region=true -> candidate=EARLY plan=2395 errors=2396/6
12:59:53 INFO  [Main] [Imix]: [ImixAI][ROLLBACK] no safe checkpoint yet; returned to x=0
12:59:53 INFO  [Main] [Imix]: [ImixAI][SEARCH] phase=LEARNED FAILURE -> SEARCHING ALTERNATIVE x=0.0 y=146.9 plan=2395 candidate=EARLY failures=2396 budget=6 checkpoint=0.0
12:59:53 WARN  [Main] [Imix]: [ImixAI][FAIL] x=1.3 y=145.3 same-region=true -> candidate=LATE plan=2396 errors=2397/6
12:59:53 INFO  [Main] [Imix]: [ImixAI][ROLLBACK] no safe checkpoint yet; returned to x=0
12:59:53 INFO  [Main] [Imix]: [ImixAI][SEARCH] phase=LEARNED FAILURE -> SEARCHING ALTERNATIVE x=0.0 y=145.3 plan=2396 candidate=LATE failures=2397 budget=6 checkpoint=0.0
12:59:53 WARN  [Main] [Imix]: [ImixAI][FAIL] x=1.3 y=143.7 same-region=true -> candidate=CENTER plan=2397 errors=2398/6
12:59:53 INFO  [Main] [Imix]: [ImixAI][ROLLBACK] no safe checkpoint yet; returned to x=0
12:59:53 INFO  [Main] [Imix]: [ImixAI][SEARCH] phase=LEARNED FAILURE -> SEARCHING ALTERNATIVE x=0.0 y=143.7 plan=2397 candidate=CENTER failures=2398 budget=6 checkpoint=0.0
12:59:53 WARN  [Main] [Imix]: [ImixAI][FAIL] x=1.3 y=142.0 same-region=true -> candidate=EARLY plan=2398 errors=2399/6
12:59:53 INFO  [Main] [Imix]: [ImixAI][ROLLBACK] no safe checkpoint yet; returned to x=0
12:59:53 INFO  [Main] [Imix]: [ImixAI][SEARCH] phase=LEARNED FAILURE -> SEARCHING ALTERNATIVE x=0.0 y=142.0 plan=2398 candidate=EARLY failures=2399 budget=6 checkpoint=0.0
12:59:53 WARN  [Main] [Imix]: [ImixAI][FAIL] x=1.3 y=140.3 same-region=true -> candidate=LATE plan=2399 errors=2400/6
12:59:53 INFO  [Main] [Imix]: [ImixAI][ROLLBACK] no safe checkpoint yet; returned to x=0
12:59:53 INFO  [Main] [Imix]: [ImixAI][SEARCH] phase=LEARNED FAILURE -> SEARCHING ALTERNATIVE x=0.0 y=140.3 plan=2399 candidate=LATE failures=2400 budget=6 checkpoint=0.0
12:59:53 WARN  [Main] [Imix]: [ImixAI][FAIL] x=1.3 y=138.6 same-region=true -> candidate=CENTER plan=2400 errors=2401/6
12:59:53 INFO  [Main] [Imix]: [ImixAI][ROLLBACK] no safe checkpoint yet; returned to x=0
12:59:53 INFO  [Main] [Imix]: [ImixAI][SEARCH] phase=LEARNED FAILURE -> SEARCHING ALTERNATIVE x=0.0 y=138.6 plan=2400 candidate=CENTER failures=2401 budget=6 checkpoint=0.0
12:59:53 WARN  [Main] [Imix]: [ImixAI][FAIL] x=1.3 y=136.8 same-region=true -> candidate=EARLY plan=2401 errors=2402/6
12:59:53 INFO  [Main] [Imix]: [ImixAI][ROLLBACK] no safe checkpoint yet; returned to x=0
12:59:53 INFO  [Main] [Imix]: [ImixAI][SEARCH] phase=LEARNED FAILURE -> SEARCHING ALTERNATIVE x=0.0 y=136.8 plan=2401 candidate=EARLY failures=2402 budget=6 checkpoint=0.0
12:59:53 WARN  [Main] [Imix]: [ImixAI][FAIL] x=1.3 y=134.9 same-region=true -> candidate=LATE plan=2402 errors=2403/6
12:59:53 INFO  [Main] [Imix]: [ImixAI][ROLLBACK] no safe checkpoint yet; returned to x=0
12:59:53 INFO  [Main] [Imix]: [ImixAI][SEARCH] phase=LEARNED FAILURE -> SEARCHING ALTERNATIVE x=0.0 y=134.9 plan=2402 candidate=LATE failures=2403 budget=6 checkpoint=0.0
12:59:53 WARN  [Main] [Imix]: [ImixAI][FAIL] x=1.3 y=133.0 same-region=true -> candidate=CENTER plan=2403 errors=2404/6
12:59:53 INFO  [Main] [Imix]: [ImixAI][ROLLBACK] no safe checkpoint yet; returned to x=0
12:59:53 INFO  [Main] [Imix]: [ImixAI][SEARCH] phase=LEARNED FAILURE -> SEARCHING ALTERNATIVE x=0.0 y=133.0 plan=2403 candidate=CENTER failures=2404 budget=6 checkpoint=0.0
12:59:53 WARN  [Main] [Imix]: [ImixAI][FAIL] x=1.3 y=131.0 same-region=true -> candidate=EARLY plan=2404 errors=2405/6
12:59:53 INFO  [Main] [Imix]: [ImixAI][ROLLBACK] no safe checkpoint yet; returned to x=0
12:59:53 INFO  [Main] [Imix]: [ImixAI][SEARCH] phase=LEARNED FAILURE -> SEARCHING ALTERNATIVE x=0.0 y=131.0 plan=2404 candidate=EARLY failures=2405 budget=6 checkpoint=0.0
12:59:53 WARN  [Main] [Imix]: [ImixAI][FAIL] x=1.3 y=129.0 same-region=true -> candidate=LATE plan=2405 errors=2406/6
12:59:53 INFO  [Main] [Imix]: [ImixAI][ROLLBACK] no safe checkpoint yet; returned to x=0
12:59:53 INFO  [Main] [Imix]: [ImixAI][SEARCH] phase=LEARNED FAILURE -> SEARCHING ALTERNATIVE x=0.0 y=129.0 plan=2405 candidate=LATE failures=2406 budget=6 checkpoint=0.0
12:59:53 WARN  [Main] [Imix]: [ImixAI][FAIL] x=1.3 y=127.0 same-region=true -> candidate=CENTER plan=2406 errors=2407/6
12:59:53 INFO  [Main] [Imix]: [ImixAI][ROLLBACK] no safe checkpoint yet; returned to x=0
12:59:53 INFO  [Main] [Imix]: [ImixAI][SEARCH] phase=LEARNED FAILURE -> SEARCHING ALTERNATIVE x=0.0 y=127.0 plan=2406 candidate=CENTER failures=2407 budget=6 checkpoint=0.0
12:59:53 WARN  [Main] [Imix]: [ImixAI][FAIL] x=1.3 y=124.9 same-region=true -> candidate=EARLY plan=2407 errors=2408/6
12:59:53 INFO  [Main] [Imix]: [ImixAI][ROLLBACK] no safe checkpoint yet; returned to x=0
12:59:53 INFO  [Main] [Imix]: [ImixAI][SEARCH] phase=LEARNED FAILURE -> SEARCHING ALTERNATIVE x=0.0 y=124.9 plan=2407 candidate=EARLY failures=2408 budget=6 checkpoint=0.0
12:59:53 WARN  [Main] [Imix]: [ImixAI][FAIL] x=1.3 y=122.7 same-region=true -> candidate=LATE plan=2408 errors=2409/6
12:59:53 INFO  [Main] [Imix]: [ImixAI][ROLLBACK] no safe checkpoint yet; returned to x=0
12:59:53 INFO  [Main] [Imix]: [ImixAI][SEARCH] phase=LEARNED FAILURE -> SEARCHING ALTERNATIVE x=0.0 y=122.7 plan=2408 candidate=LATE failures=2409 budget=6 checkpoint=0.0
12:59:53 WARN  [Main] [Imix]: [ImixAI][FAIL] x=1.3 y=120.5 same-region=true -> candidate=CENTER plan=2409 errors=2410/6
12:59:53 INFO  [Main] [Imix]: [ImixAI][ROLLBACK] no safe checkpoint yet; returned to x=0
12:59:53 INFO  [Main] [Imix]: [ImixAI][SEARCH] phase=LEARNED FAILURE -> SEARCHING ALTERNATIVE x=0.0 y=120.5 plan=2409 candidate=CENTER failures=2410 budget=6 checkpoint=0.0
12:59:53 WARN  [Main] [Imix]: [ImixAI][FAIL] x=1.3 y=118.3 same-region=true -> candidate=EARLY plan=2410 errors=2411/6
12:59:53 INFO  [Main] [Imix]: [ImixAI][ROLLBACK] no safe checkpoint yet; returned to x=0
12:59:53 INFO  [Main] [Imix]: [ImixAI][SEARCH] phase=LEARNED FAILURE -> SEARCHING ALTERNATIVE x=0.0 y=118.3 plan=2410 candidate=EARLY failures=2411 budget=6 checkpoint=0.0
12:59:53 WARN  [Main] [Imix]: [ImixAI][FAIL] x=1.3 y=116.0 same-region=true -> candidate=LATE plan=2411 errors=2412/6
12:59:53 INFO  [Main] [Imix]: [ImixAI][ROLLBACK] no safe checkpoint yet; returned to x=0
12:59:53 INFO  [Main] [Imix]: [ImixAI][SEARCH] phase=LEARNED FAILURE -> SEARCHING ALTERNATIVE x=0.0 y=116.0 plan=2411 candidate=LATE failures=2412 budget=6 checkpoint=0.0
12:59:53 WARN  [Main] [Imix]: [ImixAI][FAIL] x=1.3 y=113.6 same-region=true -> candidate=CENTER plan=2412 errors=2413/6
12:59:53 INFO  [Main] [Imix]: [ImixAI][ROLLBACK] no safe checkpoint yet; returned to x=0
12:59:53 INFO  [Main] [Imix]: [ImixAI][SEARCH] phase=LEARNED FAILURE -> SEARCHING ALTERNATIVE x=0.0 y=113.6 plan=2412 candidate=CENTER failures=2413 budget=6 checkpoint=0.0
12:59:53 WARN  [Main] [Imix]: [ImixAI][FAIL] x=1.3 y=111.2 same-region=true -> candidate=EARLY plan=2413 errors=2414/6
12:59:53 INFO  [Main] [Imix]: [ImixAI][ROLLBACK] no safe checkpoint yet; returned to x=0
12:59:53 INFO  [Main] [Imix]: [ImixAI][SEARCH] phase=LEARNED FAILURE -> SEARCHING ALTERNATIVE x=0.0 y=111.2 plan=2413 candidate=EARLY failures=2414 budget=6 checkpoint=0.0
12:59:53 WARN  [Main] [Imix]: [ImixAI][FAIL] x=1.3 y=108.8 same-region=true -> candidate=LATE plan=2414 errors=2415/6
12:59:53 INFO  [Main] [Imix]: [ImixAI][ROLLBACK] no safe checkpoint yet; returned to x=0
12:59:53 INFO  [Main] [Imix]: [ImixAI][SEARCH] phase=LEARNED FAILURE -> SEARCHING ALTERNATIVE x=0.0 y=108.8 plan=2414 candidate=LATE failures=2415 budget=6 checkpoint=0.0
12:59:53 WARN  [Main] [Imix]: [ImixAI][FAIL] x=1.3 y=106.3 same-region=true -> candidate=CENTER plan=2415 errors=2416/6
12:59:53 INFO  [Main] [Imix]: [ImixAI][ROLLBACK] no safe checkpoint yet; returned to x=0
12:59:53 INFO  [Main] [Imix]: [ImixAI][SEARCH] phase=LEARNED FAILURE -> SEARCHING ALTERNATIVE x=0.0 y=106.3 plan=2415 candidate=CENTER failures=2416 budget=6 checkpoint=0.0
12:59:53 WARN  [Main] [Imix]: [ImixAI][FAIL] x=1.3 y=105.0 same-region=true -> candidate=EARLY plan=2416 errors=2417/6
12:59:53 INFO  [Main] [Imix]: [ImixAI][ROLLBACK] no safe checkpoint yet; returned to x=0
12:59:53 INFO  [Main] [Imix]: [ImixAI][SEARCH] phase=LEARNED FAILURE -> SEARCHING ALTERNATIVE x=0.0 y=105.0 plan=2416 candidate=EARLY failures=2417 budget=6 checkpoint=0.0
12:59:53 WARN  [Main] [Imix]: [ImixAI][FAIL] x=1.3 y=105.0 same-region=true -> candidate=LATE plan=2417 errors=2418/6
12:59:53 INFO  [Main] [Imix]: [ImixAI][ROLLBACK] no safe checkpoint yet; returned to x=0
12:59:53 INFO  [Main] [Imix]: [ImixAI][SEARCH] phase=LEARNED FAILURE -> SEARCHING ALTERNATIVE x=0.0 y=105.0 plan=2417 candidate=LATE failures=2418 budget=6 checkpoint=0.0
12:59:53 WARN  [Main] [Imix]: [ImixAI][FAIL] x=1.3 y=105.0 same-region=true -> candidate=CENTER plan=2418 errors=2419/6
12:59:53 INFO  [Main] [Imix]: [ImixAI][ROLLBACK] no safe checkpoint yet; returned to x=0
12:59:53 INFO  [Main] [Imix]: [ImixAI][SEARCH] phase=LEARNED FAILURE -> SEARCHING ALTERNATIVE x=0.0 y=105.0 plan=2418 candidate=CENTER failures=2419 budget=6 checkpoint=0.0
12:59:53 WARN  [Main] [Imix]: [ImixAI][FAIL] x=1.3 y=105.0 same-region=true -> candidate=EARLY plan=2419 errors=2420/6
12:59:53 INFO  [Main] [Imix]: [ImixAI][ROLLBACK] no safe checkpoint yet; returned to x=0
12:59:53 INFO  [Main] [Imix]: [ImixAI][SEARCH] phase=LEARNED FAILURE -> SEARCHING ALTERNATIVE x=0.0 y=105.0 plan=2419 candidate=EARLY failures=2420 budget=6 checkpoint=0.0
12:59:53 WARN  [Main] [Imix]: [ImixAI][FAIL] x=1.3 y=105.0 same-region=true -> candidate=LATE plan=2420 errors=2421/6
12:59:53 INFO  [Main] [Imix]: [ImixAI][ROLLBACK] no safe checkpoint yet; returned to x=0
12:59:53 INFO  [Main] [Imix]: [ImixAI][SEARCH] phase=LEARNED FAILURE -> SEARCHING ALTERNATIVE x=0.0 y=105.0 plan=2420 candidate=LATE failures=2421 budget=6 checkpoint=0.0
12:59:53 WARN  [Main] [Imix]: [ImixAI][FAIL] x=1.3 y=105.0 same-region=true -> candidate=CENTER plan=2421 errors=2422/6
12:59:53 INFO  [Main] [Imix]: [ImixAI][ROLLBACK] no safe checkpoint yet; returned to x=0
12:59:53 INFO  [Main] [Imix]: [ImixAI][SEARCH] phase=LEARNED FAILURE -> SEARCHING ALTERNATIVE x=0.0 y=105.0 plan=2421 candidate=CENTER failures=2422 budget=6 checkpoint=0.0
12:59:53 WARN  [Main] [Imix]: [ImixAI][FAIL] x=1.3 y=105.0 same-region=true -> candidate=EARLY plan=2422 errors=2423/6
12:59:53 INFO  [Main] [Imix]: [ImixAI][ROLLBACK] no safe checkpoint yet; returned to x=0
12:59:53 INFO  [Main] [Imix]: [ImixAI][SEARCH] phase=LEARNED FAILURE -> SEARCHING ALTERNATIVE x=0.0 y=105.0 plan=2422 candidate=EARLY failures=2423 budget=6 checkpoint=0.0
12:59:53 WARN  [Main] [Imix]: [ImixAI][FAIL] x=1.3 y=105.0 same-region=true -> candidate=LATE plan=2423 errors=2424/6
12:59:53 INFO  [Main] [Imix]: [ImixAI][ROLLBACK] no safe checkpoint yet; returned to x=0
12:59:53 INFO  [Main] [Imix]: [ImixAI][SEARCH] phase=LEARNED FAILURE -> SEARCHING ALTERNATIVE x=0.0 y=105.0 plan=2423 candidate=LATE failures=2424 budget=6 checkpoint=0.0
12:59:53 WARN  [Main] [Imix]: [ImixAI][FAIL] x=1.3 y=105.0 same-region=true -> candidate=CENTER plan=2424 errors=2425/6
12:59:53 INFO  [Main] [Imix]: [ImixAI][ROLLBACK] no safe checkpoint yet; returned to x=0
12:59:53 INFO  [Main] [Imix]: [ImixAI][SEARCH] phase=LEARNED FAILURE -> SEARCHING ALTERNATIVE x=0.0 y=105.0 plan=2424 candidate=CENTER failures=2425 budget=6 checkpoint=0.0
12:59:53 WARN  [Main] [Imix]: [ImixAI][FAIL] x=1.3 y=105.0 same-region=true -> candidate=EARLY plan=2425 errors=2426/6
12:59:53 INFO  [Main] [Imix]: [ImixAI][ROLLBACK] no safe checkpoint yet; returned to x=0
12:59:53 INFO  [Main] [Imix]: [ImixAI][SEARCH] phase=LEARNED FAILURE -> SEARCHING ALTERNATIVE x=0.0 y=105.0 plan=2425 candidate=EARLY failures=2426 budget=6 checkpoint=0.0
12:59:53 WARN  [Main] [Imix]: [ImixAI][FAIL] x=1.3 y=105.0 same-region=true -> candidate=LATE plan=2426 errors=2427/6
12:59:53 INFO  [Main] [Imix]: [ImixAI][ROLLBACK] no safe checkpoint yet; returned to x=0
12:59:53 INFO  [Main] [Imix]: [ImixAI][SEARCH] phase=LEARNED FAILURE -> SEARCHING ALTERNATIVE x=0.0 y=105.0 plan=2426 candidate=LATE failures=2427 budget=6 checkpoint=0.0
12:59:53 WARN  [Main] [Imix]: [ImixAI][FAIL] x=1.3 y=105.0 same-region=true -> candidate=CENTER plan=2427 errors=2428/6
12:59:53 INFO  [Main] [Imix]: [ImixAI][ROLLBACK] no safe checkpoint yet; returned to x=0
12:59:53 INFO  [Main] [Imix]: [ImixAI][SEARCH] phase=LEARNED FAILURE -> SEARCHING ALTERNATIVE x=0.0 y=105.0 plan=2427 candidate=CENTER failures=2428 budget=6 checkpoint=0.0
12:59:53 WARN  [Main] [Imix]: [ImixAI][FAIL] x=1.3 y=105.0 same-region=true -> candidate=EARLY plan=2428 errors=2429/6
12:59:53 INFO  [Main] [Imix]: [ImixAI][ROLLBACK] no safe checkpoint yet; returned to x=0
12:59:53 INFO  [Main] [Imix]: [ImixAI][SEARCH] phase=LEARNED FAILURE -> SEARCHING ALTERNATIVE x=0.0 y=105.0 plan=2428 candidate=EARLY failures=2429 budget=6 checkpoint=0.0
12:59:53 WARN  [Main] [Imix]: [ImixAI][FAIL] x=1.3 y=105.0 same-region=true -> candidate=LATE plan=2429 errors=2430/6
12:59:53 INFO  [Main] [Imix]: [ImixAI][ROLLBACK] no safe checkpoint yet; returned to x=0
12:59:53 INFO  [Main] [Imix]: [ImixAI][SEARCH] phase=LEARNED FAILURE -> SEARCHING ALTERNATIVE x=0.0 y=105.0 plan=2429 candidate=LATE failures=2430 budget=6 checkpoint=0.0
12:59:53 WARN  [Main] [Imix]: [ImixAI][FAIL] x=1.3 y=105.0 same-region=true -> candidate=CENTER plan=2430 errors=2431/6
12:59:53 INFO  [Main] [Imix]: [ImixAI][ROLLBACK] no safe checkpoint yet; returned to x=0
12:59:53 INFO  [Main] [Imix]: [ImixAI][SEARCH] phase=LEARNED FAILURE -> SEARCHING ALTERNATIVE x=0.0 y=105.0 plan=2430 candidate=CENTER failures=2431 budget=6 checkpoint=0.0
12:59:53 WARN  [Main] [Imix]: [ImixAI][FAIL] x=1.3 y=105.0 same-region=true -> candidate=EARLY plan=2431 errors=2432/6
12:59:53 INFO  [Main] [Imix]: [ImixAI][ROLLBACK] no safe checkpoint yet; returned to x=0
12:59:53 INFO  [Main] [Imix]: [ImixAI][SEARCH] phase=LEARNED FAILURE -> SEARCHING ALTERNATIVE x=0.0 y=105.0 plan=2431 candidate=EARLY failures=2432 budget=6 checkpoint=0.0
12:59:53 WARN  [Main] [Imix]: [ImixAI][FAIL] x=1.3 y=105.0 same-region=true -> candidate=LATE plan=2432 errors=2433/6
12:59:53 INFO  [Main] [Imix]: [ImixAI][ROLLBACK] no safe checkpoint yet; returned to x=0
12:59:53 INFO  [Main] [Imix]: [ImixAI][SEARCH] phase=LEARNED FAILURE -> SEARCHING ALTERNATIVE x=0.0 y=105.0 plan=2432 candidate=LATE failures=2433 budget=6 checkpoint=0.0
12:59:53 WARN  [Main] [Imix]: [ImixAI][FAIL] x=1.3 y=105.0 same-region=true -> candidate=CENTER plan=2433 errors=2434/6
12:59:53 INFO  [Main] [Imix]: [ImixAI][ROLLBACK] no safe checkpoint yet; returned to x=0
12:59:53 INFO  [Main] [Imix]: [ImixAI][SEARCH] phase=LEARNED FAILURE -> SEARCHING ALTERNATIVE x=0.0 y=105.0 plan=2433 candidate=CENTER failures=2434 budget=6 checkpoint=0.0
12:59:53 WARN  [Main] [Imix]: [ImixAI][FAIL] x=1.3 y=105.0 same-region=true -> candidate=EARLY plan=2434 errors=2435/6
12:59:53 INFO  [Main] [Imix]: [ImixAI][ROLLBACK] no safe checkpoint yet; returned to x=0
12:59:53 INFO  [Main] [Imix]: [ImixAI][SEARCH] phase=LEARNED FAILURE -> SEARCHING ALTERNATIVE x=0.0 y=105.0 plan=2434 candidate=EARLY failures=2435 budget=6 checkpoint=0.0
12:59:53 WARN  [Main] [Imix]: [ImixAI][FAIL] x=1.3 y=105.0 same-region=true -> candidate=LATE plan=2435 errors=2436/6
12:59:53 INFO  [Main] [Imix]: [ImixAI][ROLLBACK] no safe checkpoint yet; returned to x=0
12:59:53 INFO  [Main] [Imix]: [ImixAI][SEARCH] phase=LEARNED FAILURE -> SEARCHING ALTERNATIVE x=0.0 y=105.0 plan=2435 candidate=LATE failures=2436 budget=6 checkpoint=0.0
12:59:53 WARN  [Main] [Imix]: [ImixAI][FAIL] x=1.3 y=105.0 same-region=true -> candidate=CENTER plan=2436 errors=2437/6
12:59:53 INFO  [Main] [Imix]: [ImixAI][ROLLBACK] no safe checkpoint yet; returned to x=0
12:59:53 INFO  [Main] [Imix]: [ImixAI][SEARCH] phase=LEARNED FAILURE -> SEARCHING ALTERNATIVE x=0.0 y=105.0 plan=2436 candidate=CENTER failures=2437 budget=6 checkpoint=0.0
12:59:53 WARN  [Main] [Imix]: [ImixAI][FAIL] x=1.3 y=105.0 same-region=true -> candidate=EARLY plan=2437 errors=2438/6
12:59:53 INFO  [Main] [Imix]: [ImixAI][ROLLBACK] no safe checkpoint yet; returned to x=0
12:59:53 INFO  [Main] [Imix]: [ImixAI][SEARCH] phase=LEARNED FAILURE -> SEARCHING ALTERNATIVE x=0.0 y=105.0 plan=2437 candidate=EARLY failures=2438 budget=6 checkpoint=0.0
12:59:53 WARN  [Main] [Imix]: [ImixAI][FAIL] x=1.3 y=105.0 same-region=true -> candidate=LATE plan=2438 errors=2439/6
12:59:53 INFO  [Main] [Imix]: [ImixAI][ROLLBACK] no safe checkpoint yet; returned to x=0
12:59:53 INFO  [Main] [Imix]: [ImixAI][SEARCH] phase=LEARNED FAILURE -> SEARCHING ALTERNATIVE x=0.0 y=105.0 plan=2438 candidate=LATE failures=2439 budget=6 checkpoint=0.0
12:59:53 WARN  [Main] [Imix]: [ImixAI][FAIL] x=1.3 y=105.0 same-region=true -> candidate=CENTER plan=2439 errors=2440/6
12:59:53 INFO  [Main] [Imix]: [ImixAI][ROLLBACK] no safe checkpoint yet; returned to x=0
12:59:53 INFO  [Main] [Imix]: [ImixAI][SEARCH] phase=LEARNED FAILURE -> SEARCHING ALTERNATIVE x=0.0 y=105.0 plan=2439 candidate=CENTER failures=2440 budget=6 checkpoint=0.0
12:59:53 WARN  [Main] [Imix]: [ImixAI][FAIL] x=1.3 y=105.0 same-region=true -> candidate=EARLY plan=2440 errors=2441/6
12:59:53 INFO  [Main] [Imix]: [ImixAI][ROLLBACK] no safe checkpoint yet; returned to x=0
12:59:53 INFO  [Main] [Imix]: [ImixAI][SEARCH] phase=LEARNED FAILURE -> SEARCHING ALTERNATIVE x=0.0 y=105.0 plan=2440 candidate=EARLY failures=2441 budget=6 checkpoint=0.0
12:59:53 WARN  [Main] [Imix]: [ImixAI][FAIL] x=1.3 y=105.0 same-region=true -> candidate=LATE plan=2441 errors=2442/6
12:59:53 INFO  [Main] [Imix]: [ImixAI][ROLLBACK] no safe checkpoint yet; returned to x=0
12:59:53 INFO  [Main] [Imix]: [ImixAI][SEARCH] phase=LEARNED FAILURE -> SEARCHING ALTERNATIVE x=0.0 y=105.0 plan=2441 candidate=LATE failures=2442 budget=6 checkpoint=0.0
12:59:53 WARN  [Main] [Imix]: [ImixAI][FAIL] x=1.3 y=105.0 same-region=true -> candidate=CENTER plan=2442 errors=2443/6
12:59:53 INFO  [Main] [Imix]: [ImixAI][ROLLBACK] no safe checkpoint yet; returned to x=0
12:59:53 INFO  [Main] [Imix]: [ImixAI][SEARCH] phase=LEARNED FAILURE -> SEARCHING ALTERNATIVE x=0.0 y=105.0 plan=2442 candidate=CENTER failures=2443 budget=6 checkpoint=0.0
12:59:53 WARN  [Main] [Imix]: [ImixAI][FAIL] x=1.3 y=105.0 same-region=true -> candidate=EARLY plan=2443 errors=2444/6
12:59:53 INFO  [Main] [Imix]: [ImixAI][ROLLBACK] no safe checkpoint yet; returned to x=0
12:59:53 INFO  [Main] [Imix]: [ImixAI][SEARCH] phase=LEARNED FAILURE -> SEARCHING ALTERNATIVE x=0.0 y=105.0 plan=2443 candidate=EARLY failures=2444 budget=6 checkpoint=0.0
12:59:53 WARN  [Main] [Imix]: [ImixAI][FAIL] x=1.3 y=105.0 same-region=true -> candidate=LATE plan=2444 errors=2445/6
12:59:53 INFO  [Main] [Imix]: [ImixAI][ROLLBACK] no safe checkpoint yet; returned to x=0
12:59:53 INFO  [Main] [Imix]: [ImixAI][SEARCH] phase=LEARNED FAILURE -> SEARCHING ALTERNATIVE x=0.0 y=105.0 plan=2444 candidate=LATE failures=2445 budget=6 checkpoint=0.0
12:59:53 WARN  [Main] [Imix]: [ImixAI][FAIL] x=1.3 y=105.0 same-region=true -> candidate=CENTER plan=2445 errors=2446/6
12:59:53 INFO  [Main] [Imix]: [ImixAI][ROLLBACK] no safe checkpoint yet; returned to x=0
12:59:53 INFO  [Main] [Imix]: [ImixAI][SEARCH] phase=LEARNED FAILURE -> SEARCHING ALTERNATIVE x=0.0 y=105.0 plan=2445 candidate=CENTER failures=2446 budget=6 checkpoint=0.0
12:59:53 WARN  [Main] [Imix]: [ImixAI][FAIL] x=1.3 y=105.0 same-region=true -> candidate=EARLY plan=2446 errors=2447/6
12:59:53 INFO  [Main] [Imix]: [ImixAI][ROLLBACK] no safe checkpoint yet; returned to x=0
12:59:53 INFO  [Main] [Imix]: [ImixAI][SEARCH] phase=LEARNED FAILURE -> SEARCHING ALTERNATIVE x=0.0 y=105.0 plan=2446 candidate=EARLY failures=2447 budget=6 checkpoint=0.0
12:59:53 WARN  [Main] [Imix]: [ImixAI][FAIL] x=1.3 y=105.0 same-region=true -> candidate=LATE plan=2447 errors=2448/6
12:59:53 INFO  [Main] [Imix]: [ImixAI][ROLLBACK] no safe checkpoint yet; returned to x=0
12:59:53 INFO  [Main] [Imix]: [ImixAI][SEARCH] phase=LEARNED FAILURE -> SEARCHING ALTERNATIVE x=0.0 y=105.0 plan=2447 candidate=LATE failures=2448 budget=6 checkpoint=0.0
12:59:53 WARN  [Main] [Imix]: [ImixAI][FAIL] x=1.3 y=105.0 same-region=true -> candidate=CENTER plan=2448 errors=2449/6
12:59:53 INFO  [Main] [Imix]: [ImixAI][ROLLBACK] no safe checkpoint yet; returned to x=0
12:59:53 INFO  [Main] [Imix]: [ImixAI][SEARCH] phase=LEARNED FAILURE -> SEARCHING ALTERNATIVE x=0.0 y=105.0 plan=2448 candidate=CENTER failures=2449 budget=6 checkpoint=0.0
12:59:53 WARN  [Main] [Imix]: [ImixAI][FAIL] x=1.3 y=105.0 same-region=true -> candidate=EARLY plan=2449 errors=2450/6
12:59:53 INFO  [Main] [Imix]: [ImixAI][ROLLBACK] no safe checkpoint yet; returned to x=0
12:59:53 INFO  [Main] [Imix]: [ImixAI][SEARCH] phase=LEARNED FAILURE -> SEARCHING ALTERNATIVE x=0.0 y=105.0 plan=2449 candidate=EARLY failures=2450 budget=6 checkpoint=0.0
12:59:53 WARN  [Main] [Imix]: [ImixAI][FAIL] x=1.3 y=105.0 same-region=true -> candidate=LATE plan=2450 errors=2451/6
12:59:53 INFO  [Main] [Imix]: [ImixAI][ROLLBACK] no safe checkpoint yet; returned to x=0
12:59:53 INFO  [Main] [Imix]: [ImixAI][SEARCH] phase=LEARNED FAILURE -> SEARCHING ALTERNATIVE x=0.0 y=105.0 plan=2450 candidate=LATE failures=2451 budget=6 checkpoint=0.0
12:59:53 WARN  [Main] [Imix]: [ImixAI][FAIL] x=1.3 y=105.0 same-region=true -> candidate=CENTER plan=2451 errors=2452/6
12:59:53 INFO  [Main] [Imix]: [ImixAI][ROLLBACK] no safe checkpoint yet; returned to x=0
12:59:53 INFO  [Main] [Imix]: [ImixAI][SEARCH] phase=LEARNED FAILURE -> SEARCHING ALTERNATIVE x=0.0 y=105.0 plan=2451 candidate=CENTER failures=2452 budget=6 checkpoint=0.0
12:59:53 WARN  [Main] [Imix]: [ImixAI][FAIL] x=1.3 y=105.0 same-region=true -> candidate=EARLY plan=2452 errors=2453/6
12:59:53 INFO  [Main] [Imix]: [ImixAI][ROLLBACK] no safe checkpoint yet; returned to x=0
12:59:53 INFO  [Main] [Imix]: [ImixAI][SEARCH] phase=LEARNED FAILURE -> SEARCHING ALTERNATIVE x=0.0 y=105.0 plan=2452 candidate=EARLY failures=2453 budget=6 checkpoint=0.0
12:59:53 WARN  [Main] [Imix]: [ImixAI][FAIL] x=1.3 y=105.0 same-region=true -> candidate=LATE plan=2453 errors=2454/6
12:59:53 INFO  [Main] [Imix]: [ImixAI][ROLLBACK] no safe checkpoint yet; returned to x=0
12:59:53 INFO  [Main] [Imix]: [ImixAI][SEARCH] phase=LEARNED FAILURE -> SEARCHING ALTERNATIVE x=0.0 y=105.0 plan=2453 candidate=LATE failures=2454 budget=6 checkpoint=0.0
12:59:53 WARN  [Main] [Imix]: [ImixAI][FAIL] x=1.3 y=105.0 same-region=true -> candidate=CENTER plan=2454 errors=2455/6
12:59:53 INFO  [Main] [Imix]: [ImixAI][ROLLBACK] no safe checkpoint yet; returned to x=0
12:59:53 INFO  [Main] [Imix]: [ImixAI][SEARCH] phase=LEARNED FAILURE -> SEARCHING ALTERNATIVE x=0.0 y=105.0 plan=2454 candidate=CENTER failures=2455 budget=6 checkpoint=0.0
12:59:53 WARN  [Main] [Imix]: [ImixAI][FAIL] x=1.3 y=105.0 same-region=true -> candidate=EARLY plan=2455 errors=2456/6
12:59:53 INFO  [Main] [Imix]: [ImixAI][ROLLBACK] no safe checkpoint yet; returned to x=0
12:59:53 INFO  [Main] [Imix]: [ImixAI][SEARCH] phase=LEARNED FAILURE -> SEARCHING ALTERNATIVE x=0.0 y=105.0 plan=2455 candidate=EARLY failures=2456 budget=6 checkpoint=0.0
12:59:53 WARN  [Main] [Imix]: [ImixAI][FAIL] x=1.3 y=105.0 same-region=true -> candidate=LATE plan=2456 errors=2457/6
12:59:53 INFO  [Main] [Imix]: [ImixAI][ROLLBACK] no safe checkpoint yet; returned to x=0
12:59:53 INFO  [Main] [Imix]: [ImixAI][SEARCH] phase=LEARNED FAILURE -> SEARCHING ALTERNATIVE x=0.0 y=105.0 plan=2456 candidate=LATE failures=2457 budget=6 checkpoint=0.0
12:59:53 WARN  [Main] [Imix]: [ImixAI][FAIL] x=1.3 y=105.0 same-region=true -> candidate=CENTER plan=2457 errors=2458/6
12:59:53 INFO  [Main] [Imix]: [ImixAI][ROLLBACK] no safe checkpoint yet; returned to x=0
12:59:53 INFO  [Main] [Imix]: [ImixAI][SEARCH] phase=LEARNED FAILURE -> SEARCHING ALTERNATIVE x=0.0 y=105.0 plan=2457 candidate=CENTER failures=2458 budget=6 checkpoint=0.0
12:59:53 WARN  [Main] [Imix]: [ImixAI][FAIL] x=1.3 y=105.0 same-region=true -> candidate=EARLY plan=2458 errors=2459/6
12:59:53 INFO  [Main] [Imix]: [ImixAI][ROLLBACK] no safe checkpoint yet; returned to x=0
12:59:53 INFO  [Main] [Imix]: [ImixAI][SEARCH] phase=LEARNED FAILURE -> SEARCHING ALTERNATIVE x=0.0 y=105.0 plan=2458 candidate=EARLY failures=2459 budget=6 checkpoint=0.0
12:59:53 WARN  [Main] [Imix]: [ImixAI][FAIL] x=1.3 y=105.0 same-region=true -> candidate=LATE plan=2459 errors=2460/6
12:59:53 INFO  [Main] [Imix]: [ImixAI][ROLLBACK] no safe checkpoint yet; returned to x=0
12:59:53 INFO  [Main] [Imix]: [ImixAI][SEARCH] phase=LEARNED FAILURE -> SEARCHING ALTERNATIVE x=0.0 y=105.0 plan=2459 candidate=LATE failures=2460 budget=6 checkpoint=0.0
12:59:53 WARN  [Main] [Imix]: [ImixAI][FAIL] x=1.3 y=105.0 same-region=true -> candidate=CENTER plan=2460 errors=2461/6
12:59:53 INFO  [Main] [Imix]: [ImixAI][ROLLBACK] no safe checkpoint yet; returned to x=0
12:59:53 INFO  [Main] [Imix]: [ImixAI][SEARCH] phase=LEARNED FAILURE -> SEARCHING ALTERNATIVE x=0.0 y=105.0 plan=2460 candidate=CENTER failures=2461 budget=6 checkpoint=0.0
12:59:53 WARN  [Main] [Imix]: [ImixAI][FAIL] x=1.3 y=105.0 same-region=true -> candidate=EARLY plan=2461 errors=2462/6
12:59:53 INFO  [Main] [Imix]: [ImixAI][ROLLBACK] no safe checkpoint yet; returned to x=0
12:59:53 INFO  [Main] [Imix]: [ImixAI][SEARCH] phase=LEARNED FAILURE -> SEARCHING ALTERNATIVE x=0.0 y=105.0 plan=2461 candidate=EARLY failures=2462 budget=6 checkpoint=0.0
12:59:53 WARN  [Main] [Imix]: [ImixAI][FAIL] x=1.3 y=105.0 same-region=true -> candidate=LATE plan=2462 errors=2463/6
12:59:53 INFO  [Main] [Imix]: [ImixAI][ROLLBACK] no safe checkpoint yet; returned to x=0
12:59:53 INFO  [Main] [Imix]: [ImixAI][SEARCH] phase=LEARNED FAILURE -> SEARCHING ALTERNATIVE x=0.0 y=105.0 plan=2462 candidate=LATE failures=2463 budget=6 checkpoint=0.0
12:59:53 WARN  [Main] [Imix]: [ImixAI][FAIL] x=1.3 y=105.0 same-region=true -> candidate=CENTER plan=2463 errors=2464/6
12:59:53 INFO  [Main] [Imix]: [ImixAI][ROLLBACK] no safe checkpoint yet; returned to x=0
12:59:53 INFO  [Main] [Imix]: [ImixAI][SEARCH] phase=LEARNED FAILURE -> SEARCHING ALTERNATIVE x=0.0 y=105.0 plan=2463 candidate=CENTER failures=2464 budget=6 checkpoint=0.0
12:59:53 WARN  [Main] [Imix]: [ImixAI][FAIL] x=1.3 y=105.0 same-region=true -> candidate=EARLY plan=2464 errors=2465/6
12:59:53 INFO  [Main] [Imix]: [ImixAI][ROLLBACK] no safe checkpoint yet; returned to x=0
12:59:53 INFO  [Main] [Imix]: [ImixAI][SEARCH] phase=LEARNED FAILURE -> SEARCHING ALTERNATIVE x=0.0 y=105.0 plan=2464 candidate=EARLY failures=2465 budget=6 checkpoint=0.0
12:59:53 WARN  [Main] [Imix]: [ImixAI][FAIL] x=1.3 y=105.0 same-region=true -> candidate=LATE plan=2465 errors=2466/6
12:59:53 INFO  [Main] [Imix]: [ImixAI][ROLLBACK] no safe checkpoint yet; returned to x=0
12:59:53 INFO  [Main] [Imix]: [ImixAI][SEARCH] phase=LEARNED FAILURE -> SEARCHING ALTERNATIVE x=0.0 y=105.0 plan=2465 candidate=LATE failures=2466 budget=6 checkpoint=0.0
12:59:53 WARN  [Main] [Imix]: [ImixAI][FAIL] x=1.3 y=105.0 same-region=true -> candidate=CENTER plan=2466 errors=2467/6
12:59:53 INFO  [Main] [Imix]: [ImixAI][ROLLBACK] no safe checkpoint yet; returned to x=0
12:59:53 INFO  [Main] [Imix]: [ImixAI][SEARCH] phase=LEARNED FAILURE -> SEARCHING ALTERNATIVE x=0.0 y=105.0 plan=2466 candidate=CENTER failures=2467 budget=6 checkpoint=0.0
12:59:58 INFO  [Main] [Imix]: [ImixAI][RESET] persistent error memory and planner state cleared
13:00:04 INFO  [Main] [Geode]: Saving mod data...
13:00:04 DEBUG [Main] [Geode]:   imix
13:00:04 DEBUG [Main] [Geode]:     Saving values for mod imix
13:00:04 DEBUG [Main] [Geode]:   geode.loader
13:00:04 INFO  [Main] [Geode]:   Took 0.046s
13:00:04 INFO  [Main] [Geode]: Shutting down logger and async runtime..
13:00:04 DEBUG [Main] [Geode]: Shutdown complete.
